text,category
"Democratic politics have fundamentally changed globally, says Rahul Gandhi - The Economic Times <a href=""https://news.google.com/rss/articles/CBMi5wFBVV95cUxNU25DcmZJNUpJcEwza0ltblJUMEhHRUFfTnNveUkxaHAtMkFXNUpETEFTQXgyOTdWLVQyenIxdktLTldxcFFUZl93LUYwa0ZIVVJoOGZHS2xPUDF3Q2NHaFdFNDdWaWpTSWREMFpBSUVJdTJhWlNMMXJON2IwbUVtNy1lTi11RGU5ekNEYmNGc0JDT0hMdk83UGQzaVRrbTd0SUEyZ2R6bkViMEtMcDhFRllIZm1YYVpoclNiZElFMVlVd1RCR1QxOGoyQTA1SkMzTGFnVlFqdXc1eXFieUN0TTRnMTk2SnfSAewBQVVfeXFMTk8yM3pYMDF2R1pIdTkwTDgweVpSZGJ0VUE0X2tMZ3BrNmtzN1NpWWdZOUdCQVhENHd0eGlOaVBnOUpwbnhvRWlaNUNJQXNEMjU2SDdRWU04UWVQODQyQ080ak5la2p1NGRfYkVzZ3BQZmdLTldFa2czYXBHOGFJWXB3dkFjYjc1YXk2d1pXcmhvX3ZuNkJPS3RIOHhmcmJ6WHRQTGdLbFRhUElIaHpOMnJSWFhmNkNhZkhNVmVPZ1ZyRk1OaFhBeXBhX1dDbktLMXQtaGFZeEpVZExMelBMV2JWX0EtWnU1X1MxN0I?oc=5"" target=""_blank"">Democratic politics have fundamentally changed globally, says Rahul Gandhi</a>&nbsp;&nbsp;<font color=""#6f6f6f"">The Economic Times</font>",Politics
"‘Don’t believe in cheap politics’: Omar Abdullah says won’t push for statehood amid Pahalgam tragedy - The Indian Express <a href=""https://news.google.com/rss/articles/CBMiswFBVV95cUxNSjROX2lIV3RvZXYxc3NVczEyU05odWs4T212dEJ6dUY5RkdiTkxYbDBBWExMWWx1aklzTWhfdVAtVHR5ZW1xY2VDTTR2Wkh2QTlzTXpnZTNwMjRmNkJxX1hhN2JLWFBZQmdBa09rXzI4R3NXTl9tRHpoa01ubWVsNW93czBFVFJ6aWdhQkR6YWk2Mkl3Y0VWemdsYVNtN3ZsY3o0TDR5aEJEVjdDa2xmNzVEONIBugFBVV95cUxNdjRoT2I2anBxZFg2b1h0aURNTTNkU1F2VjJIa21OR3VQZTNPTk9QOFFZWjBxaEhqYzFOUC03S3VMM0Y2clpqeEpQRGhMRHhWNGZvOF9mOUxqdkNTUW1MVDYybmM1b3VVb0V1bFIxTDhVOVROSHZ2akZiTDZ3NEV2WEYtV3BIU195WEYtUHNKeW9mbmVENUREZW9vNFlGa1I0Y2pRSnFMX0oyWFRSejJhTi1EWjZFcjNHckE?oc=5"" target=""_blank"">‘Don’t believe in cheap politics’: Omar Abdullah says won’t push for statehood amid Pahalgam tragedy</a>&nbsp;&nbsp;<font color=""#6f6f6f"">The Indian Express</font>",Politics
"""Shame On Me If..."": Omar Abdullah Won't Use Pahalgam For Statehood Push - NDTV <a href=""https://news.google.com/rss/articles/CBMi4gFBVV95cUxQSnFhUVhuLXBId2d4Rm9LWi00SzVyZlpxa3FuYmZGWGlNOF92YU9RTUNQQUg0QzVocFNHMGpoZnd4SmptSWNJWHhQYWlIWFMzRDVwRGdJdlR3dUdOUVFTNmktODJMRVlrZzJTZnNKdFhNU0FqSERlR0NRNlZvLVhkdUdjSU9MVXd1NDlVUkZOREkyQ192aHVKbXhrX3gtcVBGanhTSGNhQmtaaWdORVdOYXBEWVpEVHlsX1h4cHVNYVJvZTNnOE1JYzNZbHVMcHB0TXpTbVI5MGRBTS0wZUJ2eUFn0gHqAUFVX3lxTE5mRGpxdDdzYjBVTEQxNVM4YzB1NmxlNmFOcjNBOGROY0FQalJ0VjdmY3RfcXdBSzZfWDhtVkd1aGtBRmFfQUlhaWRkcmtxTEpqVGpURk5TZnJzemFMQzdFUUk5WXlnanlrR0V0eWlfSnVQVU5zcm93cjBxazBaRVZsZy1HUnZBVDlLU1hRTWhQR20yZ0ZTOWFXM2pCUElnS2o2a2ZUS3FGcnVvSEhET3AwSmJNSC02YXdOY0RHd0RyeEtWMEVPVEgtZ1BoNDZyeWN0TUQ3X0ViNlBPTjE1ekU1dHY2U2VtYThjQQ?oc=5"" target=""_blank"">""Shame On Me If..."": Omar Abdullah Won't Use Pahalgam For Statehood Push</a>&nbsp;&nbsp;<font color=""#6f6f6f"">NDTV</font>",Politics
"Won't talk statehood at this time, I've lost face: Omar Abdullah on J&K attack - India Today <a href=""https://news.google.com/rss/articles/CBMi8wFBVV95cUxQMHM0ckZ1SjBJbUlESnZJUURxVXF4RTZCb0FmekhZN3R1X3RTT0R2dEc0aGN5WFhacmx6QTJSemVEMEx6R01Ca2hzeUE2Qm5rLThHMTVpa3o2M1htdlhQbXpRTmFZeGU5OHg1ZHB6Qjh2SV8yQWplbUMtOGRqR2d0cHFNVnNwQlpnZ3dOcWJHVUhGNDBQY1RYOGRrUUw5bUpvdXNVX2x5QTZheFNPTVZCWWJUNHEzOGZBX1FUdGdqWnZwamJITk5SNHZTTnFhMFRsRHNVZERLU0lFejBxb1N0MFZxLXBVenNfOW5yeXlxTlFxZE3SAfgBQVVfeXFMTzJOaE12ZWxDVHQ5aHp1ek9pQ2JTRm5WS245VkNKcC1wSEhJaU5jRzhWMWtseTNjQ21rRWhBTmZFS2dNN2xWS2hDNkh3alhEcEFoVFBOeGxiVndidEpUMHg0XzF4Y21ndnVZcGx6YVhIWXVlYzhfVHBqSkcwOUpjSmI3ZWJrQWQwa3RTV21jd1RTOGVab3lsU0ZxNDJaWFhPeTAwSFFzbHliZy1jaWVnUDRlWFh3amJlYmdDSzBqWFRXcGpwQURsZEdhSWIwSkZPRHRLdDZlb1d2Mzh1Vnh0OVVYXzZIV3dfN0RvQVpUckJ3U0VZWjdUMVY?oc=5"" target=""_blank"">Won't talk statehood at this time, I've lost face: Omar Abdullah on J&K attack</a>&nbsp;&nbsp;<font color=""#6f6f6f"">India Today</font>",Politics
"Reunion on the horizon: Thackeray cousins could alter contours of Sena politics - Deccan Herald <a href=""https://news.google.com/rss/articles/CBMizgFBVV95cUxNZGx2cmNLaWFlZFZIWlJBQVZhZjNCUW5lQlQ1V0ZCME1jYURLQ1VhUHVVbHBjdkV3MjNld3R3b2hvOGR3cjFQZmZJek1zN1d4dXR5YTNSZ1Z1Rkp5b3BOUWw2V09qMktOeUN6cDhPNTVBaUxHQmNFZ2tYNWUwSG83dGFjRGoySVZ4TjdyT0ZXLTlCbVdzbFY5WHZVNVRDMGRTd3VybVpHeEt6aXUzZERDNWNyNXJTaGNJMEpuZzRlVm5pdnZ1N1V1dGRUQm1xUQ?oc=5"" target=""_blank"">Reunion on the horizon: Thackeray cousins could alter contours of Sena politics</a>&nbsp;&nbsp;<font color=""#6f6f6f"">Deccan Herald</font>",Politics
"Shifting political equations: The new normal in Maharashtra's power play - Business Standard <a href=""https://news.google.com/rss/articles/CBMizwFBVV95cUxOSlJwMUNZdVRTb3lYdFZUV1BJcHdfZjVZSEVQTm5QRGJOSjRUX2pLNEZmWDktSERXd3NxQVRoeWR1MVpSUGV5cEo1WUtlNTNSZGhKTnhmRVcyTWxzVHd1amxmSGtKOWJUT1dXd2paUWJmaFpGdkdOeHdhR0lrbTd1NDZMTEVFSHV0X1dlSUhKOUtXYmI1dHdIcjRqT0MtbHZQY1NOWkhERFlWVkEyTHl4QVB6aUc3WFVMdkp2VmVWN3FBTHNkaGVobFFMTE1DUUnSAdQBQVVfeXFMT3lRNnFWUHQwOG9xVE5YQ05JRGNLcXlJdExCT0xuTjFYeG9kR0hraS13Sk5FMHJwdnB5OGs5b1gtZVYtSnYzd3BzOWFoRy1lRHFDVXBpaXJkZlN1b09QTlU3T1Bjb3REVGJkcUtvX09NZlR3ZnI3eHFBelcwRE1IZ1VWdlFCeTl6UzRzb2FhTHNDMGNtOTVHb0t1XzhiNDhPZzFQWnJkMEpQckxCRUpzUU5rakhZMVExcW9hX0drZlRmMS01TUx3U1pOcV9WZC0xd1NhUHo?oc=5"" target=""_blank"">Shifting political equations: The new normal in Maharashtra's power play</a>&nbsp;&nbsp;<font color=""#6f6f6f"">Business Standard</font>",Politics
"Cong exploited SC community for vote-bank politics: BJP - The Tribune <a href=""https://news.google.com/rss/articles/CBMinwFBVV95cUxNVWV5VlJVdWpWX192bWRwaVhFZVVacnJFMGVFb0p0X3R3RlBBbmg2a1k2ak1nMWd1dkx2WGpOTDFiWERTZVJjSnQ3TV9RNktxOTZsMVJxY1FNMG5SNDhLY1VNZ09yTFdiX21BN2ZWdnNLWlNvZDUzQzRMQnB0TUtsR1ZzRTFPNEplaUdTWjdSVnBJTEF2SDJGblhfTlBMY03SAaMBQVVfeXFMTzNrdnFCMkdjSGVqaFA5VW1pUmx2UUVpUjJRZnpMR0JfRm90RlZxQm5MWlFNR3d5QnZSSUw5UU5XTkdfUnpCckd6MndSa0c0VU10cjZTM09YWWlzQmVreXpqMjFMTFlnaXptSzQzN0UwOEtlTmlTVTVGWnJrSEZ5czdmbTNwVWhYeEJnbHRnWUlEcUZfVjNNbGpQS2xrV1BuU2pMYw?oc=5"" target=""_blank"">Cong exploited SC community for vote-bank politics: BJP</a>&nbsp;&nbsp;<font color=""#6f6f6f"">The Tribune</font>",Politics
"Pahalgam killings spark fresh wave of polarisation and communal politics in Bengal - The Hindu <a href=""https://news.google.com/rss/articles/CBMi6AFBVV95cUxOVWJYUTFTampESDdyU1pDY0M0TFF5cDdKX3pqa1lxM0NJMnNjUnhnYjNKMjhraTJDSnZmOEpYV20zQ1pyQldXRXFQcFVOaVpCUDBhZHJpQmJnWUJWdGNfNEgzSTZEeHR4QWJKbklyRUs5QzI0Tlpxa3BIMHUxQXR5S3ZTVmtpTnRRQW9TMEF0MjczSTkxSmlyWDdmUXFUVi0yVEhhQXpsNmhRTnRKS3hSdGs0QzBTNFVtVmItSjU0UHBGckZWUmFYS05MZU50NTZXcUxpX1RaSFFfcFBHaF9neUpNUmo3cG540gHvAUFVX3lxTFBzSko1UmhVd21RUWswYkNNQi0xdW0zMzVRakRJaTE1QzJ2a0pYN3RCeEF5eXY2Tm43MnRaa1VaMTFwVURBV205ckl6Tm1xSmdHSFM4YmVpNlBoUThOSkhGMmZabTg4MHMwYkI0NmJmV0V5NkxmNkEzcmtnejJ6ZWVZMWdMb0gxanBVbEhqRXZBRk5CTndFVFJJWTJISFloMThaWGJIYmFjLUE3RFNiLWFLV0ZGVTBZZGd4eWVGNXVCY3BRRFB3S1YwR3NoMXpjTHR1bnM3ZDBWVEd6U1dyVnE5bmR2RXVVYzVDdVVOMksw?oc=5"" target=""_blank"">Pahalgam killings spark fresh wave of polarisation and communal politics in Bengal</a>&nbsp;&nbsp;<font color=""#6f6f6f"">The Hindu</font>",Politics
"Democratic politics have changed globally: Rahul Gandhi - Hindustan Times <a href=""https://news.google.com/rss/articles/CBMiuAFBVV95cUxNTE1hVVVtTk43QkFJcEtqcEFfWkpTekVEQUZ5eFdxSzNwM0RhdGFaRHFnbVRZNjNJSVFIR19ualRvQTVBTnhUNUstZW9iU3hWTENaeXJwUFRHR0IxWjZpMUUwZzhtTXQ5SHIyVGVHcERFZ1hvWHFCeHVHbWJVZTVTWkNSWEVySkJtNUFFVjRGNDZLbjZQbGlGMmJ6TVhSN0FXSVRqeVRXY21FQTMweHlqak03dFdnUF9n?oc=5"" target=""_blank"">Democratic politics have changed globally: Rahul Gandhi</a>&nbsp;&nbsp;<font color=""#6f6f6f"">Hindustan Times</font>",Politics
"Paresh Rawal reveals he lost out on National Award for Sardar due to lobbying: 'That’s the kind of dirty - Times of India <a href=""https://news.google.com/rss/articles/CBMiwgJBVV95cUxNOGdiNWFYc2hnVW1QM0dKd29nSG1jVUM0ak1jQ2VXTEFqUmZ0T3BheGRKZXNEUnE1d0ZFdWJaZDJhc2xtMU9neW9GSjBsZ2dhMzlWTk1aMlo0THdkb1B5TmNiS3N4QVEyallfWi1JblRvNjByTk9HZm5jUTBsUmVSa0NpSWppUDFmdjI0QmFVWHhucFFYaDAtMEhCMWRHNnJWbndPeFNKdU5tb2RmaGdRYm5KUUdCZG54MzZUSndKb1c2Rk8wNV9yQ0dxSFhxN3VJYUkteXF6U09oMWlPa2xOaFFVUFpab1ktbW9Id2RSb0ExX1JhZkFwTWMtX3VtSnp5dFdCc05SRGpMeUFiWlBDVlF6bDZDd0ZLeVloVWdQRHNSTUJLam9nYW0xa2V0SVh6akpMbWhkR3Bnbm5kZk5nWktB0gHHAkFVX3lxTE5YMDUtYTdCX3Z6UFBDcUhqdFJObl9GOTBuX0Nrc1FxYWJkc01wMDRnQTg0cXRKMGxfempDc3NSSjdzNkRLOWRacW04emlhdlVLUVZGRDNkZFRGbUNXMl9zeXNIWGh1eUVoaDFXLU1TdDZ4OHhWR2V5Y2g5MWpuZ0VDb1JfeGMzTHpjQ3dkQmszN0JFVE5LdlNkeThGRkg1WmZ3TG8tNGF6M25aa2dJV0x6TW9IXzVpdndXd3drQ2dtUmJKWXg3MklwNk42M2ZGMGtJbFhlWFh1d3RneFFiTmdnZ1hwS1JJUkhmTFVZRHE4VFFuX3FYUFlWUWdPZEREWHNJOGhDdEZVS1QyLWh1VWNyc2hCbE82MFpMVDBzVkZoSDJMSzNYYWJhN25xbHA3UFduRXNDZUdEU3FxMHBYUmVsNlRPNnpSUQ?oc=5"" target=""_blank"">Paresh Rawal reveals he lost out on National Award for Sardar due to lobbying: 'That’s the kind of dirty</a>&nbsp;&nbsp;<font color=""#6f6f6f"">Times of India</font>",Politics
"Ego clashes and power struggles: Inside the politics of co-head roles at investment banks - Financial News London <a href=""https://news.google.com/rss/articles/CBMiywFBVV95cUxPby1JTGlDYzhWQThnUlA2S0lPRGwydTJJSmE5Mk5yTk1aNjg2dHBkNzhDTlFsZzRtVzhEamxmYVBVZUJJU1Y2ZWpVaW1YaWh2bFJOV3MtRHBTTGJTYkJYdnVaUVl2aWRTZTczRElRd01WQXV3N1B1LWRMTnBfR0lsQl9COUtUZmE1RU1oVWtJeDNBZEx4YW5IOWtxZXctVFZJNlg0TTRhZFdYaWxsZ1JOOHFxb0lGQ3hocFR5RUU5WmpJaWJPYkJQVDc2VdIB0AFBVV95cUxQRVBRLUxGTU9HRmNKVUVpcnExMFFVc3NBTTVXZFVGQTBYNEJ1aUJvZFVKQzhWVXpBUTBINkVDM0ZDY1UxZHVMRlU4cDJfaGlWXzdUb01OMXc3ZjQ2T0pOeW5uczVIX3FEdU5lYmVyQXBxb2E3MFoxcW5iaHo0U2JiUEFDd1ZHcnljQXgxLW9ocm9pclFfa1pjYnFDaHpmN1hwdk5HTnloYVVRUHlJOUgtaHp5OExNRVFaaUE5eFptLUR5OVMxTnhpUG9HWlpNWldj?oc=5"" target=""_blank"">Ego clashes and power struggles: Inside the politics of co-head roles at investment banks</a>&nbsp;&nbsp;<font color=""#6f6f6f"">Financial News London</font>",Politics
"My Identity Does Not Equate With Me Joining Politics: Preity Zinta Reveals If She Will Join BJP In Near - Free Press Journal <a href=""https://news.google.com/rss/articles/CBMi6wFBVV95cUxPLVAxSnY3UTA2X2VtVE1IWUs0MVFoOHBQOF9zQXp3WHo0QWFCV0I1cUFQQlNpTHN0U1FaTi1JYWp1ZTlzODk4amJTV3d1elFVeWJhaGY4ZHh6ZHZhZGhBcVByZGNSRUNQN2pGQmxsNmt4ejhMdERqSDRhSDJRYlhuYW1VTHBkeVhvZDNPWHZkeXRTRmlTUlFtaklkSHpkSlp6UEhxTTZFNmo0Qk9xUDk4TU5fNGZlM1dMbWdtdThJanpQbFd0MHdJc2JRTmNya1BUcmdHQ05PT2hEUHNHVmpyY0hnZjdyZFhRU0pJ0gHwAUFVX3lxTE9jVEpTWXViNWFSTjNUWURSRDB3NzhCLTl6SUo2RXI1YzN3Q2gzMnNjaXdIb3ZhMy1wc196RkVqRVFBOTJFdnpoUDlMdUFhckVZSkVtMzVGRlE5NzlndzY2aVFCaVhWMkl0clE4Mmo0a0tyR1VHRFZUdTVhSzRUSlpXWkhLV01aZTRSNFdRUktmSnlRY2RiRkxBX3E0OGhvV1hHS2RjQUxaeU9PanF0S1RqTXdzNFJvZlJWTjVSQjQtXzlpSFhDN3dtN2lFQzNndUlfdm1GSEhXbm5FVHA1X3EwZDYzV1dHX05POExScWttQQ?oc=5"" target=""_blank"">My Identity Does Not Equate With Me Joining Politics: Preity Zinta Reveals If She Will Join BJP In Near</a>&nbsp;&nbsp;<font color=""#6f6f6f"">Free Press Journal</font>",Politics
"Read the Full Transcript of Trump’s ‘100 Days’ Interview - Time Magazine <a href=""https://news.google.com/rss/articles/CBMickFVX3lxTFBpdE5pU0VVZXJXYk5xZUttbmZNMHczazVCYWdRWjZ0VlZNWjVmMjF3Q2NLMkVwOEduNTRMSjlCd01LYW4wM0x6ZlQzUG1XN3FucW5OLWJacDk2c282M0MtdnZnZGcxQVYwU3BDeXFXdFFjZw?oc=5"" target=""_blank"">Read the Full Transcript of Trump’s ‘100 Days’ Interview</a>&nbsp;&nbsp;<font color=""#6f6f6f"">Time Magazine</font>",Politics
"The ‘political trilemma’ and the crisis in the West - The Hindu <a href=""https://news.google.com/rss/articles/CBMiqwFBVV95cUxQLTVlM0ZjaGRKSTkwOElIU1NUbGg0X016d0M5X0JVTlJReEd3T1NTQnJibkNKYzRzRXNLaWdvN1lmWTlDSEFyc3lJVURFWTlxUmlQOHNWdS1qVXVzRVVKdkFVcDNES0tibHRPT1JLNnh2QkVpTF8zVUNZM3JlX1BVUXgxVGxTbzQ4UTBHTm9IYmk0bVFWOTFWYWRveENyUEdEdzQwRTNXSFRudjDSAbIBQVVfeXFMTlhUdUppV3kyQ3dVSGxJUm9GVzVvTjF3Vld3SHRheTlqX1VtdnZFWllmQnVLZTM1emNTVVp1M294c2ZTVmExaVdtbWhxRFZwTDJBZ1VXS00wNHNjM05oWURxUkpwRWlieUxEVDVFWE1WRGc4WVl1VG1rVG9zTkpFT1FoM3BmRjNsQlQwTTF4RHBQNjhfUXVrbml4NnNPZmg0bjUzcGFKREZKM3RDS1NENzJYQQ?oc=5"" target=""_blank"">The ‘political trilemma’ and the crisis in the West</a>&nbsp;&nbsp;<font color=""#6f6f6f"">The Hindu</font>",Politics
"American Battleground: Resistance and revenge in 100 days of Trump - CNN <a href=""https://news.google.com/rss/articles/CBMiiwFBVV95cUxPWE5LZFZERnluMW5GT1ZOejZBOWZSTVp6U0xVd3pwcG0xc3pGLWI2cDRQbUlfQXM3cTB4NTJlWGJYYjVLS1lUb211SnloOEtpLUluTW5ibUlYOUdPZVpSRV9aWWhVb0lYeEFXallUUHlzcW95SHNmOW9ENExlN0lPbGdGZGc5OFdGQlNZ0gGCAUFVX3lxTE9RZDl3OXBUUEtwMmM3YURPUjVzMmpZUmc2YWhZSXBxWU5jdTZ3ZEs0WVo5UHdmTEFZRUNxNTZWd1dNaGVEam9CWWtKNFVEeUVPdEdNYl9BRGF1R2VmREsyZ20zdHpJcDZKS0tqdjNXbzMxX3BTQVpZTllNeklMdWQteXc?oc=5"" target=""_blank"">American Battleground: Resistance and revenge in 100 days of Trump</a>&nbsp;&nbsp;<font color=""#6f6f6f"">CNN</font>",Politics
"Politics latest: PM warns of 'disaster' if Reform and Tories form coalition - Sky News <a href=""https://news.google.com/rss/articles/CBMiywFBVV95cUxQR1p3UmFRb0pxZmJ0bUl4cGdNUHVkYnlSbmVmNmpYXzFWQjJ4WXVobFhjQ19LcHh5OFhOX2pnbWlMdTFZaHh5TGpleWNNRWxsaEdYOHBSd0R2V1JydUR4THB4Qm4wTW1uc1VjVDEzTEU1YUFiTUx4WXZ1M2V3Vy1BZlhTUTFkdGRaU3VQc09jd1NsY2tEbWJiRWpqM2xuYklfckVKeVFQQ3VVcGlBVVlwbEJmeWY4OTJ6ZkhyVGk3RUdiUmJuRW9VSEFZNA?oc=5"" target=""_blank"">Politics latest: PM warns of 'disaster' if Reform and Tories form coalition</a>&nbsp;&nbsp;<font color=""#6f6f6f"">Sky News</font>",Politics
"DOGE DAY OVER: Why Elon Musk is quietly retreating from politics - Times of India <a href=""https://news.google.com/rss/articles/CBMizwFBVV95cUxNNkpvRWhqSm9lUUthaFdqQkRVWFZpYTNSTEJYOW5rMXNvS0tGTmNTUi1wNFlrRG8taF9WRzljTmRMVVljdEdvVDBzZWw2QnVvV3MzU2VPbWNhc0FZUzFRcmpKaEhQV1N5Rzhhcm00LV9JRHVJRk5uRmJFOVZ6X2daYl9XSmh0YTMzTHdBUDdfNXNxeWhtdmYtZzdUUEpWTE92UEhDVWdXQUNxRXpYVzlJMkF5aFJ0ZlJvamZEa3p4UHVIWmVPQjBwU204TDBNYUHSAdQBQVVfeXFMTnU3eXJOUjlGZlgyaE91a0poaFYyMlBFSG1JUmZHV29xVWVCWWt0SnBMT0x5NF9SR3VJaC1kT0djQWRjVENBb0U1eC1MTFBTYW9PX0Y4VmJyNzVXbEp0TGtIcDdKY1NRQXFxMjczNUFOQWVpbUVtNGxlaTRoOURQclNYMGFpUUdYZ3dEX1FDV3JVMDE4YUV5WmxaOFM5emZ3RFZaWGxMOU9EMG4tbWxHellTYmd3TDJqanI0OExlc2MycElsWVZORktiTDBMTVJkVTdOZmw?oc=5"" target=""_blank"">DOGE DAY OVER: Why Elon Musk is quietly retreating from politics</a>&nbsp;&nbsp;<font color=""#6f6f6f"">Times of India</font>",Politics
"Language, politics, power: What is AI’s mother tongue? - The Indian Express <a href=""https://news.google.com/rss/articles/CBMirAFBVV95cUxOVVZsYXZfNGhpeEVxRzRFMkVWUmFocDgtdjBMa3BBTGdWdDFfT084YTB2NDVXYVVOU0FhdlRnRVQzZU1WQWI2THZIQ2JUeWtHNG02Z3V2dGp6eEJkNzJIcGFRSElpc1BtajhGOWNVR0ZjNGxheE1maWVONDQ2OThmYWFaczJyT0xuZENhR183NGwzNWQ4REg5dEcwR1hIcjdkci1UcEt0eTl6dkpO0gGzAUFVX3lxTFBrZXhqSVQ3MVc3Ym56cURVZldJejg3djZDMHluNnZabDloOFhYc0U0MlRMVDJndmhjTTlJM003U2RDb2dqdXUza3dURWN1QUR3WWs4SGxESzFCOXNzUkYwQUFyaVdpaVhld29zZTBtTXNBdWNHMEZqYTgyRkppdWc4eHdVQUk0Z1dncGd0UzB2RER2RnNhdkhWdC1IWm5XLWl1dllHUjhaOWVOUDFGelYwX3pN?oc=5"" target=""_blank"">Language, politics, power: What is AI’s mother tongue?</a>&nbsp;&nbsp;<font color=""#6f6f6f"">The Indian Express</font>",Politics
"Pope Francis’ funeral ceremony held a moral mirror to modern politics - NBC News <a href=""https://news.google.com/rss/articles/CBMiwAFBVV95cUxONXpRclFhd1pUY0I0bVpFX08taHhOYnREc2VpSm5BeFo2V1dMM054QmxTYUJmVWdBTGxXcHl5WHFRWDRhYXhsSmNUQWhEdTctbWx4bzdqaTQteE52a0RyT1owcmZpZ3NfaG9vYk5CSWJaSV8ySUVKd0Y2SERvMy1DbXlTYjlWb2ZFdE1yUnZHTWRWV0JIVVlnS3dfOThTSG5zNjQxOTZXMVVjUmZybjdVQnlOLVJ5d2p6ZEFYQWE3Z1bSAVZBVV95cUxOSFBmRUxxN3VqaWl1Q2pKdTRiUzhFTS1hbnZfczdEZmZRUW5nUzFYamgxTTROdmxNUVZOS0ZHODRKTVp1TVRLa2dSUGNYQUNWa3k2Sk5kdw?oc=5"" target=""_blank"">Pope Francis’ funeral ceremony held a moral mirror to modern politics</a>&nbsp;&nbsp;<font color=""#6f6f6f"">NBC News</font>",Politics
"Explainer: Does Russia’s ‘Systemic Opposition’ Still Exist? - The Moscow Times <a href=""https://news.google.com/rss/articles/CBMipgFBVV95cUxPcWlsMExXWmR1c3Q5TnpxOExidVNWajdnMHc5NG5JZlZSakx2SUVOT0pacVpjSUs2YkM0S0VkblJQYzFfbDM4NjFEbnkzTmkwa1hEaVROX3FRSXoySXVfYmR2S1ZFZ054VXFZRmZTWGxJbUF4Q2IxT2xiTlNWY21PcXc1WVVNbjBPaFBIbHBKTjI4WG11Sk56Y05VNXNpaml5amx4R2lB?oc=5"" target=""_blank"">Explainer: Does Russia’s ‘Systemic Opposition’ Still Exist?</a>&nbsp;&nbsp;<font color=""#6f6f6f"">The Moscow Times</font>",Politics
"Politics - The Economist <a href=""https://news.google.com/rss/articles/CBMic0FVX3lxTE04dk83TUs2ckk2eWV6WEdKTzBJME1IaEthS21fbnJfbnRhdWdyUUhiajBUU19MX3YxeERpVUxndkVLNGVpZUoyU1dhY1JyamppQV9aa0w4Ym5yNkFlYXRqQng3NkozNlY2VXBKZnkzT1Z0NUk?oc=5"" target=""_blank"">Politics</a>&nbsp;&nbsp;<font color=""#6f6f6f"">The Economist</font>",Politics
"Show national solidarity, hold government accountable: it’s a tough ask for Congress - The Hindu <a href=""https://news.google.com/rss/articles/CBMizAFBVV95cUxPUDZuY2s5MXgweW5ZWFdxemdFYWJJdEJhMVp2cnRWSWxCS25kTnNWU0lwbE1PbmRXOWdYNjJXQzVZbjc5dklDanl1V3pna0RmSm9TS1JJNjIxdkhtZ2FVVFdjWE1RM05vU21waXh5b29tYll3Y3Z3U2IyRTVNOVF6UUo0Nk5wNkZkWmM2cVRVZXZLRW50UXZReFJ2Z2MxZ2Z0Q2ZtemNTS2dWYWdpTDJUcm9FeXNsVkU3TllFbEZEdnBuMWpsclJDaUw0aHLSAdMBQVVfeXFMTVhDdGFnX3FUMUQyM1VFRlFoWDlud1NjdXNqcmlHOGFkenlZVkNVLTFxM0Rxak1xYzdGUFJhbmdVT1pQdmJsWU9RUW85ZWNzQzFGSFF5MVJPMHpqZmd2bWZFT0Q3SUVtd2d1WVdsNFdQX01DRXd2SlVlZnE4TFh6VEZFNU0yY1FPaGJpdWwzZnN6ODZLWGNCWEFmOFpWUjNQTjNuamVXejZLalM2Sk1EbUg2YWx2bDF5TF9SZ2o3c2w4SHhyV0VDUVR1NnVPZ0pjRGVhbw?oc=5"" target=""_blank"">Show national solidarity, hold government accountable: it’s a tough ask for Congress</a>&nbsp;&nbsp;<font color=""#6f6f6f"">The Hindu</font>",Politics
"Trump at Pope Funeral: Politics and Diplomacy Mix at St. Peter’s Square - Deccan Herald <a href=""https://news.google.com/rss/articles/CBMiogFBVV95cUxNZUlaSHc1ODh5aUpSREl6WkFYbVEyVmNWMjV6R2xlbW1vc3ZBSTBYUWozYmkxcFlaVVNwT3dyd1BVMzh0TmdUVmxacUhSTFdmRHdrbkFRelFBdy1TN3k2M3ZjZE9rNWUxSEVsd19RODhpanJ5NXAzbERRWVh4ZXZ2cUd6b09zTzhieHVocVBHNmF0S08xWWZ1eUt5ZXluWUtDTHc?oc=5"" target=""_blank"">Trump at Pope Funeral: Politics and Diplomacy Mix at St. Peter’s Square</a>&nbsp;&nbsp;<font color=""#6f6f6f"">Deccan Herald</font>",Politics
"Navigating trade tightrope: US juggles tariff politics and global market trust - Times of India <a href=""https://news.google.com/rss/articles/CBMi4gFBVV95cUxPSGRiS3NBTnRQMV9LWURGRzBNeDhtckpIOVo1OFFrU3BkTExSMXpPeXc3S0owTm4zOVVILWhzZU4tcm9ndlIwZW1fMmd3S2QwVlJvM1BwMG8wdkhWalE1Qkp5aFpJTGhLWHltOU9pTWxISzdWRXZlLXhuUnY5ZFBOMFl5cWFpdmZvZXFpOThabkllai03VU5Land5V1RYOG02dVpFQzdmdzliUmtIM1RpOW92TDF3VTgxajBOb0pkRjdqbnJOaENsa2x2V25NSlpmY04tU3REb2ZwVG9pcFIycC130gHnAUFVX3lxTE05Uk1NdlVtX0pmb2RNbjVMb3FuTnF4RUg2emNEQmVmS2MzZDJrNlVDcjB0VnRWcENyN2VqR244ZkdPQmx5T2cxTVRlWWdQcW41ZzZHc0dMRDEtSHNtT2tNMnlJX2pQZ3U1RkxVbk1PV0dCVGtQSHc0VExMTklvYXNETXZzZTF6ejNFUkY3Y1h3dDRKb3pwWldKSVVXaXJzeUZ6cmRVcmZLTXVnLUdSRzBrU0xzMzRlSmVhNmI2ZVhWXzZXdWdDS2lIZE42dWF3NTlodDFxYWdGbkRhQmRxa2NWRXAzazFPNA?oc=5"" target=""_blank"">Navigating trade tightrope: US juggles tariff politics and global market trust</a>&nbsp;&nbsp;<font color=""#6f6f6f"">Times of India</font>",Politics
"Caste census and the politics of categorisation - Deccan Herald <a href=""https://news.google.com/rss/articles/CBMilwFBVV95cUxQZnNaVlVoOFk2X0JJbXUyai1zcGx1Vml4SElxWjZfSnFuV0RrS0YtS19jQVR0RmtaeHhIQkRQRWtnOVZYQjlrVVRWcFpFeVI5YzRoSEhBOS1wMU5SaXB3X052Uksya2xPa2wxbFUyZ0tRZkdYaklxSmc2Tm9GbDN4ZF8wUzVuSWFLTXlzREpvTnFEaU9IZ0Y0?oc=5"" target=""_blank"">Caste census and the politics of categorisation</a>&nbsp;&nbsp;<font color=""#6f6f6f"">Deccan Herald</font>",Politics
"Kashmir Conflict: Grief, Memory, and the Politics of Mourning - Frontline Magazine <a href=""https://news.google.com/rss/articles/CBMingFBVV95cUxNV3IyWmNqYlEwa1djOS1KY1pURlBpX3pOd0JWbEExNjFRODdpYVJld09hcnhXdTFodTM2UGFiUDlxZmNIbE9ycUJfY0dsLS1tSk9MRldmSnhGdVBKT3MwQ2YzVkN6aU1MVzVzekdBYWdsdnMxZW5mTlZYOXlVMEc1UFlLd1VIQkw3c0VJVFhObGF4djdtcHUxRHU5dkxIQdIBpAFBVV95cUxNNC0zazRNZHB4elY0ZjF5UW1wT0hNSUhxOUg5Vm9pODQ2MmZ5TXV6Umd2QU9LR3AyX3U2NEdxZHFsTklsNmlxeGNtUEhIbnQ1SGV5ejFCbzA1c3l6VGlGTFRESFFoc0p2alNJcTNIX3JWeTYzaHJOTEZJWklQaXdqUVV0MGM0aTFUaVdTSEdFS0lzRV9CbVcxUW92SVhKc0JLeFBITQ?oc=5"" target=""_blank"">Kashmir Conflict: Grief, Memory, and the Politics of Mourning</a>&nbsp;&nbsp;<font color=""#6f6f6f"">Frontline Magazine</font>",Politics
"Japanese women have long sacrificed their surnames in marriage − politics and demographics might change that - The Conversation <a href=""https://news.google.com/rss/articles/CBMi2AFBVV95cUxNQlZTTGlPRlEtTjFDMDRDbmhZNW9OZG5PQUgxdjl2RnJMWFp2ZnV6MkROaFl3bG5GRTBpTHZTTFRoTk9MZl9jaDc1ZW5WTEhZZEF0WUtTNGtDNjhSNlF4VjhWRnp4eVJldmNHdzJsZXA3OUJJOVYzWkRGckRkYU01azVrN3JpTkduMU9Gd2M5U3YxZDhpTm5KQWVhaGxCLTN4ZFVGN2U2bUhUN3pnVnRFMWhxVnNlTDA5WHpJOTM4ZXhtd3dsclpDeUNaMTZGRkl3cjFBUndiN0U?oc=5"" target=""_blank"">Japanese women have long sacrificed their surnames in marriage − politics and demographics might change that</a>&nbsp;&nbsp;<font color=""#6f6f6f"">The Conversation</font>",Politics
"Trump took the US economy to the brink of a crisis in just 100 days - CNN <a href=""https://news.google.com/rss/articles/CBMijgFBVV95cUxPc0trYllqT1JUTlZHTkRMSG5EMnhUd0NJUlJ6RVoyT2lZaTAyRW5mLTlsMXRDbHdDWno3TXdjbkVBTWpIaDdxbklqLWpUc1BpckE1UXQ2SnREbngtLTBmY0dGa3RaWFJTRzB4aUJkWUVTYjhxQl81OVhRc0hmUjR4RndVOXBGSVhaZFJOWVh30gF_QVVfeXFMTi1kT1EyTC03WmI0X09rM1ZNLU15WFZ5aWVjc0VRbVNudFJZLTBnS0NSenZDTkFnSnJiU3Bway0xdzJVUHUtQTk2WE5hb0w1cnFGSkZRWVJGSHZMR3Z1ZnVnUGI0RWV4dGoxYmlnREwxWlhveE5tcTAwU1FBNzRONA?oc=5"" target=""_blank"">Trump took the US economy to the brink of a crisis in just 100 days</a>&nbsp;&nbsp;<font color=""#6f6f6f"">CNN</font>",Politics
"The social, successful and the supernatural: what makes a politician charismatic? - The Guardian <a href=""https://news.google.com/rss/articles/CBMizgFBVV95cUxQM3RMTjBFVTltVXdYY0RwQ0VVZ3BRc0dxNWVlelR4OVpkWXhQa2NPRjVyMEZoVWVZVWxPY1hNVkJ4QlMxQ01JU3VSTDZLVDJybUU3WlVRSFVoOXRSSGZYaENfNGpMRTB3SGJuM1NoVFhWZG4tcURfOF9PZmVrdmktRnVSbVR1SVR5NVl6aHQwUjV2NDdmWDhzWUFBaktVN3htMF9Idm44MG0tdUxqZVdpcWNrOVREOTBDOW1aNk16Qk1fMkh6NWc1aENOYS1sQQ?oc=5"" target=""_blank"">The social, successful and the supernatural: what makes a politician charismatic?</a>&nbsp;&nbsp;<font color=""#6f6f6f"">The Guardian</font>",Politics
"Members of banned Jamaat-e-Islami launch new political party in J&K - The Hindu <a href=""https://news.google.com/rss/articles/CBMi2wFBVV95cUxPbWwtUkZTQ19zOC1UdWhzS1BLRnBxczlVTm95b0JobS1EYU5CY0k5QlV3QXE4bEE1ajR1MWs4N0tzTVlBWEhNR1RCYzhHbTkta1Y5R1FqSXM1QVhoMXh5a014dTNuUWNuWTJBYkhLTUJSd005RkRVZWxvd1B6MWZnbW9TYmF4LTNGblpxbXRtMHRLY3BUTUNOek1yVmY2V3g1Z2lZVjR2aU1Wa0FWUWctd3RzbnVDd0F1NFRGQVVwY1VsUzMtZEk3eXN2UXA5UFBUOGJWbURkT3VxamPSAeIBQVVfeXFMUE5BaFJUNGN0d1JZa2lNNUxBeElGbDlnVm1JTHVEQUhTZTc2NjJWbDdGUE5FSnZqMjNpTmFmY20wX3VwQUI0NnRfQW5vdTRXeUw0Y2NtWHFsOHFVY2dHUkNZcE5OSi1wd3k0bzhDaVhyWHpyd09lRUhnVGkwa0Y0YVZSNnFjZHZhT0ZsMmgwM01oWXBadUVhYlVUcmpvR01jaGtibFNzMXA3dDlVbXRlRTlCLXhnSDJRdnRiQlFPRmdzekpQbmpLbHhVYWNoaExtSW1hakRISXdER0dqQ29QNmI1QQ?oc=5"" target=""_blank"">Members of banned Jamaat-e-Islami launch new political party in J&K</a>&nbsp;&nbsp;<font color=""#6f6f6f"">The Hindu</font>",Politics
"Social media influencers blur the lines between political content and campaigning, potentially affecting elections - The Conversation <a href=""https://news.google.com/rss/articles/CBMi4gFBVV95cUxOMlpJM2VRTmRnc1ItSEhiTDd3aXdhN0FIaWtyalRZTXhrMHByU0tNX2JQVl8xSFBnbndjOUhlc0JkUV9PNXBQbVBaQ2t5MzlSQ21MdGR0bkhMY0Y4eWpxRnp2dU9mMWEwQ3B5MEFnc2NUVUFWemdUN1NyX2hkOTB2Rl9oajRuSUtmT1RmS3RzTVpOVEJFOHluWlQxX2twUFlhdklrWFF1T1dfSEdzblVjSVlyS1pXMmhvSjNXa2c4bmdUSWlGaWRhWmdNenRmdi0zSE12TGpvQkRmZHpGTFNVTGlB?oc=5"" target=""_blank"">Social media influencers blur the lines between political content and campaigning, potentially affecting elections</a>&nbsp;&nbsp;<font color=""#6f6f6f"">The Conversation</font>",Politics
"Rwanda’s genocide: why remembering needs to be free of politics – lessons from survivors - The Conversation <a href=""https://news.google.com/rss/articles/CBMiuwFBVV95cUxPMU5mR0VnRVVfWUxwaVJ4bFVNM245Z1MxeWQwTnh2cG52Zzg5bEMxMXVwOGdHZkdsejBVdzZQMS1SUlpLNnBQLWRmcUd4RG1STWRscWl1NkhGUlgtckRscEppclhTMUF4NjIwcWtmV05zY1htR0RDdGVVa1ExT0xQYXhYYXBoZm9RcktETGRzbVpVLWpQZ3VnOXZTSFIwUXNmV3Y5YkN1ampZaHNCNkhhTmZscU1mQldOOHJZ?oc=5"" target=""_blank"">Rwanda’s genocide: why remembering needs to be free of politics – lessons from survivors</a>&nbsp;&nbsp;<font color=""#6f6f6f"">The Conversation</font>",Politics
"What the Pope Told Me About Politics - The New York Times <a href=""https://news.google.com/rss/articles/CBMib0FVX3lxTE42bjhVemRNZkEwZnN2Rzg1S1FONFBVaXA5dVBYOE9aa3JkdzVLYjE4clRsWUpOTVpweEFISHd0UUhxTkFWNW5xNEoxRjNMWkU4R2U5WWpST1R4N2RNclM3TFNUOGZBTDRHbFRDT3RnOA?oc=5"" target=""_blank"">What the Pope Told Me About Politics</a>&nbsp;&nbsp;<font color=""#6f6f6f"">The New York Times</font>",Politics
"Facts and figures: Women’s leadership and political participation - unwomen.org <a href=""https://news.google.com/rss/articles/CBMiuAFBVV95cUxNTHpmalZLd193RDRuYnRPRWd3dXMtaWZtbHpianJKVG9ZMzl4ZjRxVDF0bVM4N0pva0c4bmtzWHIzemc5aGhOZDBFSVZHSEQySWUyU2Zsd2w3ZVpNUXp6MTJ0MEdQR1lrY1ZaSU1kSjROQmtyNl90cEV0U3J5U185MmZaMkQxLXV0dXoxYW1tR204SDVmNWhvMHJkUXkzd3RFZmZnSFNsdkFEb2F3MW16Qmp4RGEtbXpa?oc=5"" target=""_blank"">Facts and figures: Women’s leadership and political participation</a>&nbsp;&nbsp;<font color=""#6f6f6f"">unwomen.org</font>",Politics
"Canada’s Political Landscape Upended by Trump, Trudeau and Tariffs - The New York Times <a href=""https://news.google.com/rss/articles/CBMigwFBVV95cUxPQy02TlNSSWt6UVdFWGJWUW4tRXBWd0xvSlZ2TXdJVTZKNWpxLTU4N21uVlk2WTgtUF95V2hscHN3LS1Nd014ODFoZ1NrQ2daTmltU3Q4TjZSNXNpaUZkd0MyUDFYS2JfWEY0T3YtSE0wWE5rSUZFZEZBajNCdGlEcGpHRQ?oc=5"" target=""_blank"">Canada’s Political Landscape Upended by Trump, Trudeau and Tariffs</a>&nbsp;&nbsp;<font color=""#6f6f6f"">The New York Times</font>",Politics
"Fibs and exaggeration have always been part of politics – but who knows what lies are now being pushed online? - The Guardian <a href=""https://news.google.com/rss/articles/CBMi8wFBVV95cUxNcUlXMzF6X3VSdEN0b3UzYVE0ZHJPTE5lYXluQ083MEpCcElQTE9zVnFYZ0p0NktGa2VJX1ljMUlmdF9NaXU3cXNmdjFlN1JtdllDNlFSbWNxVERlUnQwUFpLaXpVM0VfVnBkZjBCX25fQVVHejFXWjFVZGtkdEtkdWozUi1sYTdIaUFYenNMaldnSWMwQ2Y0VlNOSjdDeldFbU4tcHVwM0Q3bEdPc1pQVENKUWlxaGdDQVk5cGVJTVJJbGczVGhSNEhsZzUwWUVEbERRVDJ5YzdyUUt1ZzFlMnhGSDdWX2MwMTZ0dDQ4MDFvVms?oc=5"" target=""_blank"">Fibs and exaggeration have always been part of politics – but who knows what lies are now being pushed online?</a>&nbsp;&nbsp;<font color=""#6f6f6f"">The Guardian</font>",Politics
"Polish city of Kraków takes action against politician for claiming tourists in video were immigrants - Notes From Poland <a href=""https://news.google.com/rss/articles/CBMi1gFBVV95cUxOU1BrSGRqaFZqV2JmUkJVR0I1elJmaGhTMnR5ajFqTnd1SDY3RFhzTkZQVVpSY0NnWTV3NjFnU2FYX1NIbEU3N2FWbzc2OGt0aUVxRjhLVm5udlBqVi1CN2JJbEhxSDVlM1RsamtPY3NUancxbWRhcFpPQU44LTYzc0VjZ004RGdmV2IzNENmVzdnbDZpU2pNdEVHbVliRlJ0TEQ5V0Y2bjJ5X1lRU1hJZkIzOHlDaTl1d0M1b2o0SndlakU4RXpWZ0Q5WW0xb1FXZEJDSW53?oc=5"" target=""_blank"">Polish city of Kraków takes action against politician for claiming tourists in video were immigrants</a>&nbsp;&nbsp;<font color=""#6f6f6f"">Notes From Poland</font>",Politics
"Starmer claims voters being ‘conned’ by Tories and Reform UK as parties are planning a coalition – UK politics live - The Guardian <a href=""https://news.google.com/rss/articles/CBMi9wFBVV95cUxPUkVsY3hfaUE3aTMwNWIzMXBPTUw4blJDLVJPbVpOSG9RalhOdWZNR2NXYXVnVHNkd1MzNXpjR2JXSmRmb0Z1a3lsT1pGUDhfRHc2amdIZzl1dWxSbFB3UDYzcE04WFJ0cWhmYWE4bVh1ZXA3dU03V05xeklUbDhTVDdCanVGTVQwNFVyY3djb2ZweVVVZDZjOWpHWVlZTW40UmU0XzlidDdLaFFNdVo2X2NKajVjSEJGNU1PdmUwR0xKSllOWHRxbTRtOWRYdmZUVTZMY1dWOFg3bDBSVWh0LTRPMnRMeU9SbTNhQUpzUUhIcl9XWGtF?oc=5"" target=""_blank"">Starmer claims voters being ‘conned’ by Tories and Reform UK as parties are planning a coalition – UK politics live</a>&nbsp;&nbsp;<font color=""#6f6f6f"">The Guardian</font>",Politics
"The nation’s cartoonists on the week in politics - Politico <a href=""https://news.google.com/rss/articles/CBMiogFBVV95cUxPTmVVMDdWc2NzVzhBNHdUUVZPb3EtX0ZvWjQtcDRBQlppcW43ZTRaTzlUQmZNbjlleGF3OEtIdEdsTUphWktaOW5SN2V4ZWxvOWRic0dOLUJtVGppVWk2TlQyVXBBN2dNaDgzYWFWWmZ6emI5eEFER2Z0S0RrU0g4UE56QXBuTWRjdUQ0NjZOZFA2SE1VZnc0clByRWRzNjNYT0E?oc=5"" target=""_blank"">The nation’s cartoonists on the week in politics</a>&nbsp;&nbsp;<font color=""#6f6f6f"">Politico</font>",Politics
"How coincidence and diplomacy drove a consequential meeting between Trump and Zelensky inside St. Peter’s - CNN <a href=""https://news.google.com/rss/articles/CBMijAFBVV95cUxOOEZjT1pmc2NJQ1I3MGFDLXdNcEsyd2pHUDd2STMyU3A0S2h0UzFnRjZvQ21qRVRBVzN6cWFNNzUtcE5KZ2JDbHV6VXNGNExyUGFxdHgtNTJLN2dSUW93eVlZdHlYOF93aXBMazQ2X0J1TzZLcHNjRkg1cFQ2eVkydjU2YkhQM3BhOGRZcNIBfkFVX3lxTFBhazRpUzlQejhYZGhlVFNhS2ZYbGMyRW5ZY2JDYm9XcndiYndRb0EyZUpxaHg5RDVCZE1naXJRY204cmd1ZDdFOGVUdy1UaFpkcGw4S2xWWkt3dGp3enF0VWdFS3IyWmpadnphc2tNWEgwQmpyWW9lTlNaTUVLQQ?oc=5"" target=""_blank"">How coincidence and diplomacy drove a consequential meeting between Trump and Zelensky inside St. Peter’s</a>&nbsp;&nbsp;<font color=""#6f6f6f"">CNN</font>",Politics
"American Battleground: How Trump’s big bet on tariffs went bad - CNN <a href=""https://news.google.com/rss/articles/CBMif0FVX3lxTE9EblpmRm8tYmxLVmhyQ0Q3dWc3T2tNM012VFdnVXlnQkpPSWxBY1Mta3Znbm90b09mbEVSbUp6Z2hGSVJFN0RFVVVZRDFhelhrcklybXU2NW4za1B3c1pxeG1rMEhuMElBN1lBSUFfc1lPVXpSTUdRTS1xaEhxaFnSAXZBVV95cUxQb0lFTVdnU19TWk9reW8zckZDZ1hRTkU1Y28yWkk4NFNQb2cwZnZWS0E5VEFQOFQzYjV1QzJrTU4ybTN1ZmwyLTJNMVhMTHhGSkUyY28zSjRWYWJRckVMQS1ZM3Vid212cUlKR3JKRzFDWUE3OElR?oc=5"" target=""_blank"">American Battleground: How Trump’s big bet on tariffs went bad</a>&nbsp;&nbsp;<font color=""#6f6f6f"">CNN</font>",Politics
"Live updates: The latest on Donald Trump’s presidency | CNN Politics - CNN <a href=""https://news.google.com/rss/articles/CBMihwFBVV95cUxOTm1udE1DSTRKQnR4QW90Q1hYRV9aLWZKX1M1VG1NZjhsN1BRbjM0TEdycThfbC1OUVM3NmFNbndjRkd4SnpicU5Nd0U1dXQ4b3J3LVlrOC1DYnMtVFBFYi1ZUmRiLVA1YkEyd2g0SDlKaGw3WkxLbGJEUTJGWVJXSk93MlpYYXM?oc=5"" target=""_blank"">Live updates: The latest on Donald Trump’s presidency | CNN Politics</a>&nbsp;&nbsp;<font color=""#6f6f6f"">CNN</font>",Politics
"‘Things better change’: Arizona voters express reservations about Trump’s first 100 days - CNN <a href=""https://news.google.com/rss/articles/CBMiigFBVV95cUxPSzZaN002Qy14emZZZmZZMHhrZUhzZG9sUUxWTy1oNmJDVVZxbEwxbmRWdEVmVnEtcnM1NnlRQ010QUxzZlNnbjByOG4tWEpJVUh6dXZVUjNNelBhdXVVRkFYMURfSW1IR1RieGlzazVmSmotVTExekhScFl6RjBWbERScjZYWXNrVFE?oc=5"" target=""_blank"">‘Things better change’: Arizona voters express reservations about Trump’s first 100 days</a>&nbsp;&nbsp;<font color=""#6f6f6f"">CNN</font>",Politics
"Tundu Lissu - the fiery Tanzanian political survivor pushing for reforms - BBC <a href=""https://news.google.com/rss/articles/CBMiWkFVX3lxTE1WUHdfb3VKOEFOV2FwYUhSMU5IVng0Z0pmd1N4a1o5dnJza0d1RGhpamVSanRYY0FEaGJVN1NXa3RyckdNQm9GZVhuOHl0SnB5Y09CV0psQ1FyQdIBX0FVX3lxTE5sV01tZUdBaW5KRmwwSkRjbU1hWncycFl1VUZaajhrdGpXN1BwN0JDWTh5TEc1TGQxaHR6TUZRcWtieHIxN3VKRi1qeHRJaF9qOUVaU3Jsc1prN1pDZE9Z?oc=5"" target=""_blank"">Tundu Lissu - the fiery Tanzanian political survivor pushing for reforms</a>&nbsp;&nbsp;<font color=""#6f6f6f"">BBC</font>",Politics
"Women in politics: 2025 - unwomen.org <a href=""https://news.google.com/rss/articles/CBMilAFBVV95cUxNLWtpWXVyZ3pjWTZKMlhNS0RKZnFGcGR6aHgtUjc2azRjcFhFM3YxRUdIdTFPTnpTdWlUalhQaG1Tb2ZJcnV6WEk3dXNCZjFZQmNTelR2MmdjcVFGTUVGdlQ4NFpuMkMzRkUwZWp1SnlzZlJiNXhBZEZCZnZBTXNfRWlFUTI4bnhBWUdCSTVPa0JuUzUy?oc=5"" target=""_blank"">Women in politics: 2025</a>&nbsp;&nbsp;<font color=""#6f6f6f"">unwomen.org</font>",Politics
"‘Just never been anything like DOGE’: Inside Elon Musk’s turbulent takeover of government in Trump’s first 100 days - CNN <a href=""https://news.google.com/rss/articles/CBMiqwFBVV95cUxQdTJ4UElfalBneS1kZU11TVRxdDYzM29yTDNDbEx0NDRBd0NQU0tTOXptX3N5LU83UHo0Y2pfUVgyZ242N1BmcTI4bTJ0d2tkcVVpR2hiN0JyQjh5QjBKNF9wckZOYlJCOFIwVXpUemgyZUt1WDRQbExsRGpwX2p1UDFGZG02a2pua09SX1NNMXhhZzN0NVI4N0JoUHhNS3gtM2NCclJpVUVFWU3SAZwBQVVfeXFMTU9WMnhaTzZRTXlKWC1EanZXV0JZWnJvQ0gwcXVtUmFuakl2ODFoNUxoX21oRk12M19HdjlOVGJMdTRReW00MWg0eXlFRlBNUGU1U2g5Y1pqUXVkVDlpdzhCeGRtQnZTNzBFUXE3VDRhVHAzRU5zMkJEM0JXSl9LbE40WVF1SkVaWHlNbGhXc0E2OE5LbV96TUZ6MGhv?oc=5"" target=""_blank"">‘Just never been anything like DOGE’: Inside Elon Musk’s turbulent takeover of government in Trump’s first 100 days</a>&nbsp;&nbsp;<font color=""#6f6f6f"">CNN</font>",Politics
"Smerconish: Are Hitler comparisons to modern politicians ever appropriate? - CNN <a href=""https://news.google.com/rss/articles/CBMisAFBVV95cUxOc1pncjdIY203SmdNV2M1VFQtT05GOFJIR3JTVVJtdE9QaXN4OUVXMVBSU3kzeDRIVXVzTmItdVpWZVZUbWxqbWN0R243b2hHTWpHcV8zZnlhdDJTWTdEaU1TT0tQNHRzUEJWcWhGYmlaOUFtdEo3Mm01d1phd29Pdy1YQ3J6Vmx4Ml95UTB4ZkZlclhYYjEwVkxYUjBJUk5MZDljNldTaUlnWDU0elUtdQ?oc=5"" target=""_blank"">Smerconish: Are Hitler comparisons to modern politicians ever appropriate?</a>&nbsp;&nbsp;<font color=""#6f6f6f"">CNN</font>",Politics
"How racialized voters are reshaping Canadian politics through digital networks - The Conversation <a href=""https://news.google.com/rss/articles/CBMiswFBVV95cUxPdGo3WXpMamw4X0lDcVBWdDF1czZXM2hsOGZrX3J6dzdncmhPUHRzUmIwRVR6c0d1OGM2R2RaLWg5bFRybUxDajlRVmhRMThxVUtfbGhSZXZsUXdoY21FTGhWVV9FSHk2RzVKeFZYSk9rNllEelJDWXJRS3VtMmhwQl9memphM3R2eWN5bmU5X1dvV1RaY0prTFVaZUhKT3I2NzdiNFpGczJYM3JxNWtmeXQ0RQ?oc=5"" target=""_blank"">How racialized voters are reshaping Canadian politics through digital networks</a>&nbsp;&nbsp;<font color=""#6f6f6f"">The Conversation</font>",Politics
"Elon Musk’s government role gets even murkier - CNN <a href=""https://news.google.com/rss/articles/CBMimwFBVV95cUxPTEhva2Y2QTZ6LUtVZXhTVm5BdWhNMUJrNE0tMkdTeWROcG55aVR6VUhDX0VIWlc3dnlIMVlNaHM2WUVSSHhwVmxIWXpZNEVDcFJjdENiY2ZiR0lldldadVhwbVVWRUtpZGJNTTUxc0tVR1ZsQ0xrTV9ENkFkTFJ4YjdiMi0tZk54c0tiM0hQSFAzR2VzRHlfNm9Ub9IBkgFBVV95cUxPNGFmRjVrcHVGV2M4RmUxRHNzZlhFZTk0UFRLNEtWMlZfSmVGSzM3MmdPQkNtMXp6Um1SVVlnVjN4R0t5dGdPOGVMZ19uSkEza1p1RE91S0MwVDhZZWhBbGdYSHlOR3lqenFlQU5sMHFDNmZ5czM4LTVuRU5yUWc0YUROT1h3QWJSVU4yVzBNYVd2Zw?oc=5"" target=""_blank"">Elon Musk’s government role gets even murkier</a>&nbsp;&nbsp;<font color=""#6f6f6f"">CNN</font>",Politics
"What has DOGE done in Trump’s first 100 days? - NPR <a href=""https://news.google.com/rss/articles/CBMieEFVX3lxTFBsWHllRHJ0Q2dIRmw2Q2RYTUJTajdTckwwRV85YlBlSHV6RVJMSEFKWmFNTE1oM3E5bGo5eEZPckVNLUNaVUgxUVBZakpfVmE3eU1PcE80eGs5UjA5UWNkRzEwcGVmR1F2dS1xT2lDY3Vpc3dHM1lPYw?oc=5"" target=""_blank"">What has DOGE done in Trump’s first 100 days?</a>&nbsp;&nbsp;<font color=""#6f6f6f"">NPR</font>",Politics
"Politics latest: PM warns of 'disaster' if Reform and Tories form coalition - Sky News <a href=""https://news.google.com/rss/articles/CBMiuwFBVV95cUxORDhVQlhJN3dFV2FOcmVIN19YRXFjd0xfVjQ2MkN4b3F4ekJtbFVvMzVFVjB3eXZuaS1rRXFlRTdsaEZxdkNBUUs0aTdic1BjM3VGOHlsdFduOTZhSTdpWG5oT1pOT0tuYlZ2RzFpOUVRNTRxaGZxOHdEOEkydklFcXZGcnpUVkFELURyZWxzbzNkQVhXek5MQXRRYU1wMEh2bnNUQWRrelc1REhLbENVRUREMDVnT0tiM3R3?oc=5"" target=""_blank"">Politics latest: PM warns of 'disaster' if Reform and Tories form coalition</a>&nbsp;&nbsp;<font color=""#6f6f6f"">Sky News</font>",Politics
"Reject identity politics, says PM Wong as he calls on political parties to make clear their position - The Straits Times <a href=""https://news.google.com/rss/articles/CBMi4AFBVV95cUxQMFlSc1g5NFV3VWh2QUliR0g5RTduUzZLUTFFamRLVmpGN0VLX2dMNkFub2FaYk9MUFhhUlhkLTEyWEE5Nm9YUy04QjhYTU9vY0NCRm9qbTlydVMyMnJWSlZ2d2FMZHVxVkZYaXN0ZFpLUzFLTXNfQ2kxM3VuSmFkSGlCSXQ0anBkWXpqVEg3elZTOHpzVWVVQzEyODBFeGktSEMzcWNtcmhCVjNBYTNMellaaWg4YnhJbVQ1WklyVVNGNmhsUXVyRnRGVDZaTVBTTGM1VUVILW5qQ2JBU1lDbQ?oc=5"" target=""_blank"">Reject identity politics, says PM Wong as he calls on political parties to make clear their position</a>&nbsp;&nbsp;<font color=""#6f6f6f"">The Straits Times</font>",Politics
"Bolivia’s wild politics are dragging it into the abyss - The Economist <a href=""https://news.google.com/rss/articles/CBMipgFBVV95cUxPdndoUkxldUU4Tll5WWFhaElDbUNOUmlEN0daRmRzWk9QZDN2VTJDX2JORTN0Wjcta2RMaU9Tb21EbVVwVklRRDZwZlYzOUtPaGRSbU9ZZ2k1dkc1aVFRMEF2c2tra1lTREhnLTBCdU5lR3l3RGFkMm9GcE11MTJ1Vm9GRHlhcTBCbVBVbmFZRkFDVTE0VHJfQ0ltd3dKc203amxZdXVR?oc=5"" target=""_blank"">Bolivia’s wild politics are dragging it into the abyss</a>&nbsp;&nbsp;<font color=""#6f6f6f"">The Economist</font>",Politics
"Politics - The Economist <a href=""https://news.google.com/rss/articles/CBMic0FVX3lxTE02RWhoNmdPWW1iWXhzaUY2YVdOcVFucE0ybU90VHl1MnVXcGc3akMyenlkcURtcWQyUE5ZZHBxNDZlejJvY2ZwUkdPRkJEbzlTbjVaWnlkOWFWSF96bVpJMmZqVHBNS3M2WGJ5M1FvWnNOQUU?oc=5"" target=""_blank"">Politics</a>&nbsp;&nbsp;<font color=""#6f6f6f"">The Economist</font>",Politics
"The unravelling of civilization: Egocentric ideals and world politics - The Jerusalem Post <a href=""https://news.google.com/rss/articles/CBMiV0FVX3lxTE1Hb3M4TGQzZDFURTItQ2h3WkliMV9acFQtcFJibzljdzM3NkhvYWlyQTRFZkc5WDZvZWdxSzgxQ1JpelI1RTBYZVMxRm1CbmpCQU1hd0d4OA?oc=5"" target=""_blank"">The unravelling of civilization: Egocentric ideals and world politics</a>&nbsp;&nbsp;<font color=""#6f6f6f"">The Jerusalem Post</font>",Politics
"Stay out: on Georgia’s politics - The Hindu <a href=""https://news.google.com/rss/articles/CBMilwFBVV95cUxOOFFFcWNqNU0zZ2d3VUg5TjJMSk1DUjZFTnBkWElycU5kZjJzTC1RVTJMSk8wR0ZjdzVJOFZCc0tKb05DeGZUSlV6VGViVXhUMkswRUNQQ2RKVmFnUmxRNzNIdC1FZTJXbDJkQ1k2ZmtUVDZKSUt1eUROcEN2UEM1NDZBcGpaczhkQzZRakRhcm5OcjIyVmo00gGeAUFVX3lxTE1udHRDM2xTR0p4Z0M1ZHNMSzdsTWNDbjZhS3ViaHM2Qk1SbmdaVmtpWXFta2I1R2VSdVMyVUNvdkIxbDk1TEpMakNKb1RpaExiNEFlOFhHS1hPTWtmYThKYlhidC1LOHVrYnp1dWNJYk5lUi16X3ItTUZzSjQ5WVk0bzJ5LS1yckZ3Wlh2VXlsQ2t0ZE5sc1JlYmpBVm13?oc=5"" target=""_blank"">Stay out: on Georgia’s politics</a>&nbsp;&nbsp;<font color=""#6f6f6f"">The Hindu</font>",Politics
"For political parties judging this year’s local election results it’s all about the baseline - The Guardian <a href=""https://news.google.com/rss/articles/CBMi1gFBVV95cUxQeWZLN2w4bG1zQncyOUNkTGEzUWdSN3F3S3Y0dEpyQUFMUk4tM2c0TWxfOHNDS0pPLTg3eVQzYjBfaGl0bVJ3cDRSV2lRYzEyM0tDYnN2Q2xuQVNIR0NaR0wzMUdEZHRCeTBlVGJKaGRsYjh2S1VtTHljUTNvWFcyOG5sNTJFcGllUHVaMko5eTR3OUhPYjc4YkNyS29iWkVFZWxBX0NNOHZPSlpWRzFOQnZuekRHRWI3eVA4TTlTNlg4UWxxWlFKWDRQalVuZ1Bvbm9HZ1dn?oc=5"" target=""_blank"">For political parties judging this year’s local election results it’s all about the baseline</a>&nbsp;&nbsp;<font color=""#6f6f6f"">The Guardian</font>",Politics
"Democrats keep saying America is an “oligarchy.” Is that true? - vox.com <a href=""https://news.google.com/rss/articles/CBMijwFBVV95cUxNV2xacEVwNmxpR3VPZndZa2ZmcE53YnlVVzVpS2UyYUgyc2RQb2pjZzZQT1FoQXdhVTRPOURFMjYyWnpEQ2xWTmR4OUotQzd0STdxYW1nY0EtT1FLVDJTYVhxcU5oV3prMGJpMkxFdFI5RW1OQk0xY2x6NUZqZ00zRDNmNzFFRTRZUTZmQUxYMA?oc=5"" target=""_blank"">Democrats keep saying America is an “oligarchy.” Is that true?</a>&nbsp;&nbsp;<font color=""#6f6f6f"">vox.com</font>",Politics
"Congress, TMC and BJD politicians whitewash 'religious profiling' of Hindus by Islamic terrorists in Pahalgam terror attack - OpIndia <a href=""https://news.google.com/rss/articles/CBMiiwJBVV95cUxQSm9UTWxndlE3bm1MWkt0bDhybEVRTWQ3MTc2NlVHODNILWNSZGdFaFQ0akpGb3NMdDJ2cnpMd3NhYWJpYjgzRzRicHRCbXdMN1dFRGNIdVZCNzBJd1JTYi1sM29WblJaRl9sVVVUN0t3RUczR3lPWk0tWGxDZEdNbDd3azlvb01wUkdsdFU3UzJ0VGlDT1RSbzBEc2laQzJ4MnAtaWZSZ2lkMWREc2JmYmxfVGF1MG52QlhnUC14TXhlNlVDSGtrdWQwT3pJVnJjUEdydWVvT3hKaFA0V1pIUmVwNWQzT2xVNTU4Um84RzR2NlFtOHBjOEpjQXdyd01DZ0RjWXRJQzZZRUk?oc=5"" target=""_blank"">Congress, TMC and BJD politicians whitewash 'religious profiling' of Hindus by Islamic terrorists in Pahalgam terror attack</a>&nbsp;&nbsp;<font color=""#6f6f6f"">OpIndia</font>",Politics
"Political leadership roles in 2025: Men continue to dominate - unwomen.org <a href=""https://news.google.com/rss/articles/CBMivgFBVV95cUxOTEhzV2J3Y041WGFZb0RSbkcxcFdsSGsxTEhRTjU2T1JwZU11NU44T2NQTmJ0eG5KcHFuUlRBcjVNWmhlRFJiLWpEVjBQdXNKa3p3aUNBZFlSWkdUMDhfUjNDWE5JRzdkRWhqeGlYdXpDY1BUZWhtZjg4ZG00UWN3akE0VjRseXBndG9NRm5aYlo0VEJMUnlaMFFpazQ0UXIxOXBNNUM3TFNndC1Vd19rTENROXlWSFZ1RmFHYVRR?oc=5"" target=""_blank"">Political leadership roles in 2025: Men continue to dominate</a>&nbsp;&nbsp;<font color=""#6f6f6f"">unwomen.org</font>",Politics
"Treasury secretary: China needs to change - CNN <a href=""https://news.google.com/rss/articles/CBMijwFBVV95cUxNai1PdXZVU3MtNGRSaGlSaHMtRmtycG1jS19CRmNmVktlejFhUkxlSVN5NkhISmJSclpRNFV2UEFGQU4ySXBGN0R0Mk1mVjZKZkh4ZmJJVzBSaE92Tkl3VzVWVkZRYXBDck1TYVlYQ19VLXZrUTBkTTVpQ1gzanY0d3ZobUNOb012aEVVS25CSQ?oc=5"" target=""_blank"">Treasury secretary: China needs to change</a>&nbsp;&nbsp;<font color=""#6f6f6f"">CNN</font>",Politics
"UK faces biggest political shake-up in 100 years as local elections loom, says Sir John Curtice - Financial Times <a href=""https://news.google.com/rss/articles/CBMicEFVX3lxTE9welpydHNRLTlVcEVmWl9mNy1GZ2l3bWtRRFZLNjRIRV9NUXZqWjVhSVV0SlZHRlQ3d21tcGZmVC1xZjYzYzZhay16NDZYVzA4MjhDVFZiZG14M25XZzFRVlotbzhpMzUxdk50RzYtUXY?oc=5"" target=""_blank"">UK faces biggest political shake-up in 100 years as local elections loom, says Sir John Curtice</a>&nbsp;&nbsp;<font color=""#6f6f6f"">Financial Times</font>",Politics
"First on CNN: Harris to give remarks as President Trump marks 100th day in office - CNN <a href=""https://news.google.com/rss/articles/CBMihwFBVV95cUxQV1ZSUmEzbUlEZnZiMU9YMlY2X2hmN2tCMG00OHY4UTJwRGMyYnB5MDlzX3JoWTN4SjRlRW1MQVNRRGN3NTQ0RVdIRGl5TGZ3YmhDRUY0WUlaQW4ybWpxaG9HMkRSS1ZQaUZOYmpBUVR0N2NMS25vNFB5aWNfUjVvT29RYXZQb2_SAX5BVV95cUxQWldUQ2hsN2F2M2Q2cWwtTUhTOE1Zc0hQeXoweVhhbnVOSzg5Z18xT2hka2ctSEZhSk5fYjRVX3NMejJzWGVTVkViOHpxelMwelAtS25jLWJqcHVtYVRLSVlacUR6R00xOFpxaTlSS0Jpd1luTHJOQkpkUk9GSnc?oc=5"" target=""_blank"">First on CNN: Harris to give remarks as President Trump marks 100th day in office</a>&nbsp;&nbsp;<font color=""#6f6f6f"">CNN</font>",Politics
"Zombie politics: how Dead Man dominates British politics - The Economist <a href=""https://news.google.com/rss/articles/CBMiogFBVV95cUxOQUo4a1V5UmR5N2p5a1RqLUlMQzVObUI0NkpBdHNpdEpOR2g0MXRBTEQxSjR2empWcmdvdnFiel9tOWNoNHFoOHdMWkJqZWtIQVpVRGJNeDF6amFOMnVidURPcU1TTG1fREhVZ3JIMnFOaVdleWdVWDVwamZ6Y2VpR195TWdtVkc3RFZuampXZlI1bXphYm5rSGY2OTZiYnl6TVE?oc=5"" target=""_blank"">Zombie politics: how Dead Man dominates British politics</a>&nbsp;&nbsp;<font color=""#6f6f6f"">The Economist</font>",Politics
"The one change that worked: I quit fighting about politics with my friends and family - The Guardian <a href=""https://news.google.com/rss/articles/CBMi0wFBVV95cUxQWGJWVDJQS0RSLUFidnJGNjZkb3VXdEVLdDYzMklCeGlKX280MnFIUGpLZ1ludE9JZ1htRUJIbFk0TnhuOEZKRHlyeE5jdWVHd0czTzhVNnAwelpkX3U1YXZ1VTNoQ0hfb1I4V3pDRW13ZjlxWmVCOUtoYmRhX2tYSUZ2ckVjLW5xS2RTZHA0U0djUGpjVHByTjBaSGFqTFNjYmh2Q0hfZTl2Rmw4dDIwX1ZrYjlpZG9IbUdxVTNsY2d5anBJTW1HdmQxbUdVQmJRbTdj?oc=5"" target=""_blank"">The one change that worked: I quit fighting about politics with my friends and family</a>&nbsp;&nbsp;<font color=""#6f6f6f"">The Guardian</font>",Politics
"I Hate My Parents’ Politics. Should I Keep My Son Away? - The New York Times <a href=""https://news.google.com/rss/articles/CBMiigFBVV95cUxOUE1nZy05TW9ZZHNlZm5KSDVJUU5mTmNfU2Y1d3ZHQWxHbUk5N1phejcyLVVuME41VThPUXZYYlpTQWMzYWJtUVg1V24weEdYMFlPY1FEUVA3eVZRZWdWdE9LYjM1aGlieXFxdHNHWFFRMm1kSE1YMnBmQ2ZtckFrMU1wUkRwMERQX1E?oc=5"" target=""_blank"">I Hate My Parents’ Politics. Should I Keep My Son Away?</a>&nbsp;&nbsp;<font color=""#6f6f6f"">The New York Times</font>",Politics
"Muizzu’s Politics could Challenge India’s Pragmatic Policy - orfonline.org <a href=""https://news.google.com/rss/articles/CBMimAFBVV95cUxQV3VNb0pXNm4yaWFwZHZ5QTdFTnNnSEpibHR6NTlZRHFvY3ctZkRURkhxTlRJdVNqNjJFekxyQjZhcjJ4Nll5OWw0RGJ6QUxnN3lyLS1NNTEzQUxWWWtoLU1vd0MzU0pzdEU5Z0pjejJtWlhNdF82bF9qZVBHaHBDUW43RDlJakR5cEVVQUNleDZUWFM3VEtoQQ?oc=5"" target=""_blank"">Muizzu’s Politics could Challenge India’s Pragmatic Policy</a>&nbsp;&nbsp;<font color=""#6f6f6f"">orfonline.org</font>",Politics
"What political ads are Australians seeing online? Astroturfing, fake grassroots groups, and outright falsehoods - The Conversation <a href=""https://news.google.com/rss/articles/CBMi2wFBVV95cUxPYmhmX1ZCSFFLYkxnbUljVWpsR0EtcVNfRVdjZ2NlN0FWdnQ3YmYwTUc1WXNSLXVCUDJRN3Z6anZXV0FfNlNTNktqZ3BvbkN2bWFNdk9KX3FFSWlCNS1HVlZsQXdKeUxhM2VEQTZSMzF3SWloV3Rubk1OR3loYk9WcFRpS2FmeFF5aDlGS2pzMDB4b3JpVF9QbzlFQ3ljVHVFMjFkMTJwbVhWNGdTNktsMTUzazNqbGZSTXpHdDlNeGdBOHlBSUFCOFE3MVZueEhDY08wTDZsWWdIRjg?oc=5"" target=""_blank"">What political ads are Australians seeing online? Astroturfing, fake grassroots groups, and outright falsehoods</a>&nbsp;&nbsp;<font color=""#6f6f6f"">The Conversation</font>",Politics
"Politics with Michelle Grattan: historian Frank Bongiorno on dramatic shifts in how elections are fought and won - The Conversation <a href=""https://news.google.com/rss/articles/CBMi3wFBVV95cUxPS2xOdnZrUWhVdjdDY2R0NXl5ajBycTRJVVY0LXUxM3dfYXNCVVF2UUxtMzRCNVNFWXhIUlltemlHWkI1Y0xsMzJ6dk13ejY5Y1Y4SHFiRHRlSTBINmtGZjhIUXFwa0ZCRTdycHduM3Y1OFMzWUd3RTBZWlo1ekIzLWstU3hTd2dwN3d4U0Z4V1pqOFJ4Zno5NWlhdTcwWWhLRGEyVDU5cktNOGVCeHpicHpqbGNlZGlwelhQMGZhZ2VBQ2FYamtmTXluclNHRE1SYTNmLW5HYThDZnNieEZR?oc=5"" target=""_blank"">Politics with Michelle Grattan: historian Frank Bongiorno on dramatic shifts in how elections are fought and won</a>&nbsp;&nbsp;<font color=""#6f6f6f"">The Conversation</font>",Politics
"Why so few women are in political leadership, and five actions to boost women’s political participation - unwomen.org <a href=""https://news.google.com/rss/articles/CBMirwFBVV95cUxNWHkxUUpBekVfcGtmSUowUzJ5eG1UMm9xZ2JzTDJuQ2VYbmNrd1BiNGp3bTEyOW1nWTYyMDJBeVp1cWZ6cHk2cHF5clBkUEJRd2tKZlBPS1pTaC1wZC1BQVNldnpUMlRfS2Iwb3BpMnhoOHI1WWNDS3lfRXFzM3FZeTY1dHlZbFdYUlpLQTZJc1hoN0xyQjBwUDFhcVN4R1czN1FTRnJWVENiaWg0U3Fn?oc=5"" target=""_blank"">Why so few women are in political leadership, and five actions to boost women’s political participation</a>&nbsp;&nbsp;<font color=""#6f6f6f"">unwomen.org</font>",Politics
"Who will win England’s local elections on Thursday? - Financial Times <a href=""https://news.google.com/rss/articles/CBMicEFVX3lxTFBtNWdZM2Jpa2tmRVRIRmVDZzVDN1k0dlI3ZUdzanB0X2VqVENxcXk0NTV0MklHNExTdzh3QmJxcE9COC1rdG5LXzlJN01XazVkODNsajBzbFlLbndWbEhuVmJYYktyNW04UklXbWtRZ3Q?oc=5"" target=""_blank"">Who will win England’s local elections on Thursday?</a>&nbsp;&nbsp;<font color=""#6f6f6f"">Financial Times</font>",Politics
"CNN Poll: Trump’s approval at 100 days lower than any president in at least seven decades - CNN <a href=""https://news.google.com/rss/articles/CBMiiAFBVV95cUxPRXhDUUw4S2ZrSmNUaEFxTncyM2ZQOVF5eXp5YmthWjhEOUViWElOMjFNdmNzZkxTRFZSQjJlU0RlNHZKeFoyVGpGOW5YSUVhbWZCSUFxeUx3Ni1DVWVrenF5RTlBVG1PMmNZcDJFenYwMUtneUU3VEFDN2pmS3JTYXhvQU1CT1h40gF_QVVfeXFMTlltZEN6Wks5Tl9oXzZscXNjeUExTHE1NGxPcWluNGlrUUp2S2VXN0tVUFJNYkhFUDZMWXBBUWJvel9XSW9nYy1vZ05mTloyX3c4eFRwMHBhX2Rtc3gxN0xTNjlaLTZBdjNveF9LWVdjOWRva0ZQY3Y3UlJRR3RIUQ?oc=5"" target=""_blank"">CNN Poll: Trump’s approval at 100 days lower than any president in at least seven decades</a>&nbsp;&nbsp;<font color=""#6f6f6f"">CNN</font>",Politics
"Feeling Political Heat From Trump, Colleges Pump Up Their Lobbying - The New York Times <a href=""https://news.google.com/rss/articles/CBMie0FVX3lxTE41eXc1NVRXU0E0MDF4VDA4ZDZza0FJTnUxRHkwbS1TVjM5anE0b0ZHU3lObTFWckJveDBaNVEtVzlva2VIVmVJS0MwYkwyaG9qekU2dEota0JnUUVKVzZKX1ljcVN0ZnU3eTVCazkteldTSEJ5R2lDVGJkSQ?oc=5"" target=""_blank"">Feeling Political Heat From Trump, Colleges Pump Up Their Lobbying</a>&nbsp;&nbsp;<font color=""#6f6f6f"">The New York Times</font>",Politics
"Politics intensifies in Odisha over central deputation of 2 senior IPS officers - Odisha TV <a href=""https://news.google.com/rss/articles/CBMirAFBVV95cUxNb0pMM0I5dE50a2x0d2RERHYwWmcwNEIzVmJ6OC1OMHQ5T0E5WjlNU3ZUQnhhaThCX2U2Sk1WOHFNRDdCaDNZc3lrRUkxTmVTZWNpb1VDZE1leTRlTFhBeURXSVZlU3FSTm80M1RtN0gwZzhzZHNPYUUyUXgzbmZDVHYzcWx2VW5yNUFvcGZxRXB4ZTFUa1pINVRZQlpnN09wc3N5WGppSnFaRjhX0gGyAUFVX3lxTE9LdThtMTRsR1N3emNOZWNRRkpmWlViX1NxR0t5Y0EtLXFfVVA2TDBIRmVCX21sRGM2RFpkV0VSOGZTOVdoRVIxejNWekVlNU5uOEhjSkxYN2NWbmoySWJxUDBVUHI3V1ZMMWJ3ZTl1aXNpZ3ZNeFVpckxsZm5fMUhtdVJfdFNNQ2ctaWQ0UUs4VlJGNzJic2VuQzhYdUdUSmlsSURxejJnRFNGcEE2NEhfelE?oc=5"" target=""_blank"">Politics intensifies in Odisha over central deputation of 2 senior IPS officers</a>&nbsp;&nbsp;<font color=""#6f6f6f"">Odisha TV</font>",Politics
"Trump’s Job Rating Drops, Key Policies Draw Majority Disapproval as He Nears 100 Days - Pew Research Center <a href=""https://news.google.com/rss/articles/CBMizAFBVV95cUxPTnNHb1VZWndTX3VsWjUtZzJvb2FOdktoUGRYT25wN3drRlNWXzlYYUxSSFVrNnk0OVJDZ3JNUksyQzNwWVhRM3RONGJ2R3RUU1BlRXBIa0xSYkR2bV9YYU1ISFl3RHBQZ0VMa1c3QUdacEhjcW9PWDh6TGNROFNrZmQ0S2U2cUxyZW5RSGV6aUV4NlBjZWhkUGxHaEpEMEZFbWlVd2VjVjBEUmpwR0FPWndEN3pxZjJ2RmhmZkFxTXhCcWQ0LThqeUR0cXI?oc=5"" target=""_blank"">Trump’s Job Rating Drops, Key Policies Draw Majority Disapproval as He Nears 100 Days</a>&nbsp;&nbsp;<font color=""#6f6f6f"">Pew Research Center</font>",Politics
"Political news is making me miserable. Is it wrong to tune out? - vox.com <a href=""https://news.google.com/rss/articles/CBMinAFBVV95cUxPSDJBcnZBcEJ0X0U4U3RxcjVWWXl2Rk1pTFJ1WXpsY2dPY0REX0ZpTmF0SUg0am0wSHV3VlUteTBpcE9KemdvdTg3NDh3djluTHRXcmVtVzB5T19NVUhpT2FQVF9McnNTT2NRVlJKTG93ek45Qm9IdE1yS3BrMG5pWEhQQXNqRkc0LXdMWjc5dm9xRFpyZEx0cUFDVDQ?oc=5"" target=""_blank"">Political news is making me miserable. Is it wrong to tune out?</a>&nbsp;&nbsp;<font color=""#6f6f6f"">vox.com</font>",Politics
"On GPS: Trump’s troubled economy - CNN <a href=""https://news.google.com/rss/articles/CBMiigFBVV95cUxQVExia1pFbjNvcERrVmg1aWlRMEVFREZjczQ4RWpSTkhQUHdlYjBDYk1ubW9RWjVzbldLdEtqY1FfcHV3a2lSLVBSZHowZFVVLUM3cGdabDRsczhsTEFKb0hCVDByTXNWcW9fdlkxYWQ4LU9KYXNLYXBReFdYc29nT3BPNmpRTDRNU1E?oc=5"" target=""_blank"">On GPS: Trump’s troubled economy</a>&nbsp;&nbsp;<font color=""#6f6f6f"">CNN</font>",Politics
"Canada's election: All you need to know - NPR <a href=""https://news.google.com/rss/articles/CBMiiAFBVV95cUxNemlYd0J2TXVtZWMxbHdlYmktX19hOHgtd2J0VWNKY21nWjBjdnhmOGdUS3JVVWx5UUM2TmN4eDI0dGVDVGotaEFRRmhpSWlGMzlVNDQ1Y1FaR0M3c3owalotMEpfakN5OHZsTm5JbjR0STJMczhkRWozcC1MREo0b2pIRU02RVV6?oc=5"" target=""_blank"">Canada's election: All you need to know</a>&nbsp;&nbsp;<font color=""#6f6f6f"">NPR</font>",Politics
"The billionaire who wants to Make France Great Again - politico.eu <a href=""https://news.google.com/rss/articles/CBMimAFBVV95cUxORGFVOWFtX0dIOTdqb0cxTHUwejFSTGdCeW12c1JHRkFrREVYTm9yNWJoVXpXM3VGNkZ5THh0TVJ4dDdScnRreVo1cW9OWVFEMm52bm43ZHhCUVJUUnlrVWVWOE55Q3JwcmdNM0RGbjRBVGVxTWhDQXNkSmltS2FBSnFLWTlkOWR4bk1ta2F1VGVWSlBYcGI2Rw?oc=5"" target=""_blank"">The billionaire who wants to Make France Great Again</a>&nbsp;&nbsp;<font color=""#6f6f6f"">politico.eu</font>",Politics
"The Philippines navigates shifting political currents in the South China Sea - East Asia Forum <a href=""https://news.google.com/rss/articles/CBMitAFBVV95cUxNUnJkOXY5RjVNSEJLYWtucHVEUnRyZlBxWVJoamdJTVJ3dTNjMWhxdEU2WEN0aWlwcXF2eElIVmdTNllkemdTWVhDNHFzZVQyTVh6ZGE5UUFkbE56a2NRdUVtSi15dmQxdHprcTg4YkV4YzZsVDJnTVhxN09uQTA0RDhXZHZlS0l4RDJuYmpsXzdlcXRrRkV1NkV4VV9fb2NaQlNxdnVsSzBvUVUxVlZDQWctMUw?oc=5"" target=""_blank"">The Philippines navigates shifting political currents in the South China Sea</a>&nbsp;&nbsp;<font color=""#6f6f6f"">East Asia Forum</font>",Politics
"Brazil’s ex-President Collor de Mello arrested after corruption sentence - Al Jazeera <a href=""https://news.google.com/rss/articles/CBMisgFBVV95cUxNQWZqRDUxMk13VkhVYktwNzBTU0NlMlc5ZjU1d2puRDIzOUh5RW51SnN2R1RVTDRmMDFaVFp0dVo4NGtia0JWT1B3cXRGSkpUek5YT1N5QUJZVV8xcS1yd0pjZm1FT043SkZCR0I5T2tOaWFNUHp0NzBBZlBVQ25DQjd0X3ZtMVpMSk1sY0MwcmpYcFotdXM4UXZQYTlfakxMYWg2NnJpZVhBRzdWMUpCdnhn0gG3AUFVX3lxTFA0S3J1SDhPamRielliV1ZzYW5lNUZZdzZBXy14NlEyWnduaWc1VnVEdHNkT0dpaG9nTUZfaWlKbHItVFlza0JESHBCX0VwSmhvbjJPazNwc0Zaa1J4WmlFXzN4ejNyUnFjUUNEbXZjaEtYWHg2TDF4SFZTQnA0aWdhQllzNmR5cTFEWlhYNlA2em92b2ljc0tuNERnSHFzQlBFdGVFSEFveGV6U3J6MHJWaDZuQm5VZw?oc=5"" target=""_blank"">Brazil’s ex-President Collor de Mello arrested after corruption sentence</a>&nbsp;&nbsp;<font color=""#6f6f6f"">Al Jazeera</font>",Politics
"Local elections 2025: The first public test for party leaders - Sky News <a href=""https://news.google.com/rss/articles/CBMilwFBVV95cUxPWmdBZy1xTkEyRDhvNG9LeDV3cVVqSkp6VUxzTTM5d0RKMndlWXg4ZGVPNnh3cjJ6UGtLS3l1VEc4YTVCNmN1MUNvYWg1bUtMRkVMaUFOUlNhdlI0ODVSeUVtbmxhdjFTMFNXQURGYmFDNnVPR29KTV9PamVJZ0c2bHdlM2puel9RU05veHlJTnMyaTlCT0J30gGcAUFVX3lxTFBqaGk4UHJHTV9OaXNzR3l6TnJNODV6cG1fXzVwZmtfRVQ0ay1CVDhmSHFOUk10bzJNZ29feGpqZ2hmc2U5SUJNWHZwSzlMRDhrYXFMVy1nWWNqSkplbzN5U01UZ2lNSy1vVDJuUDhPYkpQemF2bE45V2EyZ1NtaTAxaFd2X0t4Y2pLb1J4Z1NIcFJELUtPWDVvbXlSNg?oc=5"" target=""_blank"">Local elections 2025: The first public test for party leaders</a>&nbsp;&nbsp;<font color=""#6f6f6f"">Sky News</font>",Politics
"Reform UK challenged to give details on donations after £2m mailshot campaign - The Guardian <a href=""https://news.google.com/rss/articles/CBMizwFBVV95cUxNQURXLXhHckowMl9XcVlJT0pZamUzc1VRNWR0S3JZSjNTUDdTRzVuSjJ2Z3ZVQk9vSWQzOWx1SEtPQ0Qtd3Q4V284dm03RFpNOV8xS0NNNTR3d3hTTGZhN1dRUGhEUldKbXFUSm12OVpaLUs5NTNFUVJSNGxaczlxT1ZVZFpUYW9rbjJrVnVub255bkFWQTQ0MzUzX2lXVDdWZmpVUE9JNk9odGtNNDFNa2dBX24zU2NJa0syeW80NjFrU3dhLVZpTHhYS3ZLd2c?oc=5"" target=""_blank"">Reform UK challenged to give details on donations after £2m mailshot campaign</a>&nbsp;&nbsp;<font color=""#6f6f6f"">The Guardian</font>",Politics
"Could AI replace politicians? A philosopher maps out three possible futures - The Conversation <a href=""https://news.google.com/rss/articles/CBMirgFBVV95cUxOdEFDVWJwYXJTM3c5aTFxcVFyQUlaRlBnOWpMT2ttUGVOV3BYVmQteV9FUFlJcjRhelhkTjI3UmRQSE01bTB5VHpUZ0s1bHdTRDNmbDN4UDZWakxrZjl3SGQtZW1hUTl3NVBDNGJoX3dWWE9tcjJBWWhNSmdBam9WWVZSOUdvR3pfOEt5bTU4ZXVnUGlxb3c3alItWUg0YktEVjg0ZjY5R21aX01QOGc?oc=5"" target=""_blank"">Could AI replace politicians? A philosopher maps out three possible futures</a>&nbsp;&nbsp;<font color=""#6f6f6f"">The Conversation</font>",Politics
"Federal Politics: No Significant Shifts Since Last Poll - Leger <a href=""https://news.google.com/rss/articles/CBMiggFBVV95cUxOWVVVYXNwUERlbTNVSUNaTnpDOEV6Y25Ec1ZpTnh5RzcybnBXMkNrS0RRVWFFTzE3aDRXbWNldWdHNkEwSDNJX1dmTFB0cHBEempnNEFMZG8zZTZGbWJwekRkaU5qTk1uY0NRRmdXUW5NbXBCNXdjWFpjZGVyRy02VUR3?oc=5"" target=""_blank"">Federal Politics: No Significant Shifts Since Last Poll</a>&nbsp;&nbsp;<font color=""#6f6f6f"">Leger</font>",Politics
"Single-sex spaces advice 'problematic', says STUC's Roz Foyer - BBC <a href=""https://news.google.com/rss/articles/CBMiWkFVX3lxTE5QZngtVnlJTVNpWkQwaFNHcGVGVkMwMzFRMGZMZ1pNV3AtVzcydm5LRDJnOWxnWHY0Z3lHNnpwRGNFeFNCakFnYVd6bktrMXVtTUt3TWNxV3VsZ9IBX0FVX3lxTFBOZFZBVVRVRGhZQkdXVkJORkEwZkZpYVhXd05yQWRnYl90a0I0SlNOelQ5WFVHN0Z5TjZ4SlF4R2FHWE5TM2t3ckZSaVp1UUNNRzFtdUdmOFUxMmVrQ3Bz?oc=5"" target=""_blank"">Single-sex spaces advice 'problematic', says STUC's Roz Foyer</a>&nbsp;&nbsp;<font color=""#6f6f6f"">BBC</font>",Politics
"April 27, 2025 – Donald Trump presidency news - CNN <a href=""https://news.google.com/rss/articles/CBMihwFBVV95cUxNcTlseWJYLU9rbUJ5aE1LZTd2NEd6dTV1bHRLb19mZzBCVzJHbHpWd2FCMldwbEtVXzV1LThkS0ViNmJBRF9oZHdmQnpRUnZNOWF1UXZuR0lTYjNLdXpMVWhqUVBHRWxtV3RsU3NfS3ZDTmh1RHRnYmhXYUFURmIxbUxXcjRMWXM?oc=5"" target=""_blank"">April 27, 2025 – Donald Trump presidency news</a>&nbsp;&nbsp;<font color=""#6f6f6f"">CNN</font>",Politics
"‘Worst on record’: Enten on Trump’s approval rating | CNN Politics - CNN <a href=""https://news.google.com/rss/articles/CBMipAFBVV95cUxQVVYzS3NOcHMyYWF5X3U4ZUVwdy1TMzd5OGZXazNBODRUaFp0SXQ2VTJ2OW5HSHBxZWlDNGlLQ3ZUT3Q0eXdoQlk5SURlY1duenpaRzRrMjZPVnEwbV9zeXBiT2pOa1NvdmZRSWNZWnVubVR3ODBxcGtnWGRkYV9oQno0LXJZZG1yM1ByNU0tcVdjQ0ZrYmg0ZWhFZ085Vnl1YmhGcg?oc=5"" target=""_blank"">‘Worst on record’: Enten on Trump’s approval rating | CNN Politics</a>&nbsp;&nbsp;<font color=""#6f6f6f"">CNN</font>",Politics
"Watch Trump Cabinet Secretary react to Trump's low approval in new CNN poll - CNN <a href=""https://news.google.com/rss/articles/CBMitwFBVV95cUxOcjJ1ZUlabW4yUEFSTTRVUlgxd3U1RkU4dXpfZWNwRjNzMnJtSVV3RnMxeEozTG10X1pfZmxOYkJYUmREandLU1ZHVnFLaHp5aHkzaTMwZ3J3Y0llTElabjJRT0U4UTcyR3BNS3hlbjBTNjVpRjZLV2lOU19KX2dIelNNZ2w4Zk5aSnIzdVczVVFtQ1A1T044VG55VTNwLWtGOGtkem56Vk5xV2Y0LXd4RW80QloxVFk?oc=5"" target=""_blank"">Watch Trump Cabinet Secretary react to Trump's low approval in new CNN poll</a>&nbsp;&nbsp;<font color=""#6f6f6f"">CNN</font>",Politics
"‘They are sick’: Trump fury at sinking polls - News.com.au <a href=""https://news.google.com/rss/articles/CBMi7wFBVV95cUxPTFYxSTJzVnZvS0pic011dDVNYWxMMkczRnRwRFdKYzNqT19sYTZlQ1V1NS0zMVZ0VkVGZG9HTVNJZURmdHRDVThuaG9EUlVZdTAxalFPc0RJdFRRa3RKVlB5NGphYktCRENBaEVaZXEwODlsSTRpWnJucEhlU1d0S0RJNHpuTGFrZmZXdlp0V0x1ZnU1OHFKZ002NGhXMVhpVEpIUTROYU1JTU9DbEU2eWlILUx1bGRrWHQyMjl6U005QmRCSGdyYm5yNnB5UGpOUHlXTGpYM2cyLW5DQVRQdzlObjJKbng3ekFUVFJYMNIB9AFBVV95cUxOeGwtMEV6QW9QZE1sVTJ1NDdxX2VMRlhLQnBXVXRGdFlOTkpjeU9qVWJtNWR0bjk1WVBDQWVTRzlzZmstdG11elVVaU5ER2tUcGVXVkRRcXRKbTN6MFJqbHpiWDh6ZlBaYjFERkxnZTh1R25Cdi1rTFAtZkxzalRsZ3k3dDV0VU05ZXZuUkpXbkswNklnNW55Nk5iWkpNb3ZpRlBEbEtfOG5BVFF5VzJ0Nl9MRWthUEVmYUhnRm9EQ3dJZVgyWDl1MmNpQ05wejBzTDZZOEVaVWZubjY2RkRUOHU5ekdMa0MzeWZ3bTJOY04xQkJ3?oc=5"" target=""_blank"">‘They are sick’: Trump fury at sinking polls</a>&nbsp;&nbsp;<font color=""#6f6f6f"">News.com.au</font>",Politics
"Schumer: ‘I am staying put’ as Democratic leader - CNN <a href=""https://news.google.com/rss/articles/CBMipAFBVV95cUxQZnluOG9leXoxSEhUZWxsYUw2dmQwbktjSElJX05rUGhLMGlQaVE3aTBOX3VSaWRzbkdBVXFBZ0RDUGJIemFHaTRrOFltcmtkcC02YmRhLWRsSXY2SU54TjZ6U3g4eE9lcHcyZTBtaFVUN0p5M1FNUjJfZWVyTDlOSUEyNkMxMXJzWkwtdER3SWF3cV9ESW4tUWVvbHp1b2F4UWdJcQ?oc=5"" target=""_blank"">Schumer: ‘I am staying put’ as Democratic leader</a>&nbsp;&nbsp;<font color=""#6f6f6f"">CNN</font>",Politics
"Trump Officials Weaken Rules Insulating Government Workers From Politics - The New York Times <a href=""https://news.google.com/rss/articles/CBMidkFVX3lxTE4yUWlVSzdOQjBGNHBjblhGamtFWnBadmg3cDVDLTFxUVR2a3ZHeURvZ2tFV0FrcVB6TFU3Q3c3ay0zbU5pWXY5YV84YlBrNHc5RDU1anAtRGFEejZTbjZkWFVYQ3NkWEZ4Tld3bUMxbi1hdlpIS2c?oc=5"" target=""_blank"">Trump Officials Weaken Rules Insulating Government Workers From Politics</a>&nbsp;&nbsp;<font color=""#6f6f6f"">The New York Times</font>",Politics
"What can the global left learn from Mexico – where far-right politics hasn’t taken off? | Thomas Graham - The Guardian <a href=""https://news.google.com/rss/articles/CBMiyAFBVV95cUxONDVlaXdSWFFxalpVSXktRDBGRUVfVHExc29rT2IxYzdVd1JPX2dPejJpaF9OQnhhQW4wUDVyR3RydlNvN1QwdkNvVW1IWHFpX3E5b21IVzIwZ0VQUFZLYlhib3NBQVctS3hnR0xMTjFWVW4ybE4tOEU4N3R1WkZvVDhINXpBVzRwSGgwQkdkcDNWQmI0VXhlSHRtZzhKMXpTVldJU3pmWEZHaVVFSTNlMXN3Y0FzQUJWcFNwVkRSNmpDX3c4RmpreQ?oc=5"" target=""_blank"">What can the global left learn from Mexico – where far-right politics hasn’t taken off? | Thomas Graham</a>&nbsp;&nbsp;<font color=""#6f6f6f"">The Guardian</font>",Politics
"Trump's answer about trade deals confuses reporter who interviewed him - CNN <a href=""https://news.google.com/rss/articles/CBMijAFBVV95cUxPZDBDZ1ZZdUh6NUhZZlB2MFk2eU5rNkoya1NvdmVoVHplNk95VlE2VXF2bW1xMWFzdmxyN2FEV28zZmpheUtYZXhNVW02WXlhY1l0Y2RzTGFyQTNPSExndjczTW8wbWhoN1FPZEw4LUwxSVdtVGowVUs0SDVka1o3eW9yQnoxTG1wNEJ3dQ?oc=5"" target=""_blank"">Trump's answer about trade deals confuses reporter who interviewed him</a>&nbsp;&nbsp;<font color=""#6f6f6f"">CNN</font>",Politics
"Albanese handed win in final leaders’ debate – as it happened - The Guardian <a href=""https://news.google.com/rss/articles/CBMijwJBVV95cUxNdmJwbm0wUUladEI1di1mYXQxU1dZd1ZnNHJRVlBRRjdEZnJVUkFWNy1PaTNWZFpJZDBENTVmdVRfMmtHZ081NUxQeUx5UkJZbFRRNU5tUEZ4UW11b25wSmpiOFZSNV9ER0tpUy1wWkFVelZCa1c2a1k1dWlQeTAycmlOcDRIQTAxZjZIaUxETFNnMHZxMDNjUndOUGlia0tYMlRxZTFIT3dRNkpKcHhwNXFUQkkySWhaR25RYk9GRTJNRHdWUWtWeUhka3F1cnd4c3JGTUZiNGtVMlFMdVpidFJVZkhHVHQyZVlKZnR3SUdaR1dNQ2otd3YtSXlEWEIzWlN6dW1vcS1DSnhrb3hZ?oc=5"" target=""_blank"">Albanese handed win in final leaders’ debate – as it happened</a>&nbsp;&nbsp;<font color=""#6f6f6f"">The Guardian</font>",Politics
"Trust in politics is in long-term decline around the world – new research - The Conversation <a href=""https://news.google.com/rss/articles/CBMiqgFBVV95cUxQRUpEVzRGRHJTeE1oZ3dXdlhwMTdtb3ozazh4bHZoeEJiQ0MxS0RtRGUxY3ZRQm9WWjgzbDZvRXNoUzg2dnFFRHNUN25JdndiSDNvTEtyelB3MTJkNTVuLUJaUllQM08yMXprVWU1dEIybFhBUmotWGJIa1hnUkZEMFhFM2NBdjV5blNOei1vOFp4OWNIVEYwTkowUjdlclBZTUE3dFhCRzJDUQ?oc=5"" target=""_blank"">Trust in politics is in long-term decline around the world – new research</a>&nbsp;&nbsp;<font color=""#6f6f6f"">The Conversation</font>",Politics
"American Battleground: Trump dreams of empire while struggling to keep some promises - CNN <a href=""https://news.google.com/rss/articles/CBMilAFBVV95cUxQakl1Ry1TMVlnb2cyQ3d3TUdQMWY1aGJ3MGJkbDRuTGJVREFXWTc2WXlQWDhGUVV5bDdYVkxHbU5HaVg1UHBCVi0wVGJIaDExWWdIZWhSLUdaYktjNHg4MEhUY1JiaDFPcWtWMlBqZmNZNW5BX3NMYmFVYXdDNl84WUFIamZ5ZlVDQjk0MlNBQnRMUUJ30gGLAUFVX3lxTE45REJ0aGZONzFydnpiSWJBZHVMYVRDYWN1UEl1SlhLTF9JbmVTSXdVTi1Qd1JpMTFJY3Jpb2tHUmNmVUVrb0dveG5jeEIwdG5WS1dxN3JSZU9CalJfeWR4ZGFCSmUtWnlxOXM2c2JDMGVvWEdicnd0bGxaQVVGazY2UU9zbml0UVVLNEk?oc=5"" target=""_blank"">American Battleground: Trump dreams of empire while struggling to keep some promises</a>&nbsp;&nbsp;<font color=""#6f6f6f"">CNN</font>",Politics
"Citing transcripts, PM calls Bar’s claim he was fired for political reasons ‘total lies’ - The Times of Israel <a href=""https://news.google.com/rss/articles/CBMitgFBVV95cUxQcUtkczZ3QlZhM3ZGM0M4dDVEVE9rdm5YcUFiX0o4bFZiZmNieWNXY3lycVI1MTgxdnhJdWFwcmd6dERveWM2YnFpcEdOTzg1Rm1IYV9HNHdLQVF0Tnh4bmloa0tlVGZhTEZCSmRDQ1BPLWcybHlXaU05REktZ1pJVlBKUXpqUldFaE84ZGNKdmp0ZWZXNC1zd2dzcjBHUDF0dG1kRENNcXhjb1dQeUN3M0pSU1pRZ9IBuwFBVV95cUxQUzZIeWJ0MEtFSy1mcGRWZUIxd2FjZVpDZjV4LW1DM0loR3V5REFuN1V1cktfYzN2S05DZkhXXzJHbDlpRGRRTjZtOU90Zk1YZHhfXzNlQVBIaEJucHMxQldvVXcwYkV1VGpXcFRWMEN3c3NVMUlRdUxBQnhGcUtHMlBJdFBKSUtuc1dTaF9jaHl6d1lBMmV3d3dyZmFySHdyR3d1Yk1YU2VPMlJfeWhUVGxIMy1xZGt0X3F3?oc=5"" target=""_blank"">Citing transcripts, PM calls Bar’s claim he was fired for political reasons ‘total lies’</a>&nbsp;&nbsp;<font color=""#6f6f6f"">The Times of Israel</font>",Politics
"The Manfred who would be Merkel - Euractiv <a href=""https://news.google.com/rss/articles/CBMihgFBVV95cUxQb0ZfNzdQSXBMWnQwajBvVTdJVmo1enJUYlU0VHpTWHBFWERwbVVxbUZKWk1kaTIzTklzOUIzNm4xMnhsNHRVMHk5LURtR2R4THd5a0ZoTUtlWDNuNENyd3B4WVdZZ3YtWFNpNkFrXzdXd0I3TjlEMzduQkM0VkdLRXh3YkJFUQ?oc=5"" target=""_blank"">The Manfred who would be Merkel</a>&nbsp;&nbsp;<font color=""#6f6f6f"">Euractiv</font>",Politics
"How Pope Francis' funeral also became a top-tier political summit - Euronews.com <a href=""https://news.google.com/rss/articles/CBMiwwFBVV95cUxQdTFvelAxTmw0QlV1Ty1valYtcTR5QnBlMmROSEZpUWxwSUItcVlTMF9adjA4Y1NmZEhOa29pbHI4T3R1dTYyMTFaajhuVkNIOEx2Ul9EcXY2Z0pIUVY2QjJmY0hrZHptWHBmTWxkVk1kOVpkQVhweVQyOGVnSTRITV9KSGRkcVF2dGNUc1Fsc3hGZlVZa05qc0Q3ekRzVGFVdlRhQTduM1BZMGpXV0ZMTnZja2d2WXRWbzVTYXE3N3Rmdkk?oc=5"" target=""_blank"">How Pope Francis' funeral also became a top-tier political summit</a>&nbsp;&nbsp;<font color=""#6f6f6f"">Euronews.com</font>",Politics
"Poland’s ‘Elon Musk’ takes aim at red tape, not politics - Financial Times <a href=""https://news.google.com/rss/articles/CBMicEFVX3lxTE5jTDNGeHdjNHRtZ3JvUExRaXVNTlliUGk4VkdZblRIMl8wVFdKUFU5TGJNWGJkWWs0NVNMUVJLc3QwaG1jaFBGd3RHRmF3MXNQa3czYVk0UDNXT3BYcER4N0U0eU5QVkxfSzdtU1ZwZE4?oc=5"" target=""_blank"">Poland’s ‘Elon Musk’ takes aim at red tape, not politics</a>&nbsp;&nbsp;<font color=""#6f6f6f"">Financial Times</font>",Politics
"Greens call for single-sex guidance to be withdrawn - BBC <a href=""https://news.google.com/rss/articles/CBMiWkFVX3lxTE1kUmNweklkZ0J6YjlfZ2ZjRDEtWFJvQ0UtS014V1V2RTJ6NVRibndfTXZDQ3FwYzNZUjI0Q3M5U0Jta1FoUDd3YV9fQWRENG1tazRnTmxTYnJYUdIBX0FVX3lxTE9pYzBzMUFYUEVhNThTWTdFd2Z5MURRT3M3M0RJVXRDN2d1alM3Ry1DbExLcTJpRWxHODlaRDFZQnl2WWQ3ZGZmRFpORkIxaGVjMlhBRkxaS1NfN3FhaEo0?oc=5"" target=""_blank"">Greens call for single-sex guidance to be withdrawn</a>&nbsp;&nbsp;<font color=""#6f6f6f"">BBC</font>",Politics
"AI Takes the Field: How Artificial Intelligence Is Powering the Next Era of Sports - PYMNTS.com <a href=""https://news.google.com/rss/articles/CBMiiwFBVV95cUxPSnRXUnRRcXFIejA0MzY1eXpqcFRDNGhNdVRncm1aR1ZiSTExdU11ZDR4VUJVNldYZU5wZXRZUzhpekE1U0JWM015cTJmc1JqTVgyLXNkWGUyRS1NbGxVV2VhLWc1QXNQM0REVUk5SXd6LUlsQTR4dmdETWF4OWlhaUNDUGp1TnlxaTVF?oc=5"" target=""_blank"">AI Takes the Field: How Artificial Intelligence Is Powering the Next Era of Sports</a>&nbsp;&nbsp;<font color=""#6f6f6f"">PYMNTS.com</font>",Sports
"Indian sports wrap, April 28: Six women boxers reach finals of Asian U-15 & U-17 Boxing Championships - Sportstar <a href=""https://news.google.com/rss/articles/CBMiwwFBVV95cUxPalktbGd5WmtaMndST0R0TGVtUkRkd2Z5SmNySDl4ckYtZ3ZOdFZtckIwTE9JdkNyenBRMi1kd2RCWi1HWnljXzh1N0lYcWpsMG5PM05xZE5VSTNRS0lEaC1uZWRwRWZ0eWNsdENTbExGcU1UcXJORDdUZXpZNW1WTE9FdFkyVHNKRjdCVVpIYVZxWGhTMEhIN0s2VzE3cGZLem8wS2JWLXB2VEhUV3I3MjhFNGdrWExHbXU3MnE4MmVZQTjSAcoBQVVfeXFMTU1XNDFrV2pRZ1BoZ0stVXBNWjd6TUI3UnhDbWtQdlFXS3lwbmhSM0JmbWh5bG5DVlM1XzluNzN3Mkh1Y1E3OVZNcE1JaEQ4Y0NIYmVxR05qUXpYX2dpejM4b3g4dVBTRlhHVEVMZWtVNl9HYnBtSUlsTmpJalpOSUpMeGx5cGZkXzBaUlhLajRrSDhJYmpsZFVCa1ZhaHVLLU4xVmRxTzNkTG52TVdXa1JxaEl0OWxwcVNOZEhIeHhsUnlKaGdNWGhhQQ?oc=5"" target=""_blank"">Indian sports wrap, April 28: Six women boxers reach finals of Asian U-15 & U-17 Boxing Championships</a>&nbsp;&nbsp;<font color=""#6f6f6f"">Sportstar</font>",Sports
"RR vs GT LIVE Score, IPL 2025: RR's 14-Year-Old Vaibhav Suryavanshi Slams Record-Breaking 1st IPL Century In Just 35 Balls - NDTV Sports <a href=""https://news.google.com/rss/articles/CBMi-wFBVV95cUxQekM1TnFUT0lPUzVfbzR5dDVmOWFNdmZwRU9xQUxKcWlhcW9LZ0JCUDhuZ0dMUnFoQldpa041Zm83OU0ya2gwS3lCcEtHb2hwUXVKZ1hpOTN3cUwyUEVoVlZCS3lGczVKYzh4QklBRllGZ2kxY2JlQ2VwNm5UUEdmWHlTckRPM0dtQzlRMXduRURtTTVnczlWVVAyTDdfWldrQlNQY2ZMcVhjWnZTd3EyM1MxLXpWLVJJdXZ3UW9TNEZLNTVRMHhnQjlHM1hOYzVpdzBya080NkZ6NXpFRnl1RU9FTTczSU4tOTcxU3ZUNEpzR1ZqZlUydk1YMNIBgwJBVV95cUxNZjRGaHNqZHpZaHprYlhWVmhwR3BOdFBXUjhSdlRUa1BIVzhCVjh5SUdLM0JIV04tTWJ2OHdHQmdZS3pvY0tnOTFxTWNYOTdxSTc0UG1VZWVJY3JvLW94a0JSWXlURnc2c0N3TjBBTmZ5WkZXeWctSmtvU2h2VzVmSlZVX1pGRTdmbEZzelQ3X1p5OVd5bkxYazVDNXY0S0JJc2tDS1FPNEVKMlBDdXplcGJqdVBYN1ZwNm5MT2NSd2xXWDVYX29wTkhXR09FanE4OGtEV1ZSTk0tamZmb29oU0lOb01ITHBOdkU4Z2VScGdfU2lraC1oYWdZSzd2eTNEYkxZ?oc=5"" target=""_blank"">RR vs GT LIVE Score, IPL 2025: RR's 14-Year-Old Vaibhav Suryavanshi Slams Record-Breaking 1st IPL Century In Just 35 Balls</a>&nbsp;&nbsp;<font color=""#6f6f6f"">NDTV Sports</font>",Sports
"Sessions Judge Kabarthi inaugurates Rayala sports complex - The Hans India <a href=""https://news.google.com/rss/articles/CBMirAFBVV95cUxOMHRETGg2T3NvSnV2WXBUSWIzbWU0N19MZ2JaNFlUX05Gak1Tall0NTBLVFhtX2pLMmhXdEV5V05vUWtNSzRzZWlIRlNoYVBFa3Yzemc3cVRyQ2lMZGJWNEhNZ3o5SFNKb3hsSHJfcFk4dmJYOEtmdVBXZl9PeGVDYklsa2pGMFdMbXBfeXNETDI5T19LaEtjd0hFY3gwckVjQzFxZDgxdmV2VTdV0gGyAUFVX3lxTE1CT1RCZGpUYzFKMW8xZjRRcWRYWklzN25HcV9OVEpqLVZ3VlphWjB0ZV9ueHlBZ3o1cHQ5UVBkb2E5ZTliYnItc3VRZjdNMC1ZdnItNzNrRVlxTW56ZkRnczBTaWN5aDY5c3J1eEZxNnRJd3A3cXJqd1FvY095M2dSTEtqSVJ5NElmeE1XZmM4WGdUYnZDQXJkOFpCRlFCcFVCQjc4LWM3NmJBSzRVN2NDOEE?oc=5"" target=""_blank"">Sessions Judge Kabarthi inaugurates Rayala sports complex</a>&nbsp;&nbsp;<font color=""#6f6f6f"">The Hans India</font>",Sports
"Colab Platforms Launches Rs 25 Crore Sports-Tech Accelerator - Rediff MoneyWiz <a href=""https://news.google.com/rss/articles/CBMisgFBVV95cUxQUklhZEZpbFZYQ0prLXNMdXJzM2dJcEVCRVJCbEI1Rlh2OWk2bGZUQ3BhR092Y1g5bk1hRXRvSTVQQzdRQ09TamdoUTladUNHWVpIR0ZzdlpJVUVMSy1PajNEbWNiY2Q2Z21BeDlGa2ktTXJMWWxLQ1JubWNEMHJublZuXzZ2V2w3eHc2bkxjd3VTTEhPbTZiNzFDSDZGRlQ0N0lzSW9LakVtSlNxQ20xeXFR0gG3AUFVX3lxTE91cUgxV081ejBOdGtXSjFQWnB0NW9IZ0doMDZmR1ZDU0VzMG5wZjd0UkVsS0ZNb1E2X3JuSXdiTy1YRzZMVTg1eHF3N0dIN3JKMTRrbV90alBfMlByclk1RHA0aXhMVEs2U0dnNVlIQ3p6MGFPa1lHSFR1am55S2RLdWhrTVY3WVdBMkJYN3lrTy14VXI5Z1NXaE92Vm42YlVkdVpNNTcwVi1IcnVaLUFDS2dyVTNDdw?oc=5"" target=""_blank"">Colab Platforms Launches Rs 25 Crore Sports-Tech Accelerator</a>&nbsp;&nbsp;<font color=""#6f6f6f"">Rediff MoneyWiz</font>",Sports
"Fallout expected as AIFF award I-League trophy to Churchill despite CAS stay order: Indian Sports LIVE, April 28 - ESPN India <a href=""https://news.google.com/rss/articles/CBMi1gFBVV95cUxONXJiUmxGSXlWcWZQa3M1UWtZSFFHb2M3cDFuVy1oZ1drVFp5MVNSV19iRHVOLWR0NWxaWHFVS1M2Vk9VZHhQMmx3U3ZQTXNyQjdaTEgzX0xYdWVwU00zZ2FscWxGUzd0cFd2OFhVV2dYSjNTRlNySmdJVkU5R2RKNjV2S3B5Z1BIbENsQUFJVmdOQ3dVZVZNRlhadU1yU2VINW1abl9OZ3FRWk02OW1aSE9LbjRXdlVEM2owVG12OHA1cVZKZTY5NV91ZkkwYjNWZERGUVB3?oc=5"" target=""_blank"">Fallout expected as AIFF award I-League trophy to Churchill despite CAS stay order: Indian Sports LIVE, April 28</a>&nbsp;&nbsp;<font color=""#6f6f6f"">ESPN India</font>",Sports
"IPL 2025 TV ads surge 6%, Parle retains top spot: TAM Sports - afaqs! <a href=""https://news.google.com/rss/articles/CBMipwFBVV95cUxQWWdEY3Bkbmo1SUlDTXdYY184a00ydmtuUV9tdW9oaDBVWWtManNPTU5SNk1Sc3BBQzZLQ0UzdmtRMmcwLXBOUmRqbDd0VzFKV21Vbjl1LUI4czVtV2RMY2xzMml3WjdVcTN0UU9MbUhzWXhqSW1oZ0lSa2pqYXg0MWIyZG12cHpERVVzb3o4eFdYV0Zrd1lWTTF5MXdiN2p5OHBNSmwwcw?oc=5"" target=""_blank"">IPL 2025 TV ads surge 6%, Parle retains top spot: TAM Sports</a>&nbsp;&nbsp;<font color=""#6f6f6f"">afaqs!</font>",Sports
"Bihar Govt To Enhance Sports Infrastructure In Siwan, Plans New Complex, Stadiums And Swimming Pools To Support Athletes - Jagran English <a href=""https://news.google.com/rss/articles/CBMi8gFBVV95cUxObVMwSV9HNkRZSWdud3FtckdzVy12NFZLSnc2YTBDWUQ2aTZneDZGRlJKcTlBdWFOcmZjc1FSYmtFMUhWSUllMW85OGVGbEZYeFJGZkNidFpfY3ZFcVVRdEZTbEgtNUZNVFlFYzVLV0V3SHUwQ29hRUhUakVjRnZoek9rY2kxUGhlUnIySWhLU2oyQ1k3bHhnbkxPbjBuc04zM3RIcTZydFlIWWZrUU9Idm5PbWhQR1hWY082XzNYWVZOZGZfRjJMWXJ4Smg3aWhkb3RZYm9Cem1hZFhWMkdXZ2FaUU5XLThfSnlOaDRPT1VJdw?oc=5"" target=""_blank"">Bihar Govt To Enhance Sports Infrastructure In Siwan, Plans New Complex, Stadiums And Swimming Pools To Support Athletes</a>&nbsp;&nbsp;<font color=""#6f6f6f"">Jagran English</font>",Sports
"NSL to reshape Nagaland’s sporting future: Abu Metha - Nagaland Post <a href=""https://news.google.com/rss/articles/CBMingFBVV95cUxOTk5Gb29EMktjWFpqN25KWm52b01ySkx3cTJ0YTdRVHpyblhEakx0QUNmbHpxT1ktYnV0aGgxNGRqRlhzaWJHblFITVdMUkVaNnU2VktyMTZqQXVXbzRJQ3lBUkRqLVlGQVR0TlF5aHRfZ2lweDkzRHlhUXJlTDlLN0RabWdackhzSkNFZGk5eHZNa2Y5aDJ2MVY4MlQtdw?oc=5"" target=""_blank"">NSL to reshape Nagaland’s sporting future: Abu Metha</a>&nbsp;&nbsp;<font color=""#6f6f6f"">Nagaland Post</font>",Sports
"Indian Women's Baseball Team Qualifies For Asian Cup- News18 - News18 <a href=""https://news.google.com/rss/articles/CBMimgFBVV95cUxNRlJZZldsdTBTclBzNGR2TGRfWUlHVUdqWjE1eFcydTYwNENSUnAtN2szTU5hQm54TS1zME11NFByWVNuNE5FQ09COXBsY3ZBc1dtajBXQ2s0dVVYNG9mNk8wSWlUd04waU4xT3VMZ0Z0eHVuTkhlSjI2bXZmbUk2aWRzOHVhN2N1Z3phaDk4cGtCMFgzOG1yZTV30gGfAUFVX3lxTE56dUVyeDB1Y3lIdFdoczVSOHg0MmpyU19xSlBIWWZ6cXZrakt2UW1ybHRaU1BfaDB4NjBJU3FId2s3bldFaEdnOFJzVzVZX000NmpXWTEwUWpmTDlhTS03WWhXb0w0NEFkaDZWWkpKaE1GblJObURIYVU0WnhIYXA2a2JnY2NUb2s5SWVCdlRwWHdCZDRKcWk0clpSeEdvVQ?oc=5"" target=""_blank"">Indian Women's Baseball Team Qualifies For Asian Cup- News18</a>&nbsp;&nbsp;<font color=""#6f6f6f"">News18</font>",Sports
"Sport for Good City Delhi: Building Female Leaders through Community and Sports - Laureus <a href=""https://news.google.com/rss/articles/CBMiqwFBVV95cUxOckE4TGxuaGRWeHFaOTRsQUVUd0hscllIZGRCS01QR3FKRHo1ODVNeVdtMmoyb3QxdWdxR1Zsa0dBVlJITWlVT0JNdE5RMEZZcWlLS3RfX3BFODhSc3hDOGZYSTN3eHNJTVAxMnIzc2hWNlg5RjItemxZNFpWUmZmMU5DMkFiazk2c0FhNEhVRFBIXzd0c3RJTWxVSnpfQy1KVXNVNlFGb050SUE?oc=5"" target=""_blank"">Sport for Good City Delhi: Building Female Leaders through Community and Sports</a>&nbsp;&nbsp;<font color=""#6f6f6f"">Laureus</font>",Sports
"Today’s School Assembly Headlines (29th April 2025): India topped the Asian Yogasana Sport Championship, India banned 16 Pakistani YouTube channels, Stay Updated With Important News Headlines of National, International & Sports - Jagran Josh <a href=""https://news.google.com/rss/articles/CBMi6AJBVV95cUxPNUp2Vlg4aDZ4cDZnZnBtc0pzLW9XZVc5SXJocDJTV1FWcWZPUm1IdFZJbGFUdXR4RU92VDN6ckFIU1lTSXd1VlpCcE9wZmktOTZHNTR3Q3BnM1RCYTdqNUZXc0IwQllDOWhOR1RaNVpQeWVjYmFIbjR4SGxrVE0yNkJjOWgxZEx5OVpPUnhURXRWeU8tLS1SaUdlU2JjRGpkOHJLYWxrTnFZYWJ0R2twMHNfcU9FMUpFSXNXX3ZVdUp4WHE2N253aXFwaHhuSXpvN3ZFeUQzRjJMOHh6NklQRkFTTkZ1MTRqQ1dmdXFwMUQxVVBuYUhZRkR0Z0g5M0NUQkRjRFJfdWVUUDRjSW9KUzRheWlJYU9CbkFONnVtRV8wZnp4RjBkeVAxSFlwZ1dUWmRhTGxPVDlkZUpCMW45ZDl5dUNtNkVzY1VzMlhDNDJYRURuRXhuRGhDWjVwTFB3bEQ0YU8zSmo?oc=5"" target=""_blank"">Today’s School Assembly Headlines (29th April 2025): India topped the Asian Yogasana Sport Championship, India banned 16 Pakistani YouTube channels, Stay Updated With Important News Headlines of National, International & Sports</a>&nbsp;&nbsp;<font color=""#6f6f6f"">Jagran Josh</font>",Sports
"Padma Awards 2025: Sreejesh, Ashwin, and Other Sports Icons Honored - The New Indian <a href=""https://news.google.com/rss/articles/CBMilAFBVV95cUxQS0dyWEVBQ2tCSTIyV0FoeTNqc1RPUnZiVFQ5TE1yUl90MWhVMHZySi1mNWpkSFJVaGxaeUNmZG5VcmNlNjY3Tl9aVTJxNlV4MFcxSEVSRDZwZEZnQ2ROT0VrZDFfVmRJeXVScmVTRnhKbVFiWFlUcmZ1WEFjZVlDWmgxTGJsdk1NX2ZxdW4yNV9USFFi0gGcAUFVX3lxTE04VHZoTXFRZkxBZXlEV25uLVhmaTF0bUdIQl9vYXEzT0N1aUVxaGduVG5YWDZKUklkYXg5cVljSVhkN0RxalduWTA5c3JNS1NFS0tFdGd6MFAzcld6OU9ubGtpWUFZVWplSlB5SmdzY2dvdFFJVWw0STlBenFIUnF2WTBaVi1sQmJJdi12YUJGdEdSZWRLUUFJQ2s0dQ?oc=5"" target=""_blank"">Padma Awards 2025: Sreejesh, Ashwin, and Other Sports Icons Honored</a>&nbsp;&nbsp;<font color=""#6f6f6f"">The New Indian</font>",Sports
"Tirupati to Become Rayalaseema’s New Sports Hub - Construction World <a href=""https://news.google.com/rss/articles/CBMiugFBVV95cUxNTHlheUVKMzVMaGVZbENacXQ4bjFVRk5GX1dfTlJoV2RiZXJIeUNoaGF3X2FBNzVPVU83WG1GbHJPVmFQaTAwRVQ4SDY2c2xQaDh1NTRGQ0NNc2MyalpDU29SNzc1TTdzSWxXLTRZeXVYYmVVY2d3YlFuLXpFQm1SR1kyUUZraXV1YzdEeV9DbjhOeE5HVHpTbDY1ZE1hVlJwd1hBc0xMN1BNV1BocEk3RzdNR18weEc4emc?oc=5"" target=""_blank"">Tirupati to Become Rayalaseema’s New Sports Hub</a>&nbsp;&nbsp;<font color=""#6f6f6f"">Construction World</font>",Sports
"APR Nair seminar inspires Jamshedpur students on careers in sports - The Avenue Mail <a href=""https://news.google.com/rss/articles/CBMikwFBVV95cUxQcml4SEU2Qll4UDVhQmE1X0RGMWYwUlpoQ25aRDBnWkZNT0NxLXMwdHRwVVh6ZU01UVdUcU5yN1FkeVZYZHhfZW5FQTZ4R1g4QVpxWTg1MTVpSVVUYkdDYzBSbmtLejltbzhvRFRuUmdpWWoyam9IWGpUbVRETnhGb0lWb05aa0FqWkdyYjBiNUxZQVk?oc=5"" target=""_blank"">APR Nair seminar inspires Jamshedpur students on careers in sports</a>&nbsp;&nbsp;<font color=""#6f6f6f"">The Avenue Mail</font>",Sports
"From Shoaib Akhtar To Wasay Habib: List Of Sports Channels From Pakistan Blocked On YouTube By India - Free Press Journal <a href=""https://news.google.com/rss/articles/CBMi1AFBVV95cUxNOHdOdkJiNjRpVWx3czZhR1VjU2pyYXdEMmFZRVJYSU8tSHpweVF4dW8xQmlZMGh0am5VdG56M1RoVlRqVFUyejlhNDV2d3FLS0tvVURiNFBBNmlpRktwTWFNV3Q5elJVS0o3SjhIYktaaXFEMlFESjhfeWdqcHJoVHEyajkzemJBQ0UwbEM5Z3VDWGxOUjEwczVoUkpEOWd2UmJGUjBzRDNTUWJzN0tBOUhHaEU0anpsbnV6UElIRW5vYTNEUHlxTGNxOW5ZN0g0S0l4dNIB2gFBVV95cUxOWEFHNk4yNlVGXzAtVmVtZ0l4MEhuTXFYNkxvak14cUdqNjFQMW1ucUdUeWZjTEM4RzFSN2g1NksyQ05BWXNlN0ItNmlId3hqMDNwcjYwRmFwb3hsVHBaM2FzU2draDI4bng3RXctWk5HRjJUWFpCYVRTOFdkbjBYN0VTTEwxb3R3ZXBUdGhiOTY0SWphY3dETU1zLWt0eGRMRDFIYTVzekxtemFIRDhlZnc1RWxMdHpTVkRsNS1SR2Q3NUs0VUxabnpubXF6NEtvUms1ckpnVmd5QQ?oc=5"" target=""_blank"">From Shoaib Akhtar To Wasay Habib: List Of Sports Channels From Pakistan Blocked On YouTube By India</a>&nbsp;&nbsp;<font color=""#6f6f6f"">Free Press Journal</font>",Sports
"DECATHLON partners with Tata CLiQ Fashion to bolster sports accessibility in India - Adgully.com <a href=""https://news.google.com/rss/articles/CBMitwFBVV95cUxOcFJMdEx1aTdHX09aVFZWNVQ5Z3BYSEJWQmhmV0tQWjk2bzFPd25kRDF0QjduMm9jY1lKYm9KYTRLcGwtVldpaVhUc1FEd3pUeEJWMHkzOTdHTlJkekZlTG9WYTljamQtQk1fc19sNU1XUlNjdlN6UkczaENrbnN6SjUxSFZFUS1jVHBRaDdodWVTN3dNZ3gzS096aEgzYXk3UWVyYnI5RUFRdDgyTENYMS1YOWNTVWM?oc=5"" target=""_blank"">DECATHLON partners with Tata CLiQ Fashion to bolster sports accessibility in India</a>&nbsp;&nbsp;<font color=""#6f6f6f"">Adgully.com</font>",Sports
"Union Minister Dr. Mansukh Mandaviya Launches Issuance of Sports Certificates via DigiLocker - PIB <a href=""https://news.google.com/rss/articles/CBMiaEFVX3lxTE81SWtaOFY0S1VIMEIwQXRWQnpfZk44Wk0zWXZvNDhCRnQxVUg1WkNBeDVZNGpyRlZyamRGOXVqMXFBNUZ1NVZYOElQUzBNdWczNmt6Yk1DRno1Mkl2TmRWNklpbDVDLXFj?oc=5"" target=""_blank"">Union Minister Dr. Mansukh Mandaviya Launches Issuance of Sports Certificates via DigiLocker</a>&nbsp;&nbsp;<font color=""#6f6f6f"">PIB</font>",Sports
"'Sanjiv Goenka never said anything wrong, KL Rahul was ... ': Ex-LSG star drops bombshell - Times of India <a href=""https://news.google.com/rss/articles/CBMigwJBVV95cUxQdjZwMk5UQmZfMm5fdWZQa25laEQxa1k5VnQ3VFVwb1Y2QjdLSEMya2tiVWR4dGxxWUhJOV9yOTVoRVJteDFTQ1E5d3RCeWs0emR5NlVZVXcyYVhxYmtmOVJXRUwtQm02emxMRU16MFBrV2N3Y1ViWGU0S3BNVWdrOFBGbWFzV3E3NWw4NDlKSXJMZGxzaEY2ZzJYM05yYnFCZkZlOFpNODBEcGlqRGZ5MzNPV3hqOHZJSXpTaGtfa050YU9DdHIxRnl0bVJETWxaV0J4cTA1bFJkQ21aYU1lWDRudW9BNWxWbG1DRXRzREtzd3hNcE9ZOUtUbWhNTnl0ZmNF0gGIAkFVX3lxTE1seWhnOXdOQzJ1UjJ4X2pKXzg4UnBTMjBabF9LRXJhcUl3Z0dQTXUyMVZaMXJMQkttSndHWUlGSmZPWlJFTnBEZkgtNlZyZVc2Xy1PMHVNTFNBMjRndHAyUE1qeWFaQ0NyVlN6SGh1MFdNTHVpMDkzTUJCOUltUzRHVks1TFZ5U0RoMjM2Wi1pRmhhQ19pVGhpN2l6LXVLZ3lCU1dJWVdpOU1JZGhmNkdsZVJOcEtuWjRWRER6VFZHc1l3V2VqWjk1dVh4OVhjZTdwTFVSYnRnZW81YzFPTWZLd2w5c3dxb1dRd3RFbU9GNnQtYWVNc2UyajRkMm94MVNCV3liajVDVQ?oc=5"" target=""_blank"">'Sanjiv Goenka never said anything wrong, KL Rahul was ... ': Ex-LSG star drops bombshell</a>&nbsp;&nbsp;<font color=""#6f6f6f"">Times of India</font>",Sports
"Tennis world number one Jannik Sinner launches foundation to support children: ""Sports have taught me invaluable lessons"" - Olympics.com <a href=""https://news.google.com/rss/articles/CBMiiAFBVV95cUxOb29sUk1pUmUyQndSaHI2M3JmZGZRNHhQZFNaYkJ6MlNQaTl2Q3hONnhYZ1NGSTRxTnN3UURNbGhtdGZlcl96Tjh0ekV6eGxjXzdDVnhIZVRkWmJCejhmS1dCcUxUS0ZjQ0VUdlZ2VTVud3c1WjhVR0toZ3lpUUc3SG5BbmhMSndk?oc=5"" target=""_blank"">Tennis world number one Jannik Sinner launches foundation to support children: ""Sports have taught me invaluable lessons""</a>&nbsp;&nbsp;<font color=""#6f6f6f"">Olympics.com</font>",Sports
"Delhi Sparks National Hope For Pickleball: Industry Experts Make Bold Projection On India's Next Sporting Revo - Times Now <a href=""https://news.google.com/rss/articles/CBMi2gFBVV95cUxOMnNpaFNhdjFUazlKeUZpelYxNUZocExDdmNiOTdqVEs0Q005VkFPWFRWUUlna09jZDhVQ0ZOako3aVJObGktVEZpVUVQMlg1dzhxVldna0JhRENUdnQtd3R6R3J6dU14cFp2Zk1FeFhkZkRRUEh1ckRnS1pqMGtvYzVoc3pWS2s1R2M2YVlvNFVTNFRjNlAwNUZxeEV6enpYcXpvSnF5clhZR1JhcnlMYVZXUGItQVItYUFHeTZtRGVBN21jWWFUZThZVWJkclNTX0FtUm85QmI0d9IB3wFBVV95cUxQQWY0a0g5dTZVXzQzaV9FUzYzbUZaWFRiYkFSbDk5cGUyUU5rU0VUcnZGc1lwRWpRRnJCcERaUkxZVURkME9Cblgwck16MVdLd0ZtckRPbE80cjRZNmI2dUdkZU55TVJ2a1N2WVN3SnA3Y3pCcXByZUdaS1ZIUElvSlZjcUcxWkFabTBTS20tUlV2RmpFVzVPN2FwV083TUoxX2JjRTY5REhpYmc5QzRvajNXcTdac1lkajlOODZBaVJWZW5xZDRINkZabFVyUlJnMjFGLVp0SnpvRDRFbWY0?oc=5"" target=""_blank"">Delhi Sparks National Hope For Pickleball: Industry Experts Make Bold Projection On India's Next Sporting Revo</a>&nbsp;&nbsp;<font color=""#6f6f6f"">Times Now</font>",Sports
"Basketball | Definition, History, Rules, Court, Players, & Facts - Britannica <a href=""https://news.google.com/rss/articles/CBMiV0FVX3lxTE9xQllMUmJncHBtVWxsVk1DVW42QS1JRnAwdWM1eXNNOEotYURvdFNTOF9QM3MtaG9TckxodFo2QUd2bktlYS1mdXJSUFhLUS1QNzRsWHl2Zw?oc=5"" target=""_blank"">Basketball | Definition, History, Rules, Court, Players, & Facts</a>&nbsp;&nbsp;<font color=""#6f6f6f"">Britannica</font>",Sports
"Cloud transforming the sports industry & Sports Ecosystem Marketplace Learn, Play & Shop - ANI News <a href=""https://news.google.com/rss/articles/CBMi2gFBVV95cUxNdURQdElpNmpqVG9WVmRpTHBLaEF2bHU2TFdaS3AxVkxiQ1JwRGlPS1hqdGkxUDZqOVBId0NwVUQxU1NIT0FHazZ0eFlsMTJmSDBhSmU3MEQwcTVjWF92bjF1Z2h0YkRuWENveldlZUdCSWRzQkdRSDhKMTVCLUdzSG1XNld2TWN3QXlKUTdUUWp0dFh0d09KYWxaZzhsYVEtZGtMclFYaF90ODZoSmR1RWp4cmR6OTdSWUo1anF4eXROY3RpRW9reEllOFFJVnRNeVV0TlVmQV9Zdw?oc=5"" target=""_blank"">Cloud transforming the sports industry & Sports Ecosystem Marketplace Learn, Play & Shop</a>&nbsp;&nbsp;<font color=""#6f6f6f"">ANI News</font>",Sports
"Assam prodigy Sprihaa Hrishi Kashyap clinches gold at 2nd Asian Yogasana Sports C’ship - nenews.in <a href=""https://news.google.com/rss/articles/CBMitwFBVV95cUxOY25BbkJ0TmxHeXE1eDA1SkxqcHpOUWZJNGtJblNJVmVCb1BSMTNUN2hOUzVTV01HZUJHcHNuZl9KTGI4VWRzeEFYNnRNX19lTjQ3VXFGTzVKRFotX0NBZHRlR050SGVHZXcxRnIwSC1CekZpcktHMEVULXBUNTRoMjhQMWZmdnZPRFBxdmI4QkduU2Z6cVJtcVctVzJ5NUhvQzRqMHRrSGowRU9ESXBuNzNyOWdOMjg?oc=5"" target=""_blank"">Assam prodigy Sprihaa Hrishi Kashyap clinches gold at 2nd Asian Yogasana Sports C’ship</a>&nbsp;&nbsp;<font color=""#6f6f6f"">nenews.in</font>",Sports
"Odysse Electric Unveils India’s Most Affordable E-Sports Bike, Evoqis Lite - EV Mechanica <a href=""https://news.google.com/rss/articles/CBMiowFBVV95cUxQV1k1eWpLVWFKMFM5bU9HWEdMOGNSUFpQZVp5UkxPOXFHM2FxSWpTdU9GaTEwY0w5cDlCUno4ZzRkZjdjV2t0N3JnU2V3SmxPLXRVZEJTb2RxdGduLU1jMWhvZEZidnJnbXNSajZSRlBrYVdHMjRBMHczWHF6ckNFT1dOMUNIbUQwWWl0Qmtfdk9UM1hZak9wWjlqbTkzdU9CQ1I4?oc=5"" target=""_blank"">Odysse Electric Unveils India’s Most Affordable E-Sports Bike, Evoqis Lite</a>&nbsp;&nbsp;<font color=""#6f6f6f"">EV Mechanica</font>",Sports
"Sports quiz of the week: Jamie Vardy, Faith Kipyegon and Ben Youngs - The Guardian <a href=""https://news.google.com/rss/articles/CBMiugFBVV95cUxNa3h0S25mZmVnM1hubUdzbzZ0dmV4TndsQW5mYzdmMTRKQTdBMnVXMGtQZ3ZfT0F1OGc3Zm5tZk4xYXg4V0hRUFUwMVQ1RllfLUFIVk5jWEZHaGFQeFdGTVk0WlA2TG9VM0JxV1FhX1JGMGJ2T0ItTG9uaTJ6b1VWUllTUVVEcmV6aF9qYXBWSWl6bkFjSUZYWW5zczMySHhOOUk3bUJFZE1IVFhQWEtlTzVwVE9TTnQyUXc?oc=5"" target=""_blank"">Sports quiz of the week: Jamie Vardy, Faith Kipyegon and Ben Youngs</a>&nbsp;&nbsp;<font color=""#6f6f6f"">The Guardian</font>",Sports
"Churchill Brothers withdraw from Super Cup: Indian Sports, April 13 - ESPN India <a href=""https://news.google.com/rss/articles/CBMisgFBVV95cUxNWUY2Q3lqNGRmM3N5WVJQMXRZRmJBaXB2RGE5TUVnUkszWVotdnBKU2pIS3owZFFudUNzR0piV2JDLVNPZHdTR010SVJxRHlPMW5GVVRWZjFJNlRxcjFfWmdSNW9yYXh2VzBTUjE2UjBwZXlia0E5bzB3VmN0UlY4a2NIU0pmbHlhMzBMcnZTUWgwNWdnOUcwYnNoZ19qY0FYc1UzMWYtZi11bnN5NGtINnRn?oc=5"" target=""_blank"">Churchill Brothers withdraw from Super Cup: Indian Sports, April 13</a>&nbsp;&nbsp;<font color=""#6f6f6f"">ESPN India</font>",Sports
"Sports Summit Opening Remarks and Keynote: PEAK HUMAN: Unleashing the Champion Within - NAB Show <a href=""https://news.google.com/rss/articles/CBMitwFBVV95cUxQN2lPbEFDOF9lc3ROQ1pPNWNrSEFWTjZFSVVWWFNQLUh1OFFhamwzZzNCeHEyMzB6VGZqOXN1NEdVdDRxZzZHNmhXeTJROHQ3TS14NUd6VGpGYnh5SWlYS2taVEYwY190ckI2SklmTTN3cXJaZk52Ull5TWZndm91ejc1YzRCZDRvNG9nNjdQYUR3aWp1dkt2ZFpfMWpaYWpZNy1mWkhONGJ5MF92TTlzdzFTTDFycVk?oc=5"" target=""_blank"">Sports Summit Opening Remarks and Keynote: PEAK HUMAN: Unleashing the Champion Within</a>&nbsp;&nbsp;<font color=""#6f6f6f"">NAB Show</font>",Sports
"India Clinches Record 83 Gold Medals at 2nd Asian Yogasana Sport Championship - Times Now <a href=""https://news.google.com/rss/articles/CBMiywFBVV95cUxPNWVlTWVmTllpUG80NjlrdXBzcjBZU1RZa0d1VXVBek9SRTk5OTYyMVB3NFhtVWFHTXp2QkF0NlNZR2JwZUluS0dzOU5HdXp4aUY5N2hiUml5bjhaMkJPT0p1WUJpYUJna3d1N2hOX3lvYW9KWXdQSURjd0hObEViY3hLcVh3SHY0THBjdTlIR2JmQUFWbVNmUXdab0loemhCVHdYbUVVZDdpb2cxaHBkOWRmbHJpZHdGQ3ZGaGFOMEMtb2k0Y2hXZGRoVQ?oc=5"" target=""_blank"">India Clinches Record 83 Gold Medals at 2nd Asian Yogasana Sport Championship</a>&nbsp;&nbsp;<font color=""#6f6f6f"">Times Now</font>",Sports
"Michael Strahan stands by FOX Sports’ Jay Glazer through a heartbreaking time days after announcing his n - Times of India <a href=""https://news.google.com/rss/articles/CBMinAJBVV95cUxQd0M2dDhlREJLMHM0VHd4RkxXNExHUnhfX2prUFowYU1aendta3FZVGZzQ2tZM1VNWmR2QjJZUDBFdmNQRU1UeGx2dWpKTVpSRlB3N0ZleWlYcm1Ed25tUnhGU1YyQ3dlLTktcmNZLVQ0V3E3YWs4WlZYb0JkWGJuVGhlRkJLVVVWZTROeFdCeXVFQWpwVl9jQnpCenp0UE54M1FSZUcwLWVIT1IxbllPSEJsQzdHMDVwcVVRSFM2SEluemJEaHZaQjNJV1AxZHJKd3pyYTcxTksxcXQ1NGVNWEdNbUowT05ya01lYlR1NWIxdldkTDFFSmJGdlBLSmFFV2lhMXlFWWFBYkJBdnVKZjlLa01hLUVYbEpOT9IBogJBVV95cUxQSDhtdXZyWUthaUpKZlRYR2E3UE9rWU8tRUt5bEEtcms4SmZBVktDRGtSVWdfajV6OFBPMGNhbjBUczBBZVNsWW9zM0J1LWx0UjhHSi03alVXNks3V01odmdoZjYyVzBhdEg0cXlLM0hETHl0LVdSWDRCM0U0UFlmZmpCX240NUpvMlFDamJjVWsyaDVYWUZnMmg0c1dOM2VHS2huc2NnUkl4T0dzbl8tM2xxSk9wUHRhMFBmdmN0bzNFOVpfYmx2MmRnb05GMXRjRGF5amxhMy1VaWdORlViRlREQ2ZTYnJXd2tpbVRsdGdzM3hJbzc1T21OSHhRTjVJeFpiVXN0dmxsQzBQYVF1OVAzSFlxeE1vWllMRUxJWjZtQQ?oc=5"" target=""_blank"">Michael Strahan stands by FOX Sports’ Jay Glazer through a heartbreaking time days after announcing his n</a>&nbsp;&nbsp;<font color=""#6f6f6f"">Times of India</font>",Sports
"India wins 2nd Asian Yogasana Sport Championship with record 83 Gold Medals! - Awaz The Voice <a href=""https://news.google.com/rss/articles/CBMivwFBVV95cUxOd1NFemd5MHE4Vy1rNmEyX2pPX3c3eEhaaHZsRjRRQVl3SUQ3N3ZRUFRJbEU5elB1bW10bmpqOEJEU0s3LThoTDRQMl9saHBJTHA3ZDF4bkwySHdxbmhlVTZpM0t5aWFYUC0zdTZUWTZES2pfUjFkVVc0WlRlMEgybTJnMUJmZkNOZ3RVaUpRemd2RS1CX0ZRMzlqRno5VnBnR0xQN1JxOGh4ellXTFVFY2JlQnBXZlBVcmNUYXRnRQ?oc=5"" target=""_blank"">India wins 2nd Asian Yogasana Sport Championship with record 83 Gold Medals!</a>&nbsp;&nbsp;<font color=""#6f6f6f"">Awaz The Voice</font>",Sports
"Indian Sports Betting Dominated by Men between 18-34 Age Group; 67% of Bettors Fully Employed - topnews.in <a href=""https://news.google.com/rss/articles/CBMisAFBVV95cUxPSC1fVzIxa3NWWlJEREZDRnMyem1ZdGtkTFFFaloydkt5dE9UYWV1TmxFeDFRZnRaQ1o4R09MdFg0eloyVzgtbnFTU3NYZzBwZ2EyUjZNYjFaTGFnMUN3aUZrbEJURkpValB2amFxMGM3VVV2bGduUGs0dXg1aHd0ejVWdEpaX083Wl9kMTJVOFVzb2FWcU84bUpLdnNvX1NiUUZLQzUzTWxVQzZhUnA2Rg?oc=5"" target=""_blank"">Indian Sports Betting Dominated by Men between 18-34 Age Group; 67% of Bettors Fully Employed</a>&nbsp;&nbsp;<font color=""#6f6f6f"">topnews.in</font>",Sports
"Connections: Sports Edition hints for April 28, 2025, puzzle No. 217 - The New York Times <a href=""https://news.google.com/rss/articles/CBMipgFBVV95cUxPYVpQOHE2UUpkZUE3TmxIZ0UxSzZwZkRaTjhzNHhFVFcwWGFsUlAzLXV2aHJVUVN2WFNBZGdvbHBPaDR6RWc4ZDZCdU9CYURCM0hzWUsya0JCdmZBNW8zcXpFQnF4d0I4b1RFTHBZT0FzYzF6WWt6bnlrWnlsdEFlSGRHQ3FQQmlvSUFiczdWcXVIRG1OelpvcHE5ektEZ0tPUzIxeDNn?oc=5"" target=""_blank"">Connections: Sports Edition hints for April 28, 2025, puzzle No. 217</a>&nbsp;&nbsp;<font color=""#6f6f6f"">The New York Times</font>",Sports
"Sportradar Expands Alpha Odds to Cricket, Transforming Sports Betting Analytics - topnews.in <a href=""https://news.google.com/rss/articles/CBMipAFBVV95cUxPMTVnSEtLeXJ4YTlGaWVIMWJhaVIySWV1QU1ibFFjNHV6aDlVMDJRajlVTXQ0NHkwaENibjllLTJST3dld0tzMWwxaVdLaEtjQ3JWSkdid2x1ZENfY0l0bWhlR3BDWDhaUUdxUVlHVDVzTVFyX0pNeG5YUFoydG9hZHBkNlhDQVhFMWU3ZUlYTmNUXzlxNHIwRXFkNEhqN2VHTnZabg?oc=5"" target=""_blank"">Sportradar Expands Alpha Odds to Cricket, Transforming Sports Betting Analytics</a>&nbsp;&nbsp;<font color=""#6f6f6f"">topnews.in</font>",Sports
"'This is my ground': Virat Kohli recreates Kantara scene to tease KL Rahul after RCB's triumph in Delhi - Times of India <a href=""https://news.google.com/rss/articles/CBMinAJBVV95cUxPb0o1RGpkcG90OGFLeTJJMlJNbEt1LUwzNEN1eTAtQkZTNnZTanJ0bWlhRndxenNDbkM5d0UzMEdPbktOeTVZM1FjOG5iX3VYd0NQYlRwR1g3bVhVZ0lzeVdQck9uclVRclpFMW91Mk43YnpsdHRqaWYxRzFKTzB5MDQ3SnZmbUNMM0kteTczWnFncVdsWFJYWndsdG1DcjhxclhDRWVBOTV5bzdUeVVKczdMem11R1lDM2hFb29BUU9fcXdSY2dYYm55SHREMFhPTEpJcC1HUFB6bXI0cGpqcDdSaWg3R2Fyc09LdmhpZzI4Slc2Z2hwNG1wSzhHLUpRTXhRb0FRalBQOGRWQ2Zfd3UwcE1jNU1sNnJwM9IBogJBVV95cUxNR0tocG1CTWJNUHVmblhPb2R0LUo0STJzT2JiZllNLUZCUDNiQ05KTXpPNlItclFpQlFndWU1bTNtY1pYcHNURjYxRGJwUlA4MGxaem1wMktabGVKbW9DQVdieEgtd3ZzeHVYanRPdlYwZW9McFg1cGNCZzJLdFQ4MjV2WnFSN05iQ21vZ2s1ai1uUnpobjlvUTdUTDlBeUQxTWp1bFNMRGVBelVFc2p2eVdsWGE1MERTNHN3dUdrVkY4M21MS2plbldpX0tGUjFMVWdIUGN5V1o3el9RSkhfLXRTTXd4LUlfaXVYbENSbThvYXlacFFpdGMzN0FFN2FCVTZfcDA0Qm9LdTVMMTlPWVZPRF83Sy1jRUJsdGtQV2JoQQ?oc=5"" target=""_blank"">'This is my ground': Virat Kohli recreates Kantara scene to tease KL Rahul after RCB's triumph in Delhi</a>&nbsp;&nbsp;<font color=""#6f6f6f"">Times of India</font>",Sports
"Football gossip, paper talk and transfer rumours: Man City targeting move for Juventus full-back Andrea Cambiaso - Sky Sports <a href=""https://news.google.com/rss/articles/CBMijAJBVV95cUxNVXBQZkNEUU90OEdGeFFIZGpiN1l6b0h0Qkc5RkxUNnMxWm8wWGk3LWJqM2dDbS04OXJuLWFkSUVKZ0R2M1BlaTBSU2FRS1h6Y1ZrNTV2QUg2cDM4RUVQcXBxd3JrVmUxQlVzMEpnZUc4RUtRdUNMOFVUTG1RTjRXQVpIYnJuRnprSEVrZVFJRTI4Tm1WRjdUdWtNZzFtTjhCRmRsWEV1NkFTX1hpdXYzZFVrcW5sbE9KODRqYlNCREdMLVRZX1NPSW9aVFRpc21wT1NqbTE0X0p5cmZRemZhZG92d2ZBOER6S2dyRnhtTTZOZHAxalowLVRqZl9JU0UyVk9Nbzk3UlJ1MExj?oc=5"" target=""_blank"">Football gossip, paper talk and transfer rumours: Man City targeting move for Juventus full-back Andrea Cambiaso</a>&nbsp;&nbsp;<font color=""#6f6f6f"">Sky Sports</font>",Sports
"India’s Cheapest Electric Sports Bike Just Launched! Here’s What You Need to Know About the Evoqis Lite! - LKO Uniexam.in <a href=""https://news.google.com/rss/articles/CBMiSkFVX3lxTE54ejktOXhMMWRTdHFXNTRKU3hvUzVhZG5nTlozclE3V2hTd3ViamYwTlZPTzYzelhZZ3k5ZWJMRncza2RhcmhIQ1hn?oc=5"" target=""_blank"">India’s Cheapest Electric Sports Bike Just Launched! Here’s What You Need to Know About the Evoqis Lite!</a>&nbsp;&nbsp;<font color=""#6f6f6f"">LKO Uniexam.in</font>",Sports
"Connections: Sports Edition hints for April 27, 2025, puzzle No. 216 - The New York Times <a href=""https://news.google.com/rss/articles/CBMipgFBVV95cUxNUGxteXFDWGNYRDdIaldDcEdldEJ4RWJud25seGszcUlVSlcwYlE3MzRzX0hZZVdyekNTb2l2U0RlSnNsbTFVcmdnYVVfbUZXbzBkdThNZ0p0ekxTczBiLXRyakpOU2sxVnZpSm1mZkYzUWxUU3M0TXNlMC1qeWRQUEYtN0ZXZExWMElHRTVQQnZ4SUxKTHR3TVBMay0wOGt5VjZKUjN3?oc=5"" target=""_blank"">Connections: Sports Edition hints for April 27, 2025, puzzle No. 216</a>&nbsp;&nbsp;<font color=""#6f6f6f"">The New York Times</font>",Sports
"GameChanger Debuts First National Brand Campaign, Celebrating the Heart of Youth Sports - PR Newswire <a href=""https://news.google.com/rss/articles/CBMi2gFBVV95cUxObkNDeUtXZWpqcC1qck8zaGpCYUxxOGVYSGJVUHVrQkJMMFgtWm1nbzgyaEs3T3FzVzlUSEI1MTNKTDhmbDNRRFVPemRfUnlycGR0UE9DbEd1Q3hidk45Ymx5NjhFSWg4STBsZlVvOXlqX1RESHFwTTNnZE9QMzdfY05lUHBhNXpXWEw2alV5bXdzZEhBOVlDTzlfd2F1YTNkb2Z2MkdHZGZkUmpydHdpTDhtSi1iQnNENkZmTVNZMm8xcXBiYlcwUjFWM1BFTXpZWjZsZ0xIMWRDdw?oc=5"" target=""_blank"">GameChanger Debuts First National Brand Campaign, Celebrating the Heart of Youth Sports</a>&nbsp;&nbsp;<font color=""#6f6f6f"">PR Newswire</font>",Sports
"Football gossip, paper talk and transfer rumours: Andre Onana keen to leave Man Utd for Saudi club Neom SC - Sky Sports <a href=""https://news.google.com/rss/articles/CBMihAJBVV95cUxOS1c5N3BibTVSYUpPTjZ4dDdYWEQ0SXRPcHNvQjBnRVkyVDB4UHBDQWZLRmFQN09LLURYWDBTekcweEpfR1gtQnliT0lKVXlsTHNEa2djWVlvQXJsWDQ0RmY4MElNbDh4VzBhc1FOaTEtRmhjYnhMRXpGQ2tYOXNTcFdTQXgyT2xBajRFX0hNclByRzExZmx0T1BMY1otVjdnajc0dDcwR04zNW1Rel9rVG1kX1Voc1ViWXViLXhMRl9COGdJRmt5c2hhdWdBRWVtZGtCQXV0NUd3Ynk3b0JsbThEaDFEWDBXVVM3RTkzZ2JBemtBWk84c1N6YmIxdTRRb3RDTg?oc=5"" target=""_blank"">Football gossip, paper talk and transfer rumours: Andre Onana keen to leave Man Utd for Saudi club Neom SC</a>&nbsp;&nbsp;<font color=""#6f6f6f"">Sky Sports</font>",Sports
"Yahoo Sports AM: Anthony Edwards, giant slayer - Yahoo Sports <a href=""https://news.google.com/rss/articles/CBMinAFBVV95cUxQMFpibjhCa2RrS2V1X19RRDFZQ3dtR1dqM0Zmb1BKLVNfSjFpSDZsVVFJVXlWLS03b2VrTFJiV0xjeXdTOWRsREZ3WDZCNF9INUI2TWc5SF9hSXcxNzUxZnQ2RVNlN1FtcHZfaVBOam01MVhsQWxhQ3BBcTltWlhQRXlEVXB6VFM2SzFLRDN5VW9VUHFrUU5OVllXZnQ?oc=5"" target=""_blank"">Yahoo Sports AM: Anthony Edwards, giant slayer</a>&nbsp;&nbsp;<font color=""#6f6f6f"">Yahoo Sports</font>",Sports
"Laureus World Sports Awards 2025: Duplantis, Biles, Andrade among big winners while Kelly Slater, Rafael Nadal receive special recognition - Olympics.com <a href=""https://news.google.com/rss/articles/CBMitgFBVV95cUxQX3BrXzRwNXBmYnFVNklqdHNVX1liWDlBSDk0b2hoQ2FEbi13QVljVTNIbWtFUEhPRXlMS0ZFZnhZTlB2OXJUVWJBMldLcTF6cEdJbjUwTVBqbHJIVzVVc2R1NWdCS002VkxMOVFiWGdBRVFnbVdLUUp3b2p0T0VNSEdZUUdEVTBHTW44a092enRWaHg5ZmVGWC1ORVJMMFhFT0NUREFuazNNQmxZNFhvXzlQNVYtUQ?oc=5"" target=""_blank"">Laureus World Sports Awards 2025: Duplantis, Biles, Andrade among big winners while Kelly Slater, Rafael Nadal receive special recognition</a>&nbsp;&nbsp;<font color=""#6f6f6f"">Olympics.com</font>",Sports
"Delhi Capitals vs Royal Challengers Bengaluru Highlights, IPL 2025: Krunal Pandya, Virat Kohli Excel As RCB Clinch IPL Top Spot With Big Win Against DC - NDTV Sports <a href=""https://news.google.com/rss/articles/CBMi_wFBVV95cUxPYVFhampmUzFhZEozMS1VVTNPcXVsMlpmMzlvQlNRNVpvZ3N1d3ljU1VLVHB0dVZEeUwyQlRlWlZaWGpxT1VDLVZSemVfM3JkcWhMbDJoV3dvMUkxVHpxcXMwNzIwcjlweDlWTVJDVUw4Z055MDNEb0txclJnSDZLRXlzSzJ1ZnhLelBDNGVPOVpZOVp3eGVyNVRMLTliQno4bTNILS11blBkRGdDQ2s4d1R4RFc2QnQwdWRVeFczWmpIaDFBUVpnUkZlNFlxQ3FocWloalQ3UzVUZUxTSktWMkZPY3pQakVBZmJ5VzkzQ2ZQMlMwRzVVcC1WNUlTTmfSAYcCQVVfeXFMTktPMnpBQ2RZUS1NOXZILTJ1d0FPV3J4Y0NuX3FMS1BZSlpqZ1hqX0FWYVpkVFNKMzFKR2p2WjdNR0dRVUF4ZmJXQnlzbmVMQ3ZibWlCemxSSUhWZHZqVlFIUmpndERUM3BqZkc1R1k1YS1mdXgtWGJQZ3J0WFBCQTFDLU9nZWFwNUpSVWJHZ1hxWWxrYVVCQ0lpYUNXMWluMUlDemRBUzdyVFhvczlULUtSUXNhemhXc3ZacHMtWW5XS00yUUtjV0VsY09iTlkwdmp3SHIwclk2dUtmN2NNVWNMdFNSRHNTVEwwUzFpcHJJSDR2NVQ4NjJPZmxjUXhvZjlxTW5EOHc?oc=5"" target=""_blank"">Delhi Capitals vs Royal Challengers Bengaluru Highlights, IPL 2025: Krunal Pandya, Virat Kohli Excel As RCB Clinch IPL Top Spot With Big Win Against DC</a>&nbsp;&nbsp;<font color=""#6f6f6f"">NDTV Sports</font>",Sports
"Sports - Olympics.com <a href=""https://news.google.com/rss/articles/CBMiS0FVX3lxTE1hNGVKT1M2bEVmazlBdVhnWXNyalJsZlFZRy1lMDhWZjR5MXNOWGtTWnFFb1JoTHZ2U0ZObzJDSkZDZEttSzE2NTNqRQ?oc=5"" target=""_blank"">Sports</a>&nbsp;&nbsp;<font color=""#6f6f6f"">Olympics.com</font>",Sports
"Sports betting roundup: NBA and NHL playoffs near the end of the first round - AP News <a href=""https://news.google.com/rss/articles/CBMif0FVX3lxTE5iUkMwNmp3cHpXQWt2aFQtZ0hfNW41MTQxLVdQcHRoVkJVbFJCVXd2S1B0ejZXR0lXMWxsNGFYVkI2bnhlY2FBd2hhc09CSFNSQlZtSHZSNEpUOEtWbVBjZmQxUll4N3dzTmVSbjdqb1JCSUFXR3RTTU1QdlQ3OWM?oc=5"" target=""_blank"">Sports betting roundup: NBA and NHL playoffs near the end of the first round</a>&nbsp;&nbsp;<font color=""#6f6f6f"">AP News</font>",Sports
"TwelveLabs and Dyn Media – Revolutionizing Sports Content Creation - NAB Show <a href=""https://news.google.com/rss/articles/CBMifEFVX3lxTE4zZkkxSTlYSkIxcXVybzA0Zk1NZGthRFJ3S1lPVVdQSy1tSEJHLXRuQjZIN2xNZzBGci1xRlVMOHVzR2gtMmlhNVZhZC16dk5yaXBrSnZVb1FsbVNrdjJqWmIwVHVMdnlGNjg2WU1aVXY0Y29lTEZMWmN6QVI?oc=5"" target=""_blank"">TwelveLabs and Dyn Media – Revolutionizing Sports Content Creation</a>&nbsp;&nbsp;<font color=""#6f6f6f"">NAB Show</font>",Sports
"Mikel Merino could hold key for Arsenal against Paris Saint-Germain, whether he plays as a striker or in midfield - Sky Sports <a href=""https://news.google.com/rss/articles/CBMi-wFBVV95cUxQSVF6TnhSX0RTY3lCQV96MjJVZ3ZkcGVHUE9TODUzeU52Y1hVb0RjS3Fod0Zucl9JTi13Y1dUMWtLeHJlVUNQUnFzcE5yRXhIN0E2TURmM2M2YVNNYlpCNHZsSDYtSU9tanRpTWFJRGswVnk2WFZVOUFJdTJROHJ3THlJYWg5ZHgzelR6REQ5UGkycWRRaWxtT2NxMUppMkZ0RnBCUlUwN3NKWkFPbzJNR2xGMVVQWGExX29wZVc4RlJpUVJQa3RqV1lHbWZCcWZ4LXBSRHdrUWhqdFpTSklUXzBzeUFlbHBpaGNhVWgyT0Z3a2c2cFhfcm9HVdIBgAJBVV95cUxOVWZuWVNrTEJqSnFha3pzeVR2Zm5YT0d0Y1dMb0RLZkM2S1FSZTJKRnE2UlJTcXlTM1lscERsd2VCVEVXanoxNlZTengxMjhBTWlIUnNKZUJaU2VvTVNfQkE4dm01V0RVMDcyLTE4UXcwR09Xam14R3FIZVdNa0tUOXg3N2hXaEEyU3JJLUVURGJkR1pZdkFaSVc1NFJyYzI5VEJGLTFaYmFtX1pybVduUU1mdThZMFdnQmxJakszWlZWNTRuNk1JUl9nSUIwWlk4UWlRcWhpWERUNDNrSEl5dG1MZ1FYRUxRc290REJFTkVJYi1FVmdib1ZCZU5NRjUz?oc=5"" target=""_blank"">Mikel Merino could hold key for Arsenal against Paris Saint-Germain, whether he plays as a striker or in midfield</a>&nbsp;&nbsp;<font color=""#6f6f6f"">Sky Sports</font>",Sports
"1951 to 2025: 6 Sports Championships Where Egypt Hit a Home Run in Hosting - Scoop Empire <a href=""https://news.google.com/rss/articles/CBMinwFBVV95cUxNdXBTdTQzbml6cDY1Rkx4UDYzWlEtZHlMUy0wMFpFRUhpV1ZfZTV3QmdzVnVMWFptQmFHVmVjMDU4SENEa3dhWmxrUnluOVdzWHoyWmVHd2ExZUo1VzRoSWNBLXFRRThCNTdJUFdSZ2pBT0ROdU5LdDhMZUY4MlF3LTE4d1I3Y0dLeGlQUDJWelhPU3Z2cHRMbW91OU1IVFE?oc=5"" target=""_blank"">1951 to 2025: 6 Sports Championships Where Egypt Hit a Home Run in Hosting</a>&nbsp;&nbsp;<font color=""#6f6f6f"">Scoop Empire</font>",Sports
"Match Report: LA Galaxy Fall to Portland Timbers at Dignity Health Sports Park on Sunday Night - LA Galaxy <a href=""https://news.google.com/rss/articles/CBMiwAFBVV95cUxNOUtqY3lHbEhoTWhESWtrQzdpZ1A3c2MydW11WjI4NDNMRC1SNHoyeGphNGVmZ1A4aVNaZjRCM2ZYaUV2NVZ5VHRDRUJyQkx3dmdwSHBfN2RLMWRZQ1A4V0E0MGNZNmhRS0JmVWJNV29JMWhsWEpNN2FQSDYwU2FmSWVzRktZYi1TRWFwVkllM1JDaHl0SkNHazZOVVJsc0Z3TGp6bGFaZURHOUw2bmxUSTNWVXE4WW45WlJKb2xMTWc?oc=5"" target=""_blank"">Match Report: LA Galaxy Fall to Portland Timbers at Dignity Health Sports Park on Sunday Night</a>&nbsp;&nbsp;<font color=""#6f6f6f"">LA Galaxy</font>",Sports
"Cabinet wants to end cheap sports for students and staff - voxweb.nl <a href=""https://news.google.com/rss/articles/CBMiiAFBVV95cUxNSXpuNlNBOEtzWVdlR1RxNEhHRllzNzBhLTIxYmhvR1R5WVhwUnVzRzk5OTVNUHQxUENodmpRX0J6dHcwVzNmbnhGbUFlMlZ2VjJMeFZ3T0xxamZPeFU5MDI0OFZnSndJdmFPWlIzVkcwSjJvZmFFcmtxbmF2MnVSMHVTT2M0by0z?oc=5"" target=""_blank"">Cabinet wants to end cheap sports for students and staff</a>&nbsp;&nbsp;<font color=""#6f6f6f"">voxweb.nl</font>",Sports
"Watch: Olympic legend leaves parents in her dust at school sports day - BBC <a href=""https://news.google.com/rss/articles/CBMiV0FVX3lxTE9uck5Ud1V4Wk9CVEZjUmd2U2l6ZFk3ZnZFWFdud2R0U3l3ZWVFSUJPYnJ5NjdpeW8waElRZUY3OUFEZkx6M0RTY21uQWNaZWJHLUNCSDlmZw?oc=5"" target=""_blank"">Watch: Olympic legend leaves parents in her dust at school sports day</a>&nbsp;&nbsp;<font color=""#6f6f6f"">BBC</font>",Sports
"Women’s Sports: Unlocking New Markets and Opportunities - NAB Show <a href=""https://news.google.com/rss/articles/CBMijwFBVV95cUxNTm91R0lBeGhrSUJHcTdqc19NbEJoWExCTE5EUWFCc0FXU1JIdDkyWWhvcHFHUXpHcHRrM29UTEhha1hsTElvak84Q0FxeW8telROc0llRUd2UFM4cmNFRm01OFVwUzA5bDFyTG9TMnRXX1lUN0JnSnllbDBmSjN2d2hRSGV2RVRwTDlTU04xbw?oc=5"" target=""_blank"">Women’s Sports: Unlocking New Markets and Opportunities</a>&nbsp;&nbsp;<font color=""#6f6f6f"">NAB Show</font>",Sports
"Barcelona v Inter Milan: When Jose Mourinho stifled Pep Guardiola - BBC <a href=""https://news.google.com/rss/articles/CBMiZ0FVX3lxTFBHcENNTWdpYUloQjZxWE1HaWQyUkpXcGpVT0l2Ulp5bURuSHJEX1pyZVR4RlpkejBOMlEzdFNpdVpKWWd1N1lneUJhN1JXYVllRXMwenRQdFI3WTlpb2VzdXFoQTg4NnM?oc=5"" target=""_blank"">Barcelona v Inter Milan: When Jose Mourinho stifled Pep Guardiola</a>&nbsp;&nbsp;<font color=""#6f6f6f"">BBC</font>",Sports
"Sporting events brought in £230m to London’s economy in 2024 - BBC <a href=""https://news.google.com/rss/articles/CBMiXEFVX3lxTE1kQ1dWNGtVVWNFMkQtck1RbVNPeDh2cS1kZDV5VUVBUVVVUVlGd0lXb3l6R3BoU2kySEFLbGxQNnJTRk9NTHdPWjNFYlQ0UGdhb3NQMU1fMHRiNklG0gFiQVVfeXFMUGxpaGxBXzdvMzZCd1dxWm1GcGdiN1lFOHV1eHlyVkJfTjYzalVoN0VYS0tpbEpfMFdmcGgyVDJ6Tko4X3pYOXUzakJpRFI3LWY5SkhzdG5VTWtpUnhSUG1hQXc?oc=5"" target=""_blank"">Sporting events brought in £230m to London’s economy in 2024</a>&nbsp;&nbsp;<font color=""#6f6f6f"">BBC</font>",Sports
"Jayant Chaudhary writes: A network of residential schools integrating sports and academics — that’s what we need to nurture sports champions - The Indian Express <a href=""https://news.google.com/rss/articles/CBMi8AFBVV95cUxNcG5Qcmh4UW5USFhpSjBxTHM1ZGxpVUhJZzJBTW9UcHlOS0FfWVFaeFFEWFM5bFJ3VW1wOGQ1WmdQRG1vNUc3V3JCRU1TUmhyZ1hlZS1NVDlqeW9CTkg2Qi1VUjN2S3dvTm1UYTNubnlMaTFoWmNva0NMUy0tTjFaRENlM3lFRFBvNUh5QlYyUGFIa3ZTRFBWVXh6aXRDRUgzU3E1eWQxZU9PZlI5Si16UEFzUkVncDNLeUNlSGJZX2NpQ1Y0dGRQTDJsVTJ0bk8wNjhvTks4Zlc2c3lpQmI2UGdrc0d0ak8xeWdvYm9SdTnSAfcBQVVfeXFMTWhqelFHdlpKdzJRRzBCQ1prYk5Uc0NlWVdfSExVdWNRaUlFakhTLWpFZEtEaDU5VHdqcm5JYkFneWhhejZVVTBfMVB6c1dXSjRDWmktNlRxcEgxT3U4NkRrYkdBZkRiUVpvNkhQTU84NjRUVVhlNHFIMndFUUh1VWlaWUloMmhJQXBHTURjSVJ1LWw4VlY1Y0kwN1dpS3U3ZjFqNnZNRExORHdNdm8tOEdld29PU2llOGZYYmIwaVlFd2d5X2JYSU1JempWWnhnNlZ2dU9JcmxvOGZncnpiRFB2VE0tU0NrVnhwWU9lVmk4Wm5IS195cw?oc=5"" target=""_blank"">Jayant Chaudhary writes: A network of residential schools integrating sports and academics — that’s what we need to nurture sports champions</a>&nbsp;&nbsp;<font color=""#6f6f6f"">The Indian Express</font>",Sports
"Laura Deas: 2018 Olympic skeleton bronze medallist retires - BBC <a href=""https://news.google.com/rss/articles/CBMiW0FVX3lxTE9Yc1FHXzVoRHdvRVVMLWxVR3dWb1M0M2dGR0x2c2RBQVJwWV9ScXJaa2pRaGhNY29SemRPa0R1SzNxY3JYSDQ1R0EzWGdpTDJ0UzNuVnp5VEUwOG_SAWBBVV95cUxOV0tlTUdzY2dTbk1xamZ3NkpaZmstM3BZa25fR09fN2xIaFdiSmdER0F5aEVaQjE4eTR5RG14cWU2bVJscF8xeXlITGZfR3dCY29zRlB1c0RyeWtrV2lLX2o?oc=5"" target=""_blank"">Laura Deas: 2018 Olympic skeleton bronze medallist retires</a>&nbsp;&nbsp;<font color=""#6f6f6f"">BBC</font>",Sports
"Arsenal can beat Paris Saint-Germain and have 'massive opportunity' to win Champions League, says Paul Merson - Sky Sports <a href=""https://news.google.com/rss/articles/CBMi8wFBVV95cUxQWWs5OUd5TE5aOTlNNzRPSFRQSnN4b3JCck12anhSbmlzX2toWl9UeU1va0R3Z2hsMnREcTdlSlgyTDV2NWUyUlNPX1VrMkR2WWhDTU1XNThQX3BvQzU5S1QwOEFMYTN5WkZxdXUzcFR2UWRpMXpOcTVzUXhKOXNyTVpSYVp4Y3dwd2o5ajlmdlhkVUhVbndFYlBuQjdLVlJhOGpqVVJmdFdMNDQxVWhXd2Z0ay1PR2p5QUVhRnhWb1ZmSzB0WGVDWHhTWjlVR0JTLW9kdjhsSnJvN1VhcnBLb2ZKVm1EbnYyUU8wNFlVNm9uVTTSAfgBQVVfeXFMTTYyelB1WUE2RE93bGpUOG5Jc1pWTjgtRWRlWlFZQW1vOFJjN1pEcUhtMFpBWVRnYVpPRzgya0ctY1FreFNBTXVDVG9tTURqdkM0N0VaY0pEc2xwejh5RW90ejhJV1BDaHMtSUxXa0F3TU5GdERhQmJzc1BYODRvMlpoSlU0ZFFxbkJ0ZkRBbl9Mb1JMdjJiemdBbUdHTnRrQ3VmM2lzM1FKUDJiODR6UUVmQ0ZFc0Fja0pvVmRkNmowOTVqUlIyeXJPV2dSX3VuMWpzNUQ0OG9wSHdhMzFLM0JacmluaFo1cFBpQjRwNXRSaGM1ZE9sV20?oc=5"" target=""_blank"">Arsenal can beat Paris Saint-Germain and have 'massive opportunity' to win Champions League, says Paul Merson</a>&nbsp;&nbsp;<font color=""#6f6f6f"">Sky Sports</font>",Sports
"India win Archery WC gold; secure BJK Cup playoff spot: Indian Sports, April 12 - ESPN India <a href=""https://news.google.com/rss/articles/CBMiuAFBVV95cUxORWdwUndiSkpldGY3ZEF1d2JUQkFNYktqTXBpanNfUmlBc0t3ZUo4dldfaU9BZ0hkdklBVlZ2TkdEUzE5YWRFRWJSWEVNLXJZY1RRSm51T1VBUjFwZldsaGhmUEhsSlMxY2dCZjhTM1p3TE5SWlBoc2IzUVRfc1RCTFhqYlBNYnJFTktYWDVFdFVVaGFuYkRZOUlDVV9QSmIyeW9yNS1xeVFpUzR0TGtSbGliM21Yd3hR?oc=5"" target=""_blank"">India win Archery WC gold; secure BJK Cup playoff spot: Indian Sports, April 12</a>&nbsp;&nbsp;<font color=""#6f6f6f"">ESPN India</font>",Sports
"Madrid Open: Play cancelled for day due to power outage in large parts of Spain and Portugal - Sky Sports <a href=""https://news.google.com/rss/articles/CBMi0gFBVV95cUxNN1Z3ZUhqSWVSSXpWWHZYRXBRek00eGYyQTEwa0hPOG9RTktsYnhaSmZ6Sm5PTzNQUWE4ZHVfakRGSUtXb255Nk5vbktsVm1SQWlSODE4U1ZVSjlXU25Nc3pIYWpDOTQ1MkY3Wk5GVzBERUVIeXV3Tzg0UGxSU2RfV0REMlVILWYxeFRSRm1ET2tjcktZV1M3N2JBNlhCRUdvNmZ0VGtHVTlxS2dQbEdUV0xBazZVcVQtTG5XalhnS0JKV1VZYWgzZzA1dnBrYU1aM1HSAdcBQVVfeXFMTUtsTEh2Nk8wdEEzSjRnYXVzSlBsOUVMb3Jsdi0xbnJqSFhvV3VBWmk3ZUFyWGYtQzhSd1ZrSTBBd1ZTTXNyaERaNDM1SDRpMG5WODhFdGdPR2VXbWhXOVRWYkhCZUZobWlwTDYySlNWTU1ZSjZpQ0UzOFh4b2Q3TGdGVGlGdzhkd2ZoMmFucUQzcU1KNWJyWWktbV9wYzdOZGRJRU9YQmJpZ29tcjEzT1RROHZmaTZDWlZpa1U3VWZKdDZQMEJLYmdFMGRsck9kUUJ6ZTlIQXM?oc=5"" target=""_blank"">Madrid Open: Play cancelled for day due to power outage in large parts of Spain and Portugal</a>&nbsp;&nbsp;<font color=""#6f6f6f"">Sky Sports</font>",Sports
"Miami Grand Prix practice, sprint, qualifying and race times, UK times, plus weather forecast - BBC <a href=""https://news.google.com/rss/articles/CBMiZ0FVX3lxTE9CQXBXTFdLZFFIekE1LU9lYjlPNzJpcVQyeVJpaE1DLWxvdWh1akc1VWhEQTdUSDZuSkZfYW1sLU5VUmlQVWFMejdDaHdjSWZMT0R6TFVpdUZDb2g0VmNsR01FcHBiRmfSAWxBVV95cUxQaVg4M29abmZPNnRZMjFkSTZlYVZuRi1sMGpmcDZhSjJPc2V6MFFfOEV3cklNaDRiNDVVQ0gzOW8zVTlrRTgwY3pUTy05OTF3bDEwUXRiVFBfYkRFNWE3S2NkaVNja1VCZ0U1Z2o?oc=5"" target=""_blank"">Miami Grand Prix practice, sprint, qualifying and race times, UK times, plus weather forecast</a>&nbsp;&nbsp;<font color=""#6f6f6f"">BBC</font>",Sports
"From Johnson Field to CBS Sports: Daily Lobo alums reflect on their journeys - The Daily Lobo <a href=""https://news.google.com/rss/articles/CBMiuAFBVV95cUxQcHdMYkk2VkQtTWlDamxXdmhvZ25XeFJpb3Z0c0RiN3RKRENLZ1JaOC1yM1VDdURqVV9Ua0VnRjhoS3dTYmtoYVY4eU5JUE0xSU05SXh2MkxKdlBhS2E3SHIwdWVUTjMybUtOT2FfRzF6SDV3cjdqR1cxcHlNNjctSlR3R1A0MXptZUtycWhMTDhwZWEwZWQ5MkpuWlluSF9qR3R1LW84U21Od0pINWFpQWp5MmxOSGN2?oc=5"" target=""_blank"">From Johnson Field to CBS Sports: Daily Lobo alums reflect on their journeys</a>&nbsp;&nbsp;<font color=""#6f6f6f"">The Daily Lobo</font>",Sports
"Player trading, Europe & stability - how Celtic have built domination - BBC <a href=""https://news.google.com/rss/articles/CBMiZ0FVX3lxTFBLVUctOWowaXRmd3B3ZEhWOWN2V25ZS0pRQWlDWHczbkoxM2dIUXZYbXNOWWtLMk9Vc0tUU3V4UU5JZFhyQWxacFdtSEF4SllONVJlaV95d2k2ZXBNaERpeHVYSEVDUjA?oc=5"" target=""_blank"">Player trading, Europe & stability - how Celtic have built domination</a>&nbsp;&nbsp;<font color=""#6f6f6f"">BBC</font>",Sports
"Football gossip, paper talk and transfer rumours: Arsenal lining up bid for Barcelona defender Jules Kounde - Sky Sports <a href=""https://news.google.com/rss/articles/CBMiY0FVX3lxTE56R1NKRDF5NlhjQkN6a0dGVldHODVDSmtKTDdzbVBqRk9RWU1TMkVRU2R5b2ZlWTBMMjNvWWlvb2tZbUxHZmZyU280LXFYMGQxaVlXMnhTdlFvWFg1UnB2NU5YUQ?oc=5"" target=""_blank"">Football gossip, paper talk and transfer rumours: Arsenal lining up bid for Barcelona defender Jules Kounde</a>&nbsp;&nbsp;<font color=""#6f6f6f"">Sky Sports</font>",Sports
"This Week in Sports Trivia: April 24, 2025 - The Athletic - The New York Times <a href=""https://news.google.com/rss/articles/CBMimAFBVV95cUxNdHUwTkw5SUh0OWY4Vi1jRnRpemR1dWFHMkRQY1o4Slkwb3c5ZUtYVmFRTC1LZmdFQ0o0Wk51dzZNT2ZZYXE5U0R2Mk5hYkNheUFGeDlJQkxERlFwRk01WE83RGZlZnJwT25tLTdQWHhndFlXSW0xNEx3MzVoNlRkRk1uQnR5N0lpN3lkVjVDaGtLeXVmT0RZbA?oc=5"" target=""_blank"">This Week in Sports Trivia: April 24, 2025 - The Athletic</a>&nbsp;&nbsp;<font color=""#6f6f6f"">The New York Times</font>",Sports
"Real Madrid's Antonio Rudiger could face lengthy ban after appearing to throw ice at referee after Copa del Rey final - Sky Sports <a href=""https://news.google.com/rss/articles/CBMigAJBVV95cUxNRlRjZU5HSDR5WVRSX0FhbHhaOE5iZnZ2SlhHbVc2bjFMUHVfWU9ralZSNkFJSU1fZmNmRndhendpdXE3LWZNMHlmSzBxaW9URkNYU3E5RXp2T1lCMGVwb0k5TG1FdlVmTUdKZVBpZEYtcm1vWFlyaXlvNENtNTNXWWlSSTZzTzFzX2xzcDdqRnNEa2doWWY5YV9odUtOYUFveWhiTUdqOG5qZE02S0NuQllzVmRKU2FaNnFVVDlsMmlJUHJEQlhjT202SFZsb2twOWdlTE9HZk1INC1kblhkNXViclJQLXVYS0xCVktzQmhlQXpWbkpYbGNPdEFwSWI20gGGAkFVX3lxTE9yVHRrYjJvbzdtQkl5NGRaRUdIdkFaOFBScmxvN1hUb2w0Uy1Jek9RaVp0dzBZZWtrbnVWVnhjWTBUMkJFRng0Mld4bTJJODVOYTRsbVFGX1UzQ0drVzFWSEE3cGhlTVRXNHdNUmdrVFRYRS1Nb1AyYVJSSEpkSmszTTRLOWl1ZjBpckdRdDYtd1l5bDRGOWcwbUc2cEloaTd2bklEVThjUmxmRjZzMWF1WGwwcENiazZseGhsNmhScHNhaU11OGd1VXU1MFliQXVBRlY0NWl3REQ4cllTRWk2MVZaTnB1aEFCOG4xbUFsOUNQcHNia21nckVOb3BjMmQ5YWp2MWc?oc=5"" target=""_blank"">Real Madrid's Antonio Rudiger could face lengthy ban after appearing to throw ice at referee after Copa del Rey final</a>&nbsp;&nbsp;<font color=""#6f6f6f"">Sky Sports</font>",Sports
"Sports and Major Events - Atos <a href=""https://news.google.com/rss/articles/CBMiYkFVX3lxTFB4dHdudUo0UzJVTGtOYTBzQ2FlelZPLXR6ZzFlamN0MDNCeHM5ZzNvM3VPaFVxRUVfdkYtaGtfbmNiZkczNXotMFV1cEgwRXI3dnBudjB6NEhScU9XejRnWnJR?oc=5"" target=""_blank"">Sports and Major Events</a>&nbsp;&nbsp;<font color=""#6f6f6f"">Atos</font>",Sports
"Sam Kerr injury return: Chelsea striker could return this season - BBC <a href=""https://news.google.com/rss/articles/CBMiZ0FVX3lxTE1YeTlMbElfNWRqMndPQW9EMDBVa2RwaUVrcnpmZ216Y0NfY2U1RzJBT1kyek5FUlhEb0E5WUppTEIzQVZpSzh6dDZ1Ujl4Q3dBaFJxMUZqM3V0bGN5TDd2ZU5sN2tnVlE?oc=5"" target=""_blank"">Sam Kerr injury return: Chelsea striker could return this season</a>&nbsp;&nbsp;<font color=""#6f6f6f"">BBC</font>",Sports
"US sports merchandising group Fanatics plots global trading card expansion - Financial Times <a href=""https://news.google.com/rss/articles/CBMicEFVX3lxTE1QUVFDTjZtLWcwWDg4d0JrU2ZZOXVGVVJmSlN4ZVNpdW1UWVJrSmtJZF9VMVF3RUNQS09hTUF0RTZzQl84TlZkMlUxaGl4amRqamhiVE53QlZUVXdtbXZsS184M0E2dnNRQnVMbFBsWHU?oc=5"" target=""_blank"">US sports merchandising group Fanatics plots global trading card expansion</a>&nbsp;&nbsp;<font color=""#6f6f6f"">Financial Times</font>",Sports
"Premiership Rugby talking points: George Ford, Exeter defeat and more - BBC <a href=""https://news.google.com/rss/articles/CBMia0FVX3lxTFBiejdxbXBPaU1VWFk1ZUl1dXZJdzc1R2pRd0JGcWFPNGJ4ZzhNMk9wV2N5ZmZZV1F4MHc1MmZwdlhocmFvR0JkLVU1QXdMam1UcWxpcDJuSTBkQlFrR3RLUlFyNVVLcnVPY2JZ0gFwQVVfeXFMTmhGN0ZDQlREaEE0QXNaNnY3Q2E2Z2ktb1Nhb3FZc29WeVNFTTJGNGZrLXRVbDVzU19Gc2FYQmVrZV95MU5hV3k2aGV1N0ROdWFER2dCLXIwUVNOSGprQVAydU9TODdOcExLWVpKNlVBQw?oc=5"" target=""_blank"">Premiership Rugby talking points: George Ford, Exeter defeat and more</a>&nbsp;&nbsp;<font color=""#6f6f6f"">BBC</font>",Sports
"DDA to make multi-sports complex in Rohini Sector 34 - Times of India <a href=""https://news.google.com/rss/articles/CBMivwFBVV95cUxQakNIdkVreHlLWmVnak9kWmpDcGROcHBLTlBNcnU5ZktpcnpOd0NtekFJNWNHVmgydE5GN0ZGUVJlcXN4Z3h6bkZJRlJtREJGRy1uNFVmUGlpanktSlZDd0Z2czZUT1RPMkJ2dTNBN2JrV1haQWZQVmRRZ0RnOEg4VGNKZFJXZVBITWxaNl9nNVk0enZTYVlOdktRdUpTNUNoYlU0emcyQlhpanhsdGJmUG1fNUh6bFczQlUxMW9zVdIBxAFBVV95cUxNOGFKNTdDYklraWMyRTVYbGZzSkk1SzBnSi1KNmRYbUhJenJUZnFPN3pJWE1kRkFZaHJYYU05RkcyUHFYeVRHajdva0hQX2t3c3BRWmVkcTViX3AtWGIyTEotb2VlRFBreDNRcHlZaWNoRzlvRWhoVGFhY3k0dFpnVnJleFAwWW9LYmlPd3pDZElmeWVLVGFnVEtETlJfNzRBQUowMGwwSUhaTGM5UWk4SjZCVVZ0Wk0tRUJDNW95ZzBYbmdl?oc=5"" target=""_blank"">DDA to make multi-sports complex in Rohini Sector 34</a>&nbsp;&nbsp;<font color=""#6f6f6f"">Times of India</font>",Sports
"Novak Djokovic: My priority working with coach Andy Murray is to peak for French Open, Wimbledon - Sky Sports <a href=""https://news.google.com/rss/articles/CBMi4AFBVV95cUxNbHdCNG16Ti1OTmFES0xndE1fTE1hMVB3R21UOWw0cS1Ebjg2VXI0TVV4UmVPTjNScmEyX0tSU1N2aGRSdTFXWElJUDI5WGhtMUNXMnRsbW9yTTFtdWk4QWxJUGlDMnZXNXo3Z0pvT3lYb0RLOGt2MVNLNkdydTd2aTBjTG9ZekxFSG9lNmR4SVM4V2pBdmE5SndTaVlSb2JadWptVXB1eDk2MXBGUzk1dG9DYV9mVHJDUFRkbWh5eU8yRS0zYkJXTW1ySWYxYnpZX1JITXRRMjk1elhmaWhvTNIB5gFBVV95cUxQT2dMQlVscnMwRzFiZWZlODZaS2szYlVRME9ZMW9rcC1kZzZ2V3hGeFZ5T014YnVMTXBlb2ZXRWQ3bElNMDN4ODN2SmlTWVBrU0ctbDFjclRWWHFVMjF3T2dCZ0R3Q19rMVdDZk1BTVpUNTZvUjFXajcwSlJOTTRLQjZiZFhzWl84X2dZbE1KcVI2WmdjdG96M3lZcWZYcDNIcVFxYnRDUDFrY3dNYXc1ME1tS1dkd1V1eWlnWWdlUlNTTWU3Sk1GSEJsVk1vaVdPZUQ5OWZjQUJSZERZTUZ4aUxNY0Fxdw?oc=5"" target=""_blank"">Novak Djokovic: My priority working with coach Andy Murray is to peak for French Open, Wimbledon</a>&nbsp;&nbsp;<font color=""#6f6f6f"">Sky Sports</font>",Sports
"Sky Sports confirm EFL final day selections - The English Football League <a href=""https://news.google.com/rss/articles/CBMigAFBVV95cUxPU2dtclN2bVdPczRSMkMxR0Z6X1h6M3hxUGlQVWhHRjIwMVAwYTlyUGg2UHNwS0dyUXBHb2doMHR1SGpKVXlzc1VoNS1UcFREMWNVZXMxdWhDbUNHSDV3V3o4NGhqSThKbXItWTNNYlc5NTlzSXhwTklHWGlzbWc0Nw?oc=5"" target=""_blank"">Sky Sports confirm EFL final day selections</a>&nbsp;&nbsp;<font color=""#6f6f6f"">The English Football League</font>",Sports
"Sports should continue during kids’ exams - Times of Malta <a href=""https://news.google.com/rss/articles/CBMidkFVX3lxTFBTVFhNUFB2dnJmS0xSd2RPZ09fQU5BT1BOWi1mdGtzYWt1X29memxfeWJKRl81dDhBZGNLR1BHdTFtVkswS0EyZXphdGtsZGZyV1pjRndLX05BUGE2LWE5SkVlV096bVdxU19fSlV5bUFJNGtwZ1E?oc=5"" target=""_blank"">Sports should continue during kids’ exams</a>&nbsp;&nbsp;<font color=""#6f6f6f"">Times of Malta</font>",Sports
"Simone Biles, Mondo Duplantis win big at 25th Anniversary Laureus World Sports Awards - CNN <a href=""https://news.google.com/rss/articles/CBMipgFBVV95cUxNbERMVm9lbktJck1Gc3RmYThZX0tmLU1nM3EtNGtPX1lSRkFvTE42U0pBLVVhaHN3RlRDakgzOFpjRHByTGtVUEZlaENxaGtOakl6QWFESHZHd0t4a1R4aFA1eWNjOXdZblJ6a0VaUnRrOTZxQklOWlZoYmNQUEZhMDhlNEg4WFdNeTlLSWFQOVVsVGNiWEdPanFlU3hMVzBMOEJ5VFV30gGcAUFVX3lxTE9QdnFjcE50b1lNLWptZ3ZSU185dWZiamRLbFNYWEZXRzQ3bzJZMmhvVFZSeGtmODVzWHAzaDg5NkxYOGxybnNLalB2RjVVRTAxQnJHSm9pR1hZWF9oVVVZdFZPczducFBuMFpGbjhsa1hzUXhDRUpGRXlsZ1lMY3dJQ3RsYi1EQi1RNGpqa1RmcnZ3UXdfUzRpM1ZsQQ?oc=5"" target=""_blank"">Simone Biles, Mondo Duplantis win big at 25th Anniversary Laureus World Sports Awards</a>&nbsp;&nbsp;<font color=""#6f6f6f"">CNN</font>",Sports
"National Games 2025: Know sports list, venues and full schedule - Olympics.com <a href=""https://news.google.com/rss/articles/CBMigAFBVV95cUxPZUMxU2lYUFJKZGR3M3JTVmRNVkNLRjlUTXd2RDN4X1RnODZVQXRoaTZBVEJYaU1QanhkenF2LThJZVhZenFoa0JhekJtTldjOHNrUUVJSjlkY1RDOFpCR09nU0NpZWl6dnNLd3RhQVZqbHRYRkRqVThYblNyMk5YLQ?oc=5"" target=""_blank"">National Games 2025: Know sports list, venues and full schedule</a>&nbsp;&nbsp;<font color=""#6f6f6f"">Olympics.com</font>",Sports
"London to bid for 2029 World Athletics Championships - BBC <a href=""https://news.google.com/rss/articles/CBMiaEFVX3lxTE8xeEN4QldFZElPRTRScV8xYTRhRHNSTmlNNHBBcmZFd2I2cWZQaW4xVldicFZteXZFcm5hSF9aQUFOdzhPU2tWMTAtWkk1R0p0WmU0eW9jZFdDU1BlMk9VUDhxdEhPeHFF0gFuQVVfeXFMTnFfYmlSQWdQd091NEQxMm5aajlfTVYyRlpHQnhHOXNaOE5qM2tucmpNa1FYWHE1a1BmTVphYnpBS1pEaXFhNG9GZmFjMDgwbmgydDNKTTV1My1TbkVGQTJlUWtERDNJd2lmTVpxRkE?oc=5"" target=""_blank"">London to bid for 2029 World Athletics Championships</a>&nbsp;&nbsp;<font color=""#6f6f6f"">BBC</font>",Sports
"IPL 2025 Points Table: Latest standings after DC vs RCB match at Arun Jaitley stadium in Delhi - Times of India <a href=""https://news.google.com/rss/articles/CBMilAJBVV95cUxPVFFNRWVwMkNkWGJaSWVmQ3B0bG12TmI4RnFla3FmUndBbkluV09WX041N01vTXEtZ2VZTFF4SWtIVElsXzNuczRhUjRFc2dROWFxNHJxRHRSdUJOanpMQTBadk4wb2g2dTdDcnhydGlqTmVmdUYyUTR5TGRwdUVFT3JMaHBfR0o3MmNjdHNndlVnWHV0b1dYWXJfZllIcDU5SUlFUHNaTXpuUXVCUnc0LVdWZDZRWmZRMlg2Y0d1YTdrNWpvMmRTWjZQVXNhNV84Z01feEVxTTNXNUIxUlBWWndRanRVNW9lVnVQQVhuRzBFT2pjQ2V5MWhHOHF1MjR3OWVoeWtDYWlMMkswSGZPcjJkb3fSAZoCQVVfeXFMT2dmeDZYVFJHQXMxSGd3NmRESnVHcDgxeXZYX0cwcElZOHRmMkprYUg2Rkw0VlZVWEVJNmVzOGtzcGx5TDVaVjJMVFFzOEtDbTBTb1EyQjlKajlwcWVVNUxJd1pIX1JzdUZqcHFTWkhNM21tZmFPMy00Q2xYVjhldWNlX1JNV29aNWRCWHFaNE4xbGNBZ19ockFxbWQwSnM3UnlVWEw1ekY2RG9yVTFhNTI1bzNWQ2VmNm5nV3FtQzdlS0VObVFhU0xMcGN1czBWdGk4eHpjazlMVW9uWTB4RTVHV2l5N003eVlCZjJMTFIyeHVDNmZDcDFDX2tzNDFYTFd5Mmg5ZU9nYUhMeWtWNWo1MVVwUVpKSWN3?oc=5"" target=""_blank"">IPL 2025 Points Table: Latest standings after DC vs RCB match at Arun Jaitley stadium in Delhi</a>&nbsp;&nbsp;<font color=""#6f6f6f"">Times of India</font>",Sports
"Sky Sports Scottish Premiership Goal of the Season 2024/25 - Sky Sports <a href=""https://news.google.com/rss/articles/CBMitAJBVV95cUxPZjd3TURnZWxkSkp2aWxPWUlqcHJyeXFsYW5YNkN5cExWX2dUempVVzA5Ti1qNHMybDFPa1dxcjFlc2ttN1c0RG9lN2VhcGZCWDJDOUJUZFdLMDd5ZC1pRFNNbmZ3VHZQelpLR0NERjNxOUVkMk5Wb2dZR3R4S21kaEJPWWNNdm16MFVuck5sNXYyX0JSWmlNM0RxOEhkaFJhTnRqdnVKbVpNY3Y1bGJGREhrWDF4V0lxU1BwT0dUeFZmcWdTbWZQNGFGSWN4OUNnT3lQSm5leTAybnNMMlNqOEtJd19xU1FyR19Ld1hrSmJ2c3JEM3Nzdnh3eVd2dkVOcVl6RjFpOTNRZ0ppYU9uMC1kb2w0RVh5NHlGSUFqOUNtOWVpdEhMX1FlNHo4TklMZTBOSQ?oc=5"" target=""_blank"">Sky Sports Scottish Premiership Goal of the Season 2024/25</a>&nbsp;&nbsp;<font color=""#6f6f6f"">Sky Sports</font>",Sports
"Jannik Sinner Launches a Foundation Supporting Children and Young Athletes - Vogue <a href=""https://news.google.com/rss/articles/CBMid0FVX3lxTFAwczNXbnVFYnZRVWdqQWdUeTYzbnF3TXB0cTFnTnQ4Si1BcVIxcWU3a2dJb1FkUHo3ZnZudHk3amIzNG9oZTVmVkJ3dUVpQ1Yxc2p5X3dyTlNPak1iQXhVaF9DQ1pWMUx4Y3BUajdYYXF6SGdCWlZF?oc=5"" target=""_blank"">Jannik Sinner Launches a Foundation Supporting Children and Young Athletes</a>&nbsp;&nbsp;<font color=""#6f6f6f"">Vogue</font>",Sports
"Liverpool boss Arne Slot: We always believed we could win Premier League this season - Sky Sports <a href=""https://news.google.com/rss/articles/CBMi1AFBVV95cUxOTXMxRzRDYVpLdnBsdVBuXzQ5bG9Ud09xNXJGdXRGbmI1MXRKU0paRXRtZWFjUXpfTUl6RUpFSHc3a2djUEZkdVFQanZZdWRYRDQ0cWpSZHhMcWRjQ3ZzdVE4WXc1cTFJR3BuYWxOTWEzWGR2TVdFMEExLTFqTVhxdGwzakw5eDlEMldma1Fvdm9mU1N4RlhQbVh4dE1CcnUtZlJlQVdHbHBNNVZ1dHJhRXY3a0ZfZ1FQa09HUVlSd2VfZ2hRUVQ4NzBQd1NqdUJLZVVkUdIB2gFBVV95cUxNdlBRWXV3ckJzd0czOE9rS093LTZvNWE4TUhPU0FmaDgxSkFaV2h2bXEwU2RRTzN2R0ROYjczWVA5QWZHdldYeHgyUEtUSUIwendoNTlQVUx4S0Vsd0hrQ1FnZDdVVzVHWVNuSG55Sk5CRU5MTlVMeUREYkdlU0FwSGx4aF81RkxBVWQ0UUZDMXNwSEJEN2RPUWgwNmxydC15N3JHUjdjeGZISVlBTE9FQ2xwZURIOHY1aXc4Y1dZYkFfM2Myck84c0R3MWVlQTJsckM3Zl9rSllidw?oc=5"" target=""_blank"">Liverpool boss Arne Slot: We always believed we could win Premier League this season</a>&nbsp;&nbsp;<font color=""#6f6f6f"">Sky Sports</font>",Sports
"Recognised Federations - Olympics.com <a href=""https://news.google.com/rss/articles/CBMic0FVX3lxTE9iTVhoNXR5VnJpUjRIbHNFY3ZhdFBuVzFwZ0xqU2N4MUhmS0NrZ2ZmNnZHTzUtUWZaT1dLVWRVMFl2ZjNnZjhPZlRjZkJkZXh3REpkX0FwOXlnc1FYUU1FMmV1NWtoUFpXaHNjdVdlN1JLdFU?oc=5"" target=""_blank"">Recognised Federations</a>&nbsp;&nbsp;<font color=""#6f6f6f"">Olympics.com</font>",Sports
"EA Sports College Football 26 release date announced, bundle with Madden 26 - USA Today <a href=""https://news.google.com/rss/articles/CBMipwFBVV95cUxOVWg4VUJaYlMwelVTYUcyR1lQOWp4MXFWaFFoakxPWTVzZWJPU0tPQXNMakhuelpXNi1XS3UwYzR3UmRpX1BEVmF5Vlh5ZEN5eW52Y3NUbVFiUFQtWl94aTZDaktUOVhadHBmTFlpMEFsVFBwbC1mVXQxY2pncUtsN3c1aGdfUkd3SExNbjNLOUt5M09qRGRZVlJ6ZGczdEtQTjB6Y0lFZw?oc=5"" target=""_blank"">EA Sports College Football 26 release date announced, bundle with Madden 26</a>&nbsp;&nbsp;<font color=""#6f6f6f"">USA Today</font>",Sports
"Liverpool win Premier League: Arne Slot's side equal Man Utd's record of 20 top-flight English titles - Sky Sports <a href=""https://news.google.com/rss/articles/CBMi6AFBVV95cUxNN3dRT3FFZWhQaFNiSjd1OXdrMlp0aWk5QzNISEpTQTVEaVMxMjFNX3RUQ3RCU3FUWmtoUXNnVU5COTJIaFFQNzFhd09POFRMMEFUcm9rX2J3SHdMRWV4Y20zaERCMmJZODFOTEVnOTFNdmJaRS14SGhXRzlxYW5WYXl3b0RNVjlfakROMC1HaWdMMHp0eVNPRDFrQU5JZ01XT3lzakR4R2xhSmd6NW5iNU1Celd1NFlQSVRIOGNtemF4SVVtVEVoTU9TaWxjTnRpRzNqT1JJQzRGeFFsazhxcmExazNvYmVU0gHuAUFVX3lxTE5QUjN1bEFjNXZEekJ2REx1eGk5bzVfMFBYZDhYUDNjVDBuRFdQQ2ZtV2RNR2dTWEEzdkJlZDdSOUlpYkEtOGZuaTFaLTQ0anZnajdGY29FbjZNWnpNOFJpNmY4M2tRdUQ3blRWaWZ4UTQzcmtzMHo5X1RvZHdlcmxOSGxRTGVnZW9xQnpFVlJSeUhJMEZseVFqNHhBb1NLMGtLWlowQjF4RmtaaWY0akhlZkg0WGYwX2lyTHg5TTB2VGtCczBkaXJpVEpSWnJZVkR4U1JFQkFCZm9ya1JlWWlIS05LTG9vdEpNOWlUOGc?oc=5"" target=""_blank"">Liverpool win Premier League: Arne Slot's side equal Man Utd's record of 20 top-flight English titles</a>&nbsp;&nbsp;<font color=""#6f6f6f"">Sky Sports</font>",Sports
"Myles Lewis-Skelly exclusive: 'Genius' Mikel Arteta has Arsenal ready for PSG test in Champions League semi-final - Sky Sports <a href=""https://news.google.com/rss/articles/CBMi-AFBVV95cUxPUll4eE9Ubmlyel9uOXFDYUJCRlFFOTZDeTRtXzZqcndzZkllUzVoUEdScVNkMHdSWVVyREs1Ymp0ejhvRG4zb1djV3otSlVpNWc3dkpTN1VWVDRfWXA3SThjN2xTYjllbFRrVU1wcWR5OG9aUHE4Z19BY2pGMnFKcXVVYUUzbS1zTzhxZ08xNktWLXBXWTE1SGZwYUktbE81Rl9PMzFpN3ZxZlBFRkFFQzJ0WUxoUHZIN0w1X0p1OW5vM1BXMXFad3Z1LTdvYjNkOUl1UXZiMS1wSmVlNWFPN2NKaTBGSnc4TVdoMnB2alhlQ25neXBwTdIB_gFBVV95cUxQS1pWbGhqYVQwWGVCUGxoRHl5YklUenZueG5BVXlBMXdZXy1PN3Bndy12cnVXejBsYWh6bnVmZGc5Y1FaSlFycng1aFI2U08zTlhaZm5rdXRyYnN4a0VzcnZhMTJxUG5lQzB4S3gzQzlKQWotYlRXUUdLdVRUX1ZRanByeXlicGNaTkY3SWYwRjJRU3U2SHd3N3RZMWVPTkt5OERYc29XMjVtUTJOWEtaakc0SzJzUEI2eC1ZS2RBRndiZl9GeF9QRmZHalJHVkRFX0hkWTJtMHF6eDVPa0JUTE9mb2VrR2pSOFNKVWVHREF6TUVmZHdmcGRBcE5rUQ?oc=5"" target=""_blank"">Myles Lewis-Skelly exclusive: 'Genius' Mikel Arteta has Arsenal ready for PSG test in Champions League semi-final</a>&nbsp;&nbsp;<font color=""#6f6f6f"">Sky Sports</font>",Sports
"Covid 'devastation' spurred Robertson on to Liverpool title - BBC <a href=""https://news.google.com/rss/articles/CBMiZ0FVX3lxTE9keVI2YzZocVg1QXlvTTA4WW8xMHBVRVJXWklXdVFpSVJDVWl0YzFSTFFiMUdPMTJlV1ZNclVSd2pXM2dpS2FCV0xMdDBvbkM2U1RLOTczZG5jelZ6TEhXSVg3ZmJsdmc?oc=5"" target=""_blank"">Covid 'devastation' spurred Robertson on to Liverpool title</a>&nbsp;&nbsp;<font color=""#6f6f6f"">BBC</font>",Sports
"Liverpool transfer news, rumours and gossip: Live updates and latest on deals, signings, loans and contracts - Sky Sports <a href=""https://news.google.com/rss/articles/CBMi9wFBVV95cUxQdE1qcDlSZU1XZEJrM1lLQWYzRTVyQXJqNDdTMkE2QWJvTmdBLUlhRFhtWjFHYzNaRFBFWWVRb0JqR1RGclJ4SHVmb1pfRnJzdHBNa0JBMUl5UHpSeW1zZTE1Y3pJUnI3aGo5RXBldldTZk53R19vQkd5MXFGbzB5SEMxc1Rjb0lEN25rUE81eXotREFnYXZhQWRVQUVkc0FhY0ZRQVVneVdITjE4Zzl4OXJndENTQmFqNG10UmNkdlNSTDE1c1pTVjJpU1NsU2FPdzVRNUdteUpEM2E4d2NsWl85SWF1QlVKZnBhLTZlQWNCNERQVjNB?oc=5"" target=""_blank"">Liverpool transfer news, rumours and gossip: Live updates and latest on deals, signings, loans and contracts</a>&nbsp;&nbsp;<font color=""#6f6f6f"">Sky Sports</font>",Sports
"MP urges Centre to establish sports infrastructure in Visakhapatnam - The Hindu <a href=""https://news.google.com/rss/articles/CBMi1AFBVV95cUxOaWM1dk56RlozakphaGpzVUxYR2JuZGdkQm5BT1NycS12dTI3MGhxQnZqc0xfVm1wYXV6bEJtbktNd3F6TjNmOGhBaFlSQW11eUo1LW00b0NDcTBmTHRNV2lFNDdaZlFXOGJ6T0dwcWxQNEZaZ1NmZVJreVU1SkJZSFV0Vkh5YnNsWGF5ZVQ4Zmp3ci1jT1RZeHhpTzQ0c1lxclUtVkw3OUU1RHA3Vk01OUVoUTlucm9OM2ZQc2pyWVV5WDlfU2ZzVUd5bnZ3M1RCa3RQR9IB2wFBVV95cUxNak9FR2J4MjdNanc3WTM3R0V5b0g0NFh6LVpWMXZ4ZkhUVFQ4Wk5QTUlrdXJpa0o5ak9DUTVaMVY0U0dhZmRiUVVTdnVEVG0zRkctNzZyUVByMGFBcFcyUllqd2ZNMDA0dzdDa3UzQ2J5WURmb2tTcFY0UnE4Nll4dUdBcmRQR0Ixb3lYdWd4NmhEalhjbEVkZEdYSGkzYXFOd2FxVFlRRWpkaGJaSUU4bUNaa0M3YU5LUTZKOC1SYlFmZ0QtTmQtQ0tiYVFSM3pIYW03YjZCa1FTU28?oc=5"" target=""_blank"">MP urges Centre to establish sports infrastructure in Visakhapatnam</a>&nbsp;&nbsp;<font color=""#6f6f6f"">The Hindu</font>",Sports
"NBA playoffs: Karl-Anthony Towns' deep 3-pointer, late no-call give Knicks 94-93 win over Pistons in Game 4 - Yahoo Sports <a href=""https://news.google.com/rss/articles/CBMi7AFBVV95cUxOYWhhX0kwSVFWN3J2QjdzcVJ2WDY3U0pzNVdfU3ZuX0tLRkJiRnlpNmpfZVZpNVlwUUF1c04zRHJ1YUE4XzBaeTZSYVJ6aTdsSHBaUjVRbk5EeVFaOVp1ZDV0d1NxV01lV0UwTGVndEg3RmxYUm1UUUk5aFoyaEg4blpWZVhLZ3lhMmo1dnNXek4yVnJ2eWRuZ2ZUUjhLVnpWT09KVVZnYnNRZ1diQVRiZUxQUkRkX0dhRGpGdjFXcHhsZjRuNTZwWXNrUXFXbHRsVjU1cHhmV25INVFWdDhERWl4RUJNbFR3cnQ2Mw?oc=5"" target=""_blank"">NBA playoffs: Karl-Anthony Towns' deep 3-pointer, late no-call give Knicks 94-93 win over Pistons in Game 4</a>&nbsp;&nbsp;<font color=""#6f6f6f"">Yahoo Sports</font>",Sports
"NIAMS Health Information on Sports Injuries - National Institutes of Health (NIH) (.gov) <a href=""https://news.google.com/rss/articles/CBMiZkFVX3lxTFBrZGsxWExqSlJLTmM0RzlTSXJtTnNaY1BvQkpncXZ2UUNJVlp4eFBIS0NPRDZxRnNWNV9zOWZfcHo4T1VMNV9iNW4weDJCRk9VU0ZqQ3M4X3BqQVV6ZDZLanVZWldmQQ?oc=5"" target=""_blank"">NIAMS Health Information on Sports Injuries</a>&nbsp;&nbsp;<font color=""#6f6f6f"">National Institutes of Health (NIH) (.gov)</font>",Sports
"Max Verstappen and Oscar Piastri's controversial first-corner incident at Saudi Arabian GP reviewed by Martin Brundle - Sky Sports <a href=""https://news.google.com/rss/articles/CBMi-AFBVV95cUxNY2xURUlFMGZhcWZucVd5WU9jWG13Z3B6emFLTE5UajJfVDZrNlo4VHpxZ3FrTXl2MFRVcWtTUS03X3kycHlVN2hZMmtXdFlJcVZMa3g0M1QzTWwxNG1TczdhaG5YSWFUd0JIUi1jZUV5YVlGQ1VUMHRTUy05SnR5RExsU29lVzdnYzRKQ1VKLTlVX2ZUcHZoVTlnenZZT3MxdVllSEtCcnpMb21NWlhfcGp4bWdNVmhTeWZKRW1LUUxBRVF3aXI1RlRJRnY1RU1DX09vcmQweUo0MTlVSW9PZTF5SUJONFJzTVhWazRVNWFQTmtUY0xWRdIB_gFBVV95cUxONUhPQkw3R09adHk2U2lQLWNZaVJsYi1DWVBCR3BldGU2RjJRVWU1Nm1oczA0QVNfTDc4MmwxM2ZOcXFhRllLNG4wNjByQURXd3NaRlBfb0s4RWt3d1dMRTdHajZOTmF6RXVTTzlNNFFZNHUwZzhja19uZ195VXQ1MnRzdGp0NkFUc3lZVzhWM2hzWF9hQnBzNnREUXljWVJXeW9vdHBrNmZKWURya1FIQ0xKYTZLa29NT2hXZjc2RFo4QW1GNkhqY1laaF9LaWRIV1hUVlMwR2xBVVhMWUJydXk3aUZ5a3g5ejA5bGVhYldzaWJKYlF2SlNQQWhvZw?oc=5"" target=""_blank"">Max Verstappen and Oscar Piastri's controversial first-corner incident at Saudi Arabian GP reviewed by Martin Brundle</a>&nbsp;&nbsp;<font color=""#6f6f6f"">Sky Sports</font>",Sports
"Kevin De Bruyne transfer news: Aston Villa hold internal discussions over move for Manchester City midfielder - Sky Sports <a href=""https://news.google.com/rss/articles/CBMi9gFBVV95cUxPSlhzQXhKNy1rN2RWUXRCOG5xRE55YWs2QkRtVnVyRFF3WTRMNkU1SXJuLTBoUUZWbUJnQVd2UHk4RURPZjVEc2Utczk2Rk1uc1I3UXZwMmlxb0JLMEk1VUNubElOWXFHVmxEQXpyZzZqV1dBcUNEY09PeUlTZ1J5OWw4a25MVFhJUXVxeHJ4NDZOT2ROMmhjdFp3bTBYdlI2Y3A5WV8zbTU0SmF6OFNSaVRkMnFSVnpkTGZBLTBoTGQwQ0FKVzc5TGZ3c2c5ZDJWVnkxN2MxYWl4NmRheFFzV3pqNnRHQW1yTmVjeE9OOU0xV0RQNHfSAfsBQVVfeXFMTUMwWDE3dF9iVmlkemhfMjBCcTZZT2llelpCb0VjdmRjR0RHNjBMS1FPTFd5cEVXYWZ3cjdUSzByVlBIY0RhcVRNVlczZzBSVFVpcmFQUXh4QkNjb20wUHBlSmdLX0diVFN5M0VKWE5SaG9MdlZiNzJkUWdzeVN3NXhtNnR2eUdWZFYtckV5NXZFSGxqdUwyMWxpQXJwcXdyWTJzbmZYX3Y3WmtyOFdpSUxYclJldEk4ekl6SnJmTjI1MHBpS2E4eE9DTlpURnk3Nmlyek14NWpDcVdQME5DS1pmNXpKcGZpcGZyTzNlTEVRS25Uc3FQOUk1S3c?oc=5"" target=""_blank"">Kevin De Bruyne transfer news: Aston Villa hold internal discussions over move for Manchester City midfielder</a>&nbsp;&nbsp;<font color=""#6f6f6f"">Sky Sports</font>",Sports
"2025 global sports industry outlook - Deloitte <a href=""https://news.google.com/rss/articles/CBMiwAFBVV95cUxPVjZyc2hHaTVmQ21VZHdfTEtFb01QRElXQUNsMDF1eVFDcFJGcmZoSGIzV291UW42eHN1RGxOU1F6aEM5cjFBOFA0emc3OXhZMXpBckI5WTFYOEl0V21nTDF4Y2dQNzVtVDRSOVJaSmFiRlAxZ2toVXJVZ05VbVdxMHktd2JkUXdkSzJVdWhFeDFUdUJIRnBDM0R0U3NROWRvV2xjUzB2QXdRR3N2RWJHcGltM0MxNFNvbHl1LVdoZDA?oc=5"" target=""_blank"">2025 global sports industry outlook</a>&nbsp;&nbsp;<font color=""#6f6f6f"">Deloitte</font>",Sports
"Man City transfer news, rumours and gossip: Live updates and latest on deals, signings, loans and contracts - Sky Sports <a href=""https://news.google.com/rss/articles/CBMi9gFBVV95cUxOMHhMNThDVHNFcXU3TkJOQ1FwbWhxR2hGUVlReUFESnNjbHJQR05udlMyN1RDUjBoV0hHaWFKdVlKUnNheHkxQmhwSk9vTUJrVWhrMW4wbnFIZnl1cm9CWXRvMGp0YjJEMmdEd3h3UnlxR0pDdkY0LW83c2FsNkxRZnVkQTFpN2xodVJwbzEwaVRIZ0JMelg2bTJMS0x1VUxacDNLdmNiRTNhLWVkUUtySk1IVnNFcXNIU1N4NzkyWlU5OURHcUlMUldSUEtnN1ltN1dTMUdPWG9yVE1Ua01PSjNacVlVcVYzc0RvYmNEOXIxd185RkE?oc=5"" target=""_blank"">Man City transfer news, rumours and gossip: Live updates and latest on deals, signings, loans and contracts</a>&nbsp;&nbsp;<font color=""#6f6f6f"">Sky Sports</font>",Sports
"2025 - Laureus <a href=""https://news.google.com/rss/articles/CBMiXEFVX3lxTE5EUmY3dEF2VlZycVh0WjhQS0ZSekxuTVRzT1dwQmczRHhjRmJ3Y2d3RnpNQThvQ3lVRDZOeC1fWk1NODk0RmY2NTBtTmpzZWNsOHQ0NV9tMGp0QWZS?oc=5"" target=""_blank"">2025</a>&nbsp;&nbsp;<font color=""#6f6f6f"">Laureus</font>",Sports
"Nottingham Forest Women plan to 'hit ground running' in Championship - BBC <a href=""https://news.google.com/rss/articles/CBMiZ0FVX3lxTE5laFo5TS1hVndPTHViZ2diQXVac0Y2WWQ0R0NmWGhBYldnMWEzOG1WNkdjc01QNWZrLV9xc2ktNzFNVk9LUnVmTnpFVmdYUVMxeDRQVWNfSWhtc2VJdm5SVE1zbjExVmM?oc=5"" target=""_blank"">Nottingham Forest Women plan to 'hit ground running' in Championship</a>&nbsp;&nbsp;<font color=""#6f6f6f"">BBC</font>",Sports
"This Massive Screen for Live Sports Puts You in the Best Seat in the Stadium - WIRED <a href=""https://news.google.com/rss/articles/CBMidkFVX3lxTE5XbXFkWmNLWkdPbVFBSjFzb0xvQTdBVmtzSWNSX2hmdUtmX3YxcTlwQjViWTRTVTJKeDQzZ0hhaGV4M2QzNXNwZ05CQzRQQjd1Q3hxOEVNcnFfdWFqUWtyOURjcmR6T0VCb2NsX0F0NWlILVJhOUE?oc=5"" target=""_blank"">This Massive Screen for Live Sports Puts You in the Best Seat in the Stadium</a>&nbsp;&nbsp;<font color=""#6f6f6f"">WIRED</font>",Sports
"What is the draft against age fraud from Sports Ministry? What is the punishment for fudging age? - Sportstar <a href=""https://news.google.com/rss/articles/CBMiggJBVV95cUxQLUx5YlhMVEcwaDJFUU1jOTBndk42V2Q3OFVqdV81RFZIYjNDT1RzalZNUE9EazBuUTVYTFZ2VzNKRGhKNDV0TVZTTDhoN01tZFRqWGZ1bDg5Uzd1ZmJjTzBXWXJ0V0hCaTBCZWpqRzY2Y3NwdWNqZFpQLVlPVmZ6bWlGLTJTNlBuZmJyRHZsdGNrNnBUU1BJQjFnZ1lyZnVvU2s0OUdHTzl2cXFHMjRza3A1MU1jU1VyWjhzempYSzBwZGNKZ1JBWlNBYnFxdHZKVm5IR0hwXzdmNGYtMC1kbUlVdjc3WnBrOERqY1VRYzFzblBrSnV3SmFlQ1ZqWjdqUkHSAYgCQVVfeXFMTWdjTkVCenpGaFFuckhUZi1QbUpSZFJWaFNMd25ZZnhTUGRvWEtvS0xFMWpQcjlobzNDVDRpLTI3R05OdGJTTGFfYVZwcjdUSVM3VnRGMGNfT3VlUGs4R1ZDMm9NMWladWJGVl82dVo0RkdhMlhSMWlZclZvZW4xa1RUTlNmQW1fWDhpTU4zbUNLY3RGS1pqaWFlWkdxS244T3BObjh5b0I5MUZ1VWdzOE5PRmpwZlRSZzE3SWxON2h1Z1VXSXBSTUFlbzJFemx4U1Z6LVZfUGtxb2E0UXg5YW0yWVE5dFFSRUVtQzFfUjZsNVRiUnNIWUViRm9kX2ZrZ0s1TzFZVkR6?oc=5"" target=""_blank"">What is the draft against age fraud from Sports Ministry? What is the punishment for fudging age?</a>&nbsp;&nbsp;<font color=""#6f6f6f"">Sportstar</font>",Sports
"I Tested Super Shoes Just Like Sports Scientists. Here's What Makes Them Work. - Men's Health <a href=""https://news.google.com/rss/articles/CBMihAFBVV95cUxQYzVVNGo4UlNyc0liOV8xVGM0ZndPa24xT29FSkxIeTUzdHUzNlpuQ3YzNDQyc3dhZWtfSFFTR0dmQzJDcVUwalFsQVpVRXlTZ0xlaFJ5ZWN3SEw1Ml9aWHE4R1FhWTU0VGk4QmtIdnEwZE16LUVJY2RoT0JhenpDbENRME4?oc=5"" target=""_blank"">I Tested Super Shoes Just Like Sports Scientists. Here's What Makes Them Work.</a>&nbsp;&nbsp;<font color=""#6f6f6f"">Men's Health</font>",Sports
"Liverpool win Premier League: What Arne Slot changed to make Liverpool 2024/25 champions - Sky Sports <a href=""https://news.google.com/rss/articles/CBMi2gFBVV95cUxNbXNYR0RFQ3dKQTB5OHhsN01nVWRVMkQ0cTBzUEROVzVPSXFSUzNjVGhwYThNTl90aWVlTHBxaEFrYmFyajFLeDg5bkJDQTlRTGtCVndSXzVybFdadzZzc0cxbGhENmlMSWxFN1htbnR0ZGFCMnZMajVSSWpNS0REZ1I1RlhwWlVDMk5TLTJsdGZBZ2dwWUwtVXJWQmg1djRkSU5RaThMeXVpRzNDblYxSHdkcDctN3YzMk1XOE9vLUhlLXFpNGJ5XzUxVUE3VTIxdHEwSWZ5UGlZd9IB3wFBVV95cUxOc3c0UTBQVnpmRER4aXlxWkxyNW5XVGhzemdvaWpzT2ZKQWlFYkZyS1lZX3FSU2hRb2J0aV8weUJsV3g1RXpsUWNkZXFQS1pVR0ZVWm4xZXFBSnpLRlFCZ3pTMUdhRGV0cmR0ZnVLT2IyQmYtcnpiaDZhbmt5QkJFdnJlTkJqWDBlbTZ3RVVpVnN1T0FpZk0td1dpM21ESU0tYmt6Rll6N19TN0Nna1lDaHdZUGQ2N3lGVEpoOG9Xbk9uN3ROTFhackJQVk43SENmM1lUZkk5VnhDekZocVIw?oc=5"" target=""_blank"">Liverpool win Premier League: What Arne Slot changed to make Liverpool 2024/25 champions</a>&nbsp;&nbsp;<font color=""#6f6f6f"">Sky Sports</font>",Sports
"European - Scores & Fixtures - Football - BBC <a href=""https://news.google.com/rss/articles/CBMia0FVX3lxTE5CWHM4RVN3THNydFRLcGFZakRmencwVTlSQ1VJYV9Qd1NQeTFVSEZ0Y2FSSWoxV1dRbzVwVXB5RjE5Um5qTkRQTHR5SWhIZWFiaFNfWXVNdWVuVlg3UnhsMDlEUURPOS1wQUJR?oc=5"" target=""_blank"">European - Scores & Fixtures - Football</a>&nbsp;&nbsp;<font color=""#6f6f6f"">BBC</font>",Sports
"'No bribes, no queues...': Founder sets up business in Dubai in days, slams India’s bureaucratic nightmare - Business Today <a href=""https://news.google.com/rss/articles/CBMi9wFBVV95cUxOVHJWckFPalI0WDY2QTUzWVdHX3dzR0ZMakhPVEdXT0lUenZpR0RSSE9NRDk5NXp1VE1BUkFxZDROZ3RpbjNfOFR0d3BtamNXU0I5bzhfYWdIUEdhV0tna3k1SjJfVE5aZ1dqWTNydGVGclNzdzJtTEVUU3VpQ01yU3hhTGxlVVdWSE5VVHJvbDF5VGFVRHUxVXIzWnRzM1NUMnY4N0Q3ZUxpamxYeVh5M1I1a2JHZDUxTnhjQzVGemdxaTNWU0dOX05JOVJ0RXVfcC1manlicWRkdkVSLUxsdk1qSndLRXNDeDBSdkpIdHJJT1NKejZr0gH8AUFVX3lxTE9hS1NQS1lVX2JESU4zS2tzMm0zSmFVVHNTYkpHRU5PT0tHOExwRUViNkN1TEdmeklyLTJMOW4xdHdyNkNoamFwdUdubmpjb2p5X3NJUGpjRXRMaXh4YXMtTUhkN25VdDN1Z3p2SVVpcXZVSDhKQmQ2QzZldzZGWmpxeFlVbnd1M3BPanRzNG0yQ1NmR0pWVDBSVUVnTGt0bG9kYWdXUDlVdTFtLUM5SzRMZnlTbmpsS0RMNGpKcjN6VDlmR0V4bjJtSXA1aUdOcVUwdHVWV1ZzSEVjLUVnT3kxaTlGbGVTZ2R6emtqOE15c3gxLW5pYm1aTW5Saw?oc=5"" target=""_blank"">'No bribes, no queues...': Founder sets up business in Dubai in days, slams India’s bureaucratic nightmare</a>&nbsp;&nbsp;<font color=""#6f6f6f"">Business Today</font>",Business
"Business school professors’ picks - Financial Times <a href=""https://news.google.com/rss/articles/CBMicEFVX3lxTE5JcHRIb0M1YV94Q2hqTmlfWEZOSGVPVkVnUGdEQ1dWSmlnejVWQVJvamREb3Q2TGxCaVVwRkhBbDJZcU85emdrXzJCNXM2R0dxeEVyNjdmTFFIMDJuaWhkVEJNbWFzOU5ON1R4YVdfeVU?oc=5"" target=""_blank"">Business school professors’ picks</a>&nbsp;&nbsp;<font color=""#6f6f6f"">Financial Times</font>",Business
"No bribes, no queues: Founder compares business setup in Dubai vs India - India Today <a href=""https://news.google.com/rss/articles/CBMi8AFBVV95cUxOOWFaUFJ0VURiZ1UtaGhXUk1YNUJSeWxtUnA1OHJ6MTZHbTI2eWd3WFNab09OZDRJei1FdGNJOUZYZmFobDBiWXQ4X1hyTDNPcEtDSHB0S3FxcURBRHlITHAzM0lsOHZ2dmVSZGVQS1o5X1E3WGFaVjFDSkxwb2V2bmozQm1xLWF3RnRGcmxwQkxrT3dzRXk4MDdkSWpSS3hTR0IxMlU0SUdISktQTHN2SUxKMHBGYXJMWEY5amg3bWFJcTR3RU1wM215NzZUZl9ab1hEZWVvajNWRGQxN1lNcUR4TUxralJkN096M25FaFTSAfYBQVVfeXFMT3lmZlBaaFI5Z255MXNTX0FsLW5KQ2RQV0JnNXVORkJBZGxjRHVxZ3ZhSGFKWjZNN0t4UHJxMzJHTGZYa2g4bm9ITnJXNGZHcjJ5czdEOGFjRFdPTnVGSnF5aFY4eVhzSXJKSE1Nc0FtQzVSZE1UTzFydXJYUEQyaHdfaXdDS2lfOF9ldHhUYjVLa19xVW9lYVMxRXI2a2ZVVDhNWDlJbFl3aG1kOEVrWU5yMDlXUVV6OXc2d2hBckw4bncxMEk3NUxfOHlIS1NCTGIxMGJLbFJ5NTN6ajJ1NmJRY3RlX3FKY3F1SzROVzVyZERiMVpB?oc=5"" target=""_blank"">No bribes, no queues: Founder compares business setup in Dubai vs India</a>&nbsp;&nbsp;<font color=""#6f6f6f"">India Today</font>",Business
"""Hope Rest Of Plane Works"": Woman On Air India's Broken Business Class Seat - NDTV <a href=""https://news.google.com/rss/articles/CBMirwFBVV95cUxNUTdqdnptS1lERHdDZm8yeEJZMGFCSnlYTkt3bk5UNzdYbXQ0QkM2UERMQVlFd1NCYVpBNUVNeEFBOTl6N1FKdVYwLTREcmszdHQ3TEc0Xy1HY3g2ODV4cXg1LU53VzZzcklPaHY0RHpFbTI3NVJ2QjVMQ1JJaHBQYW8yMTJlVTUyOFl3LXhMaGlwa1FMWk5uZnA2UjMtNm9ObS1ORWFGNXl6OFhLdE130gG3AUFVX3lxTE93U2hUai0tLW9hQ2U0Y3hsY0t4eERJVHFJd19MZHl2c09hLVBVUTNqQ0tCbnZzaUVqNkt6U2J6VGp6WnZUX0kwYUlWaFludVpkYU5QUHgtYThuY0FONWhDbnBQdkt2aW91NHh4V285Z1E0Ums2NUptY2MzUGpWaXlkTkhtLXFZZnVOT004MWJOU18wNkVtOUNfYzJJaFVGel94emhoYlYyVFZNbUF1em96LXBpQmFGSQ?oc=5"" target=""_blank"">""Hope Rest Of Plane Works"": Woman On Air India's Broken Business Class Seat</a>&nbsp;&nbsp;<font color=""#6f6f6f"">NDTV</font>",Business
"Air India Mumbai to Delhi Flight Broken Business Class Seat Concern - Aviation A2Z <a href=""https://news.google.com/rss/articles/CBMilAFBVV95cUxPM3M0bzdsVHZ0TlRud0liZk53WnozcURtSlNFdzFpYUJPbFJMTHp4bzVmYzZYTW5xV0EweFRWM01UQ292QXM0b3pBWTFwcURmNzNIYnpicEJ1alM3bjdqNjBxdV9seGlqVzgxNF9qWE5aZk5LSlVFelBDYlBGRjBxWXFFWU9ydFdyNHJYMi12am9oVjAw?oc=5"" target=""_blank"">Air India Mumbai to Delhi Flight Broken Business Class Seat Concern</a>&nbsp;&nbsp;<font color=""#6f6f6f"">Aviation A2Z</font>",Business
"Lufthansa flight diverted to Boston after iPad gets stuck in business class seat - Hindustan Times <a href=""https://news.google.com/rss/articles/CBMi3AFBVV95cUxPMWp2X29PR0tDOHVQalpwdzlfZldVbmJwYzczU2xicmhEODBGU002SnF1VnFQTkRIYjBRU01CMUEwNFJLNTViRThwdjkzWXhUaVREVnY0Tm05WjhvVU9tTHZNVXdBX19kRTZ2LXhEN2duMDVJaGxJUGVweGktWnR2NENZZTdFeE5rQnlhUHBaMy1iOWVnMFhJUEd2S1N6cXJScUpwVlVlcEdVM0FEbXg1M19pcDZESXBtb2ZlTktUMFRtdERySHBuOGxONzFXSUp1ZlFYUkJfaVNUR1Zo?oc=5"" target=""_blank"">Lufthansa flight diverted to Boston after iPad gets stuck in business class seat</a>&nbsp;&nbsp;<font color=""#6f6f6f"">Hindustan Times</font>",Business
"AWL Agri Business Q4FY25 results: Net profit rises 21.4% to ₹190.3 crore - Business Standard <a href=""https://news.google.com/rss/articles/CBMi1AFBVV95cUxONk5nS2d3dDVMWXIzQjZ2ZlZPalJwd1N2TU95T3F2Y0ZjQ0FhSExNOEhkN0w5X05wMEZ6OERSNzJ5RTRiRTRfWHhlY0JPcE11akpUcC1OV1duOHFBengyeW1VaGZ0TXZKbHVReHBkUzRzdzJyOFdKTHlQNEF6enJ4MGg4bGh3bE9sRmVTYm9fWmRVSUliYl83TGJvT01wQTFOSVdvdF9ULVdOOVF1OGpJNzZyZnM0Rm00TjBJUXZmZjhVWXNsUHZXaWdCbmdXUXdaMXVFM9IB2gFBVV95cUxPQUd2VW9tSEVLV250TTBScnpLMEVlU1lHRnd1aTd5YUJKMXVxOWRtOHRfQ0FrNm1oQURRbFZSYzdmTXprcW5hSzhGYk1hUVhULTNRTV9Xc29RNTdXVnM4THJXX0sxd2NCM2tNdTVXeW1MdmNxRWFOcDJzMTRiSjVXU1hTSUpwZ0VCeFN0YWZqYzctSjdjZUhFdGlCczEtUHJnN0pLX2lTWjlPdC1jVVNMU0dDRndVX1dWZk13VnlRNk9aUFVscThFQUdqeEtSU0M2aHVZYTMxdl9zZw?oc=5"" target=""_blank"">AWL Agri Business Q4FY25 results: Net profit rises 21.4% to ₹190.3 crore</a>&nbsp;&nbsp;<font color=""#6f6f6f"">Business Standard</font>",Business
"Most women entrepreneurs seek tailored financial products to meet small business needs: Report - Mint <a href=""https://news.google.com/rss/articles/CBMi3AFBVV95cUxNSDhTb0doQnBNNWRHdlF1OWtUZjF6enV3YTZqTlY1YXVyZ09ram9JQkpMbmFFUVdPeVQ2dWljcU5VMGhnMUZCbFlBQThtUUtaZHdXTGNZRjVveEJ0WmRsamh0NWZiWnZMV3YzbHg1U094d25TbFF5UDNmR0FBT0ZFaWcxeERoN2l3R2FLV0hKYXlnd1Etc3hrX0pjTmFiVFBaSlFUYlFaTE90Z3dVVUYwT3FELUxTeEVBVEItR29TMW9uaGpvVHNHMllOdTRpLVZiQlFKUEhFZHg4SHpv?oc=5"" target=""_blank"">Most women entrepreneurs seek tailored financial products to meet small business needs: Report</a>&nbsp;&nbsp;<font color=""#6f6f6f"">Mint</font>",Business
"Bill Gates on why he didn't fund daughter's new business: 'Would have kept her...' - Moneycontrol <a href=""https://news.google.com/rss/articles/CBMi1AFBVV95cUxQOFQyQjFOZWUzZm1yYmRoT09RcHFVZm8yTnhuSnJzaE4zSmhNSlk3bUkzY2ZJMURRNnlzRUJQejVoOHY3RGNhMWxwejV2TGtocl9VUXp5TEI2OUlnd3hOb3VYX1AwYzhPaUtueS1YTGhOWkF5SnEwV2tSazRZbDUtR1NFNHBMamlHU2dYWHg4WWVtakNqOE9GN29QOTktRDVHYlI0LTI4Q0JxOWU0UU9BQ0tBRHg0MFpTZ2lNYXlnT3BkVXBkV25PTGNqNldSZnBmWV8zU9IB2gFBVV95cUxQUUkyYXhINWF4bmw4cTJVcndSZGRJb1VUS05iV3VwRjA1NDVpM1lsdXNmWUdtTVhGQXoxZElCV1Y5eWJWX0l2aGZBY1VObzZIWEhNT1c1NnFPUDg3Q2JGS2hOcjY0MGdyeUNyZGhsdURqMnhJbkhkLXM1SGpsY3JuTGhRbkRXRmVUeWNQTVZWTjBWUVNzOTdsQzllVnNuMTVTRDBzSnluQzJ6cDdULU1qRmRvaW9MRXdDUkVJeXh6UTNmVVhodkQ2MTlETkxXYWMwdzc1V0FwRTh6dw?oc=5"" target=""_blank"">Bill Gates on why he didn't fund daughter's new business: 'Would have kept her...'</a>&nbsp;&nbsp;<font color=""#6f6f6f"">Moneycontrol</font>",Business
"Reliance FMCG business is now as big as Tata Consumer, bigger than Marico and triple of Emami - CNBC TV18 <a href=""https://news.google.com/rss/articles/CBMi1gFBVV95cUxNQk1Cc2I4UG03TV9LQU1nVUtMQmpHdlRxTGpxLTg4QzJaNjZtUWpGb2JfVlp2aGhfc1NVYm5HX0szSXRPdnItbXJxOHRJQ0RoR0NNQzFQajhRcllEOVhzcWx0LTFPWTI2bXJNd3BWZTZJaTU1bHVqblhTeDlCRjJ0Zjh1UERJY2VJekEyS2FnWE0yS1gxUWZ2YWJ1NmlnbVh2U1ZQLTNaNkx0Y2dXNHYxcG5EZkxyWmV4ZmV4dFp6aU9WQW9rczJ3WTZtOFVYQ2s0Mmk4MUtR0gHbAUFVX3lxTFAxbDJpNFkzNFdjUXhXXzRHYjZwRW0yWFhYaGxabDdxcTlsdVVMeTFTSnVqYkMxZ19DXy1VZXYwWjR0eWVhZlRPc0h0UEktYWNGVW1PZFA2aUdVRjNoUTlpTDFzMUVMZmVsdzgtcGs3U1VxTmlxaURBS3p1TFl0S1M2bVBpRXpBN0NDd3BaUW41NE5ZeG1WaDA2a2t1UjV5NlUxVHdxckZ0em1uU2toZU1ITkR5bUxQbC1sMy1qT1RoYlJJeTcwTWZ0Ql84S1Y2dWU1V0NqWERieUN2WQ?oc=5"" target=""_blank"">Reliance FMCG business is now as big as Tata Consumer, bigger than Marico and triple of Emami</a>&nbsp;&nbsp;<font color=""#6f6f6f"">CNBC TV18</font>",Business
"Top India trade body says enough is enough, ends all business with Pakistan - The Economic Times <a href=""https://news.google.com/rss/articles/CBMi6wFBVV95cUxNVV81VDdETm1Ca1M0U3VjSXhGeEI4VXZSSkhQdTdwY2JtMlU4M205WlZPb1BSVVprTlE1SEJpTkhINGluNGV6MnR2Wi0tckNvZElQVDcweUtZMTN6TXRjbnFGdlRIZXBZdTBpRVM4NkF1cjB6Nzh4ODJDbmMtSFJkNTY1SHc2MURTWVVOS3J1NllHNS0taXRnMDFPMUkwSmZyM1MyLWxpSnZfUkFKMXVMVER3VGd3Zjdoc3ctQlZNWHc1SEQ4VW9fTE9ENUNvREtpaC1NQVphbmtLUWk2MU5nbHEwU1V6MC1hTUQw0gHwAUFVX3lxTFBxV0Zmbkk5S2prQzRfR2FTd3FMTmJiazEzdnVkT0VUWVdBdHNuSVoyU0N3RzhoZk41LXdHOXRvQTZVRE1tYVF0QXY4WE02VGNZUXBfQ1FsSU5wbXp3SFVnbVItb0lvVWFHMzhuQThMU1A0Wms2bEN2dFBIZW9yaFdqdERtc1BVRHh3WjY4NDRwUEZjdF9HUG1IS1NEbk1UVjV0TWd0UHlYS2JLOHRfbmdXdnBjbmI5c2JZSklRcWJXSU1IWEIxcVA4U2RXZTk5emo1QW92MkxidHZ2V2J1UUN5OUxGVFY2U1duX202bV9ORg?oc=5"" target=""_blank"">Top India trade body says enough is enough, ends all business with Pakistan</a>&nbsp;&nbsp;<font color=""#6f6f6f"">The Economic Times</font>",Business
"UltraTech Cement Q4 Profit: Rs 2,474.79 cr - Business News - Rediff MoneyWiz <a href=""https://news.google.com/rss/articles/CBMiqwFBVV95cUxQNGlaVWFoUzYzOUNITnRkQWVPdEFWdl9mUERnekVjR19Vd1YxaXlJLWFZbmRqamJHdTZFTFZwalUteWJaOUFiMVNNM3JMcmRyak0waUJ6ZEtDaFcza3dVajY1RC1xVW9GemJySkJOYnBHYUx5MHNpZm1KMElsa0hWbks4RnBKeU82T0x6b1Rhbnhsa1lYOGdPWWlua1gyaUUtaFBRdWpVS0JGbjDSAbABQVVfeXFMTUt5UUFtMXN3RThFeGdsNEZTaUpKLVM2Sm82QkZKejQ3WTg3QWF1TUJySVFTVUwyVGZmZ25odHZtcUxvOFpJY04tRC1PZjZRWHQxdEVuRGJtTlZiY0ZHVU0xbjZCclpfdWR6cWRENExNdGZ4RDFhZUJyRzNKbW9VZ05GdHFyeVRVSmxIWmpYdUJCRTRrdjdLSDNWWjM0aENRNE1IQVdleVJSZVFIWjVycHQ?oc=5"" target=""_blank"">UltraTech Cement Q4 Profit: Rs 2,474.79 cr - Business News</a>&nbsp;&nbsp;<font color=""#6f6f6f"">Rediff MoneyWiz</font>",Business
"AWL Agri Business Q4 Results: Net profit rises 21% on-year; revenue hits record high - CNBC TV18 <a href=""https://news.google.com/rss/articles/CBMivgFBVV95cUxNeU1zMjBFbUpmaXVqQklwOU5RblZpc0c0X3BmRXpYWHVFQnY0S0tYWTlHaHJoTGRleHRpdXJXME12aExLb3J5b2VKZXJIX180a0JQVVU0MWZjUnhfZU55S0JJb3BIS2w3OEJJUV9mVW9qWjVVZ2FKck5DbngzMXdHMUFpakMzNFBEMWJPYTU5SFp5dUxNb0JxcnRaVDBNdGlrTnAzVFJjYUxndkNNLURGd2hBQzREU3JQSkx2bFZ30gHDAUFVX3lxTFB5eG9jQkNiX29OX3VXYXhZU2xRZXFWeE1QRzh1Tkt4dW93WTdYRGJYQkR0QmdLczV4ODBEMUVPRkNxckk1U19GbXZFbWlidGRwbzlvNmJpVlN5c2xab3gxMWpjZFpNQk9tMUlvbXRhSm95dWF1WFRhUWZtSlBMNXBiYktwN1ZIN0R3RHNodUNSRFJIaDAzU09vXzhkMXdmbnUzdUFYS0R2dE41NTZYNzJON0tIWERSMEVuVHpoVUpfTTRIcw?oc=5"" target=""_blank"">AWL Agri Business Q4 Results: Net profit rises 21% on-year; revenue hits record high</a>&nbsp;&nbsp;<font color=""#6f6f6f"">CNBC TV18</font>",Business
"How agentic AI is driving AI-first business transformation for customers to achieve more - The Official Microsoft Blog <a href=""https://news.google.com/rss/articles/CBMizgFBVV95cUxQWG5xM2o4bHFGcS00NWZiTllGbHV1ZFpFNkRSbThZVDBzS1Frc1lOYi1YT0wwcWdGYzVqdlFqNVA1X1RiN1BteWNtd2d3a28td0dObmhCSkhCUmFXa1M3X2t5RDhja0JQY25ScTFPZzZvSnZpSGxJU0xVVWRFbkFDZDdGeGFDX0YtVWJTSXNwbGUwckJleThsanFaSUlueDktdEdPRHQyMVFQSHRvNFhaR0RyTTR4RlBNc2xYTUxWOHJZdXR3NVJWaDBXMlE3dw?oc=5"" target=""_blank"">How agentic AI is driving AI-first business transformation for customers to achieve more</a>&nbsp;&nbsp;<font color=""#6f6f6f"">The Official Microsoft Blog</font>",Business
"Introducing Edge for Business security connectors - Windows Blog <a href=""https://news.google.com/rss/articles/CBMingFBVV95cUxPT0d2a21ONC1iZGpzRk5oNTdxdFF3dzRmZndBTndveWxWZlVjWHNNRWdwdnRqTl9zWVQwTElNdF9fdHkxZkRGcVdrZURkMF85VVA2UEpzSFBKUzdVNU9lclBGaklIa1pYa01YUUR5aTIyY2JpcUtnRDVaRk9sSW1QcDFkc3RJV3RqNWJsNVExNXh2V05IMVJhQVFUVTRNUQ?oc=5"" target=""_blank"">Introducing Edge for Business security connectors</a>&nbsp;&nbsp;<font color=""#6f6f6f"">Windows Blog</font>",Business
"CloudTV appoints Harshad Wadivkar as business head for monetisation - afaqs! <a href=""https://news.google.com/rss/articles/CBMiswFBVV95cUxNS2hGWTNjUndUeXpSUXB3djJfWFJuc0ZoVGc5QjB0Q1VhR09Ob01ORUZHdGowTEczM19zM1ZLMzZuaG4tLWdWdkhZUHM2T3Y4QWkxeGhuMnNNSE82OWFFYUhoMXdUR3JQT3NHY0R2WG9VaHFJVC13anMzTWdTOFBvM283TnRpTTg1R0IwVldYZFVSdWJ6czJiWjNyTVJzbzAxWHdJdDBjc2lNa2UyQnMzNEdlZw?oc=5"" target=""_blank"">CloudTV appoints Harshad Wadivkar as business head for monetisation</a>&nbsp;&nbsp;<font color=""#6f6f6f"">afaqs!</font>",Business
"IMPACCT.Info: AI Powered Business Intelligence - Construction World <a href=""https://news.google.com/rss/articles/CBMiugFBVV95cUxQOFFGSGlIcGJPSzdLRTQyRXlnSXFsTG44OFN2Qks1Mk5DM0wzRWVWRldyMHpjbEdRTTZHMEVPTTBuRm5SQTNQWWMzNDdBYUVSMHVyRzZUbXRoa2FuNmFqN0xZcFVOQVRnLU9ET0ZWYU95eGxEektIeGRJdGlxUlJMczZlaTF3NE1pZDZ3ejFaZ1FQem1aYkE3SjB1aVpzcHdWeDBOOXI0dzc4WkRvYjRmM1BRTnpJZW1yckE?oc=5"" target=""_blank"">IMPACCT.Info: AI Powered Business Intelligence</a>&nbsp;&nbsp;<font color=""#6f6f6f"">Construction World</font>",Business
"Brand presence in Delhi NCR is significant from both optics and business perspective: Vikram Kamath - ET Hospitality <a href=""https://news.google.com/rss/articles/CBMi_gFBVV95cUxNeFh2QkpsNHhzWDlBWUJXTFNKb2FOdHJTSWhNcFZOcHNyeGpPUURTNzFXTzV6ODlGUy1EUVV2WXYxeU91V2x4V0g3MTBiTy1CaVFESHlQZV9maHBnMXBDUVp5TUw1UkdxdTFaM2hJbTJXVm5GRVB5RXVKNURwZkJzZTFqUXR2Mzh0ZDVkVEdaMUYyUGE2bFBfandtNVRxc2I5cWN2b3MzSHVIQTZlOVRXOUtLUGhFQld3SXUyZ0dSRFR4cHRYSzFOMmduUElhUExnMml1aU9ubmxKd0xHYUtRMHB3QUt4LVFnQ2taYVRwMVZOUm1YenNqNFhXcG1Yd9IBgwJBVV95cUxOWVF5bXVNUm1VZnc3Ry05cnJDaGRheUxWeTZuLWVtVlJxNlhpUDlTWl9aX2xueU5ZY2FrQXEwbkVzUlBGd00wekp5VFRNUDh5QU1UbFVQN2VQREFTdnRsYUZtWFIyNzhvM1F5ZThXQ20yMWp6ZlFzTjNGUGEwazFoY2pDeU9iSWZqd3hFcUJLUHp1RnN0Y1Q1NDBDeXoydVI4eHJiS3VETGZRcm16akZUajhOaW8yZ2xHUUFpOFRvRjNwSW9EekdNdUJzT0lzMWtfS3dNN1FRTTNqVXpqTU9fcG1XRldMOFpyZ1VnMXFpQVBYd2Q1eWhJNzBZV3M5ZU5BSXYw?oc=5"" target=""_blank"">Brand presence in Delhi NCR is significant from both optics and business perspective: Vikram Kamath</a>&nbsp;&nbsp;<font color=""#6f6f6f"">ET Hospitality</font>",Business
"India's AWL Agri Business posts jump in quarterly profit on edible oil demand - Reuters <a href=""https://news.google.com/rss/articles/CBMiugFBVV95cUxNNE9KbzR1ZU5pdXdLMm01ZkJvbS1LdXhqMGJCWXpJaU9CcHktNzZ6TFIxc1pBRXpTVE15MkVBaTZoemtISjRvRS0xUVloaFg0YlhsWnNHaU4taEhiSUhIVFhPZjdjbGhYY3ZtVFdQWHRpMTdtZFk5WTBEaG9zXy1LVU41aDdLQnY3VTJiQU9TdURlQjItMC1TZ0M2V2Nzb1NfWHlUdmNkckFBS191WnA5UGdHY2J3eEI5YlE?oc=5"" target=""_blank"">India's AWL Agri Business posts jump in quarterly profit on edible oil demand</a>&nbsp;&nbsp;<font color=""#6f6f6f"">Reuters</font>",Business
"CloudTV appoints Harshad Wadivkar as Business Head – Monetisation - Exchange4media <a href=""https://news.google.com/rss/articles/CBMixgFBVV95cUxQQXhvajBvTFk0T1lDVXNBclNEQmJ6cnlpUm9ZMGotb1doVDZxMVRGVmZxMENmYWo0b0xkTXBuckhmX3ZjLU9kbG1DdXl1T2lzb2UyN3p2UWc1V2ZXOVRFU052c1hvcHpBQm5OVVlkZXpXYjNoaDNlZU5qcFRUZ2Vsbmc1SHhOX0RoNmJnNmJ3anRDQ1VLU19sNWhJWlBlUXhOLTZGMzdFMFgwTkFTUDNNRjUtUExUTGVIT3lUc3JMSE96YzV5OGc?oc=5"" target=""_blank"">CloudTV appoints Harshad Wadivkar as Business Head – Monetisation</a>&nbsp;&nbsp;<font color=""#6f6f6f"">Exchange4media</font>",Business
"Pahalgam terror attack: Indian traders cut all business ties with Pakistan - The Financial Express <a href=""https://news.google.com/rss/articles/CBMixwFBVV95cUxNcnRGLThYTFhXWE1iVDZ5X0JROGJjOTY3WXBqTnM2Vzc0VllLRHlpeU1qTDVtbDVWcHRDaDJGbHZGR0FCZlZWNmxOaXJWR2xkeDBTVldBWkhEa2QzM0JTekNCMkN4WHNHenRKakJtTzlKVUJBSlhPNG9oUWp2ZVdsbnMxY25OVkZvamZlVnROdnU1SlowTGpBeFhiZHRldk9YUnR5Vi1JbWRXUUZRM1V6XzJJM1YwVnVKV3BxNXAwdlBYY2RsaU9N?oc=5"" target=""_blank"">Pahalgam terror attack: Indian traders cut all business ties with Pakistan</a>&nbsp;&nbsp;<font color=""#6f6f6f"">The Financial Express</font>",Business
"BW Businessworld's Summer Special Edition Maps How Rising Temperatures Drive Business Innovation - BW Businessworld <a href=""https://news.google.com/rss/articles/CBMi1gFBVV95cUxQMEdMVVdkdkJ0bHVOTkZPM2dEbVlHN29fWkhhRUNwMGI0YXF6VWhacFZNWk5KMkROSWdWZGxVdUtDOU1fSEczV2NSU0VxZTgyS3JtRnh4ZmhmMUxMbHk3eHJRd1pUWDQ4UnNCazVvMEEwNjB5MXFyTWM0UFdRbG9BWEFjS1hUakJTeXdzNGhPRWFVUTgyQWtNOGJzc0FseldZZE9vUUhZc0NXWi1ZN19RQ1NERlg2aE02VG9id1BCUWh3NDVLT2V6a0lHZ3FUQ0xGaU8tMkZ3?oc=5"" target=""_blank"">BW Businessworld's Summer Special Edition Maps How Rising Temperatures Drive Business Innovation</a>&nbsp;&nbsp;<font color=""#6f6f6f"">BW Businessworld</font>",Business
"AWL Agri Business Q4 results: Profit up 22% on strong edible oils demand - Business Standard <a href=""https://news.google.com/rss/articles/CBMi1gFBVV95cUxQM2lzelRUZVZuUDJLb29MV0NvWExVN3FxNXlWbUVncS0yWWtraTQ5eGR5bGR2VGRsMzBzUzNUZGV1NG1pb2ttZHhIV1hNbHBtOV9pZnhlOW8wOVlDdENVVC1aTmI5QWgyUFY0OGt6TlN6Tl9oUWw2X1dxczNVX0EydkpOQ3lGX1VQWUV4LUc5TWdRUE5vNVBmMXh2aUt4Xy1NQks3NGx0Q09DWnpOUWl1VkFWNUZ0c2xyWmR5Z0x1UnpsOTFyOGVwV0VjRHQtQzhpbmZwOEh30gHbAUFVX3lxTE52RVdQdjdCTDZnbFNpNW4yWm8wbE5yeXJuaWYwRDdBTG4wM1FrWE9icG5JNElybm1BUlRLSkxJbWpIWDVXRjFDek5hQzJLSVZfbTJ4bjBscENkclh0WjNTN21SNHduSUJTWmEtTW9hZTNJMFlhcDY3WFFGeXZlbzFHdENCbWFmMVhCdjZva0JpQWQzX3R5a1FFWElscXgyVVhVRE43a29pN29rUFZCSUQ1Z0EwVWJnRmlrWmhnSS1va2IxdnFUTW5jUXhYa1BaNXRjQy1iQ2ZZS0gzdw?oc=5"" target=""_blank"">AWL Agri Business Q4 results: Profit up 22% on strong edible oils demand</a>&nbsp;&nbsp;<font color=""#6f6f6f"">Business Standard</font>",Business
"Bill Gates Explains Why He Didn't Fund Daughter Phoebe's Business: ""I Would Have..."" - NDTV <a href=""https://news.google.com/rss/articles/CBMitwFBVV95cUxQSmxDbjVfLTlQOTFPOTA4U2FPNzVJeXAxR24zQncyTkdWYUZjSnBrdFVPQnpLRXdVQzhTSklVeFRhTGdBSHR3Wm03Y3ptcXFNLTZsWm5QaEZuckNYNV9YVC14RTlrWUs4clBHSTNnUFhNMDd5NHRuN1RGcGJkUHE4ZFJ6aFlKems5YnpYaHJiNzUxM0RDWUlhQXJLb1RqdTNSUUhNcFlqb1VjNnhsMU95VmFQa1ZHZ1XSAb8BQVVfeXFMTV9RemlWSDdkc1JaMmtscWRXUDZ5WjdwSnpCdmVweXlZTEpSdVgzNWJOSVRtdndsRlJWeS01N0djMWRqZVZBcjc0SWVESnYwUkVVY2YzSVBmN0pRY0Nib2g5QmhkbmV1ZFZrTXpWUnVGSDdQWGVkelNMNGxuaVUwaW1jYWpIbmNJbm52emd0NlJ2VXM4VDAwRmFnc2lDYkduekdhRWxyUU1CekJiOUxSNlJBNUllTlJWb2JGbHUwRnc?oc=5"" target=""_blank"">Bill Gates Explains Why He Didn't Fund Daughter Phoebe's Business: ""I Would Have...""</a>&nbsp;&nbsp;<font color=""#6f6f6f"">NDTV</font>",Business
"Piyush Goyal meets UK business minister Reynolds to discuss trade deal - Business Standard <a href=""https://news.google.com/rss/articles/CBMi0wFBVV95cUxQWlBWejRLN0NhTXhEM3FkMXBPUVN4d2lRMTJLOFJRTllUbklCTV96c2pVZ2RSdXhfbGRlOFVNeURfVHZCMnlPbXBBQWRQWGRQNTZxaDRobnpkTkRKaEtna2JFajVlOU5taFNpc3pyTThLUlBmT19hZ0ZFR1o4MTR5cHZZbXNZNUNqNVNQMU9BQ0o4S3NDeHlYd3dUYnUtQ3FqYU56Y3RQSXRYSWV4Y1Q0RWZIX3ZaWkl0QjdsVW9Yb2tvMFRmbGQ2S3NNbmgycVM1QVlN0gHYAUFVX3lxTE1fUGNjTXNoU3RXR24zM0d5SmNOOEVMam9TSnBIQ0lJdFRUS0VtY2pzSFNFUGVtSDVON0ZYaW9Gb2FvczVMMlBuQXlYUDEwdzZ1WC1sUHFIdmVRQkxyQWlwdFYxdnNVMFhHLWlkbVdKakxyU0lwdmVDaDhoNUxTeEhkZkkySkhERFJmODlXZlppeVNrR0FEc0pCbFNKVGViYmJrdGl4NFRrNC1FV3pBZUdkOE5QNDBLS3JmcHNtRlB5RUhXcFpWV0FOYlpaYjVSOE92YVVoNW5uRA?oc=5"" target=""_blank"">Piyush Goyal meets UK business minister Reynolds to discuss trade deal</a>&nbsp;&nbsp;<font color=""#6f6f6f"">Business Standard</font>",Business
"TikTok to enter online shopping business in Japan to expand outside US - Business Standard <a href=""https://news.google.com/rss/articles/CBMiuwFBVV95cUxPNmlRTTBDWUNzU0ozQWM4blhXQ3BIdnlhRHdudlVQVXJCZDhjX0JWSlZhX18ycTNLNndQRzZvMG4tbmF5ckRSVlEtT3FTOWVJU09EWmxNR19venRYSjJlYnJDdlk3Q0FoQmJ0WlJOdXZ6U2ZXcm5vS1lqTEtGaUZGRmxsNDc5bFY1dXYxU2RwX1ZhbFVhWmdkSHFadTRtdlQ1eTczRmlTSlFJdUQwTkRQWXM1ZDlvMTRUbjFN0gHAAUFVX3lxTFB4YzQzUExnU0JjbXQxbkJVaUhxaVAweGNIdUx3aFA4WkVVbnJaWlhSUVhjSFoxdXdGYjBxWWRKTmFMcVU1eWoxVF9MRjNZN0tLX0dCbUlLdDlvZ1pGNDJvQmd5aE5XUzZmUjY4cUkyVTU5NnhaOVlhaU1FS3EtQnV6ZWoxYW9CaUE4WkVXT1FucW9rQTNwUURGSGcyTkt5T2MwVVBEeUYweUZnaDl2QlVNNmdCeVNfc1ZudGdUYlpNUQ?oc=5"" target=""_blank"">TikTok to enter online shopping business in Japan to expand outside US</a>&nbsp;&nbsp;<font color=""#6f6f6f"">Business Standard</font>",Business
"Reliance bets on 5G and quick commerce push as petrochemicals business faces headwinds - Fortune India <a href=""https://news.google.com/rss/articles/CBMi0gFBVV95cUxOTTIxMnozY0pFU2xWeXg1ZE4zSlJFenkxaDREZVAyeHhDV3hGNjZ5ZWVmbHRqdkRXODFZMDJyY2ZyaVkzU1c5d1N4VkJwSVV3dXpjWG1zb1pTRVBnOWxtR0doNHlNRWlVLUM5VHByNzVpY1FzblFObXpESnBSdUhkN3Bfb3ZLLXRadHAtdTA5THpLWE4tSHN5d2Z6NjJ3R3UxZmZmOGJxR2gwcVA4OFBiaE82eks5M0Y5Y2Y0STJSUUhzaDFzSm1PWm1qOUl3dkRYamfSAfQBQVVfeXFMTnVjajNQY0R3cG4yR2trZGtrTzFhbjFRMGdIY3RzTXN2MW9tVjV4NWhNSWNScVhCVXBEXzhwSkx4bktyTnNXWmF1OWVOWlZ2UlR6R0ZIM3lnZmhPc3dURXlsQmJJYkljNDB5NEFBaEcyUVFCZ205WThGNnpXSVBia0NjWC1Hd05xYVV6WkY3cXgwMzUzcUNSWl9UYzZ6TjRXeWVZMGFwSjdfQm4zb1NoV0VPLUhuN01OU21DWDNmcHc5MEFmU200d05XNFFCNEEwdE5yZ1pPaUdleVlMV3AyRWNCNzktSmdVRGdoeUxWX053M00tbQ?oc=5"" target=""_blank"">Reliance bets on 5G and quick commerce push as petrochemicals business faces headwinds</a>&nbsp;&nbsp;<font color=""#6f6f6f"">Fortune India</font>",Business
"IAMAI Announces Formation of the Business Correspondent Forum of India - Adgully.com <a href=""https://news.google.com/rss/articles/CBMipwFBVV95cUxQemd1S3JVemRoaVRySHZXTzRRemhyZ2I2RWdjaDBtN1hlNGFhcU0yd0RGdmdZTFZiaFQ1TGJ0X0QxV3k2ZGtRY0o5aEdlcExyRl83MUp1bDdNeVJpV1BTNHVRZnVZTTgyZHZRY1MzdUg2NkN6WkNMLUJRQTJFb25fUU1obVoteEJOU0pNNGFqSEprLXpJT0dSSWp1RVlUZHF0NmVUQUdHVQ?oc=5"" target=""_blank"">IAMAI Announces Formation of the Business Correspondent Forum of India</a>&nbsp;&nbsp;<font color=""#6f6f6f"">Adgully.com</font>",Business
"Four Seasons Hotel Mumbai announces new Directors for Business Development & Catering divisions - EVENTFAQS Media <a href=""https://news.google.com/rss/articles/CBMizgFBVV95cUxQS2luX1hTMnl0eFVFRzBuaGNsSlkwek41SW5iMnBIU1FfTzdORGJBWkRNbDV1NWNIRTdXUzFGelZncllCbUpoR3ZKdGpDVklsSUpFX25yaVFNbXp3UVBLUnJUT1RGblBOekhSMHBKd0ZDN19UcjBvQ0x5Q00zV0l3RnJmUUVPNnM5T195T3hjaEVHNVktb1Bjd1VlSlJtSDNvYWphQk5peERScDRwZWk4Q29mZ2RpM3p6OWswXy1xS0lkUU1jOXpoVUZ4Z2JmZw?oc=5"" target=""_blank"">Four Seasons Hotel Mumbai announces new Directors for Business Development & Catering divisions</a>&nbsp;&nbsp;<font color=""#6f6f6f"">EVENTFAQS Media</font>",Business
"China's Ant Group enters brokerage business with $362 million Bright Smart buy - Reuters <a href=""https://news.google.com/rss/articles/CBMiugFBVV95cUxOLXRUTG5xNGZhdndWd2ZlV0VETHpCWjdwNmZhOGpXTnlON1NrRVF3Vmg1dnhDNEJmOHB6S0VMUV9kWFktajhoTXRCeFBaQnFva1pidklfb3pySUhTQ3Z1bi1FZTJnc0xSc3RKRHVqSnJQQnRJaXNHZVdiU0luUzBWVk44cXhPUGh2bUIwaTI1dUJ3X3M0d0RzN04zNG5ra2tXVDNGZ0tTNGotNDZBUVZsdXJUTk1pcU1WX1E?oc=5"" target=""_blank"">China's Ant Group enters brokerage business with $362 million Bright Smart buy</a>&nbsp;&nbsp;<font color=""#6f6f6f"">Reuters</font>",Business
"Sonata Software secures $73 million deal for AI-powered business transformation - Business Standard <a href=""https://news.google.com/rss/articles/CBMi8gFBVV95cUxQVEFGZlJ3aGlwaGx1WXA3MVhhYV8yMnY2eUFreXYxMGFvd293X0pEZi04N3dycWIzeFFXQ0pIalY2MnMyeVk3TkZmbG9lVjZMN0l4bGYzYVdGelZJNTFVSnNxbXFUTGtPMm1jQjNSZlV2NXdkNkFHSHdkVnFiOFBhbnZKazJBM2lEd2R4V0xvako2elhYUTVqUHVjTTJFVkVzMy1kRGVwa1NhU2pNeURVeFN0YUlTdEgzcDRsNGxrQjNUb2lRVlFZUkZyLWlnZlRvMzgtN0pza3pDODF6R0I3a0dxSXRrRi15ZUtweWlRMkQ5Z9IB9wFBVV95cUxPUkphUU8tY3V4S3ZtUXo0QjA3Q2RTUlFuMEkxcWNQRE0tTkJxNi1qLW1nMUxlSTE1aFFqWXI0U2RMWmNsMDRIT0RrNWUwY2pQUS1IckhjR3JQWVpDVUpIelFITVVOcVNYV0dWUkF5YlFkaHRDakVHZExmY2hvUlZTNWp1Q05QU2JFYWRXeGFVeFk3SVBmTktTYXp4U2FVZ3Q1T05wdENxc1ZRdDRXVXhvVWkwT045TWN6UVJLd0JzVkJEMVFnaGpSd2xxYWg0elFtcVBsZHZWTW5OUjJkSkRGRTVVREhzbE01bC1KSHRaVjE3RzJRd2Jj?oc=5"" target=""_blank"">Sonata Software secures $73 million deal for AI-powered business transformation</a>&nbsp;&nbsp;<font color=""#6f6f6f"">Business Standard</font>",Business
"What Real AI Business Transformation Means: Insights from Forbes Tech Council and Intetics Live Webinar - GlobeNewswire <a href=""https://news.google.com/rss/articles/CBMihAJBVV95cUxQM01Jc3ppZkdBREN2YjllWkx4Z25HRzBBdnFfTmdob3psZVhvdDQzVXk3TWtzZHc0TjQtbWVLTGV4cjd0SzNJLWxRa2FCVnJsUktpZHVGNUZjSzFjc2VkTnNGSkRWNkxqdXBWSmpXUjJHd1NtSklkWmRadUE2cHBpQ29aU3BTTUx5WTVUc1RJUGRiZGNxVmNpVlZ4LURpVS10MVBaZF9LSjUtSXZEaWQwS0xmYm5pc0ZERk51dURnQ2YtZUVseDdjaEpIOEFEZllRaXgwZVc1QjYzRWh5UUcwcTlWVjQ3bmVjVHh0amUtUHZwVUktWmVKZDdmNmF6SDdDRGp0Tw?oc=5"" target=""_blank"">What Real AI Business Transformation Means: Insights from Forbes Tech Council and Intetics Live Webinar</a>&nbsp;&nbsp;<font color=""#6f6f6f"">GlobeNewswire</font>",Business
"Air India passenger complains of broken business class seat, says 'Hope rest of plane works' - India TV News <a href=""https://news.google.com/rss/articles/CBMi4wFBVV95cUxOVzJMOG5NUUplMzdPY0NOb0dRMGtTejNYdUZDRFljRFZNNjQwdkdSYVdxaC1Tb1BNZ3Q5RkJkSWhkTTV5VVVVLUViUUtJQzNrZFNrZ19xVjhVSXFhWGZzdVFYLWNlM3Z6d3ZiLTRTeUVzNmlMY3dBQVpoT3hibUEzSm5sLW9fTkEtU1JMUGdnNjBQNWxCTFo0ZUF5Sl9FUDNXOXlfLUh6bmhzZWw5QzdMMEZlWkl5TkFvQjNlM0NwVEY0dDdJQ0lBLUdrUDNMWGR4cGUzMTRpVm0tekV1THJSbk8za9IB6AFBVV95cUxNZ2hBdGY2WkpjRWxzckJhYVJiZGtXU0pzQl9rSHZjaHlUWi1Zd19IY3I5MWRsNWlJQlVuaEd0VEl2c3lmTS0tc1NNN1IzY3Z6dUhicmJLTjM0S1pHaVdtbGRveDJ4Uk1VMmxjT3UzUDE3cWhRc3NWT08yZTJPTXBDV3NvQkZsLUhGbHdGQmhicVdPTEVUM2cwT1FOMHhiNDJLLVQzOGktQW9BQmhibkQxRlU3eUNkVnhlZUhCRnZ6SzNjRGZocXg3ZkJhR2Ewdk83dTFmZzFpVTBpRnRobWtxMGcxX2NzNG9r?oc=5"" target=""_blank"">Air India passenger complains of broken business class seat, says 'Hope rest of plane works'</a>&nbsp;&nbsp;<font color=""#6f6f6f"">India TV News</font>",Business
"Chiefs of Tomorrow: How Gen Z Is Engineering the Future of Business and Brand Strategy - CXOToday.com <a href=""https://news.google.com/rss/articles/CBMitwFBVV95cUxPNVBIRGF5SEdIdGdjYVh3eW1zUFhNWUUySGY0eksyai1nNHJ1Qng0UnhpOGg5SktrWS1FUW1tX3FadDB2ZHdqRXY2a1JpbzRKTlB6OFY4U3F1RVFJTGtEQ3EtX1hpUDYwdDh4akctY09kckdWMnFOWW43ejZSUDd1UlJOUDhXN1NlQ0M1MktDOG9FcnRXZ0pPdWJlOEl1T3JaM0F6dzBWNHdHRDdrd0ZiZmFTQnVSbjg?oc=5"" target=""_blank"">Chiefs of Tomorrow: How Gen Z Is Engineering the Future of Business and Brand Strategy</a>&nbsp;&nbsp;<font color=""#6f6f6f"">CXOToday.com</font>",Business
"Sabre to Sell Hospitality Solutions Business to TPG for $1.1 Billion - WSJ <a href=""https://news.google.com/rss/articles/CBMiqAFBVV95cUxNODc3WmtKOXlOSzlxYXJqcjl2MnZ6djBGWTlsXzc2S2tRUm5KN3BZOTc2V01xcnlGUnRnRTlzN2taVHNsY1d2TWUxVTlnQUoyMnlRc256MDV4aklaeEdUcjNQdWZtTV83U2taZHl0WktRV3pIR1NyeHRJTEtCUjJMbmhpMm9zbDBJckNFLVJ6RWdzaGFvOUxLc3diTTRZNFF2NnRMM0hDWnY?oc=5"" target=""_blank"">Sabre to Sell Hospitality Solutions Business to TPG for $1.1 Billion</a>&nbsp;&nbsp;<font color=""#6f6f6f"">WSJ</font>",Business
"Business Process Management Market Valuation Expectedto Soar to US$ 74.28 Billion by 2033 - TimesTech <a href=""https://news.google.com/rss/articles/CBMisAFBVV95cUxONFBuYmZUWFp1WkROcm4zVXpUSXJ3U3RvM0tnOTZ2U2Z6anRCU0NYZ2pCQ0U1am41ZmNvSEx0NHEyMUhXUkp1UHBmbnc0eEhVTElxV1VvTkRfRExsTVRra2pOenlaRmVzd3RZWDRaTnpuaHY0SFRSc1FubnYxMGNJelFuZUNzRENhaTh6U3NQUTVMaU5DeEtlOGJtOG9YUWF3eVJVTU5mUnJjb0tCQnJCWA?oc=5"" target=""_blank"">Business Process Management Market Valuation Expectedto Soar to US$ 74.28 Billion by 2033</a>&nbsp;&nbsp;<font color=""#6f6f6f"">TimesTech</font>",Business
"Piyush Goyal, UK's Secy of State for Business and Trade Reynolds hold talks to advance negotiations for FTA - The News Mill <a href=""https://news.google.com/rss/articles/CBMi1AFBVV95cUxPNm4yX09PNDFmV2QyS0haVjhwT1V4aTlTclVZYXNLTHYwbWZQLXp4eGhrSGxuLTNrUnRsM2ExR01kTDFnTGhhUFhZYlZKZ0dYUDl2QlVSTWI1ZGFuRmNoRnpSZ21ZQkYzcXhUblZuWm9iWXFacy1OV3BERVUzbFU0ZXZRQWk3cDltNXdab3hzdURmaEoxLXREYU1WbGRHTkk0OS16bjZqY1VQVXA3YkJydDh4cVJ6VUh1eVZVUGFxNHJsZXAybjhKT3ZCeUtOWnJ4RXhFeA?oc=5"" target=""_blank"">Piyush Goyal, UK's Secy of State for Business and Trade Reynolds hold talks to advance negotiations for FTA</a>&nbsp;&nbsp;<font color=""#6f6f6f"">The News Mill</font>",Business
"Reliance’s FMCG business crosses 1M outlet reach, reports Rs 11,450 cr revenue - The Financial Express <a href=""https://news.google.com/rss/articles/CBMi0wFBVV95cUxOLWF6T0N1QVI5Nm9EU2ZRT0FfZFFHbVMzSmxncEpsWk9reEVPZEhwNldobjE5cUplcmVKY3YwaDhlb25QUHUyS2RSYVBLNjVvSUM3OWlaX29nSTdVS2VNTnpzSExPaEZ0N3FhM2NHLUtuT2Ryc19JazR0QWVhQmh0bnRZOG9PemplTG4zY2NNSmdqc0JOQmh1QXRUQ3RZRFRjSldWcnh4cTB1X1RMZWpBeEZtQTg0MmV2S3lCdEd2SUp1WFB5UmxJeF9QT2dGSjJKTkRN?oc=5"" target=""_blank"">Reliance’s FMCG business crosses 1M outlet reach, reports Rs 11,450 cr revenue</a>&nbsp;&nbsp;<font color=""#6f6f6f"">The Financial Express</font>",Business
"Managing On PLUTO: 5 Keys For Business In A New Geopolitical Era - Forbes <a href=""https://news.google.com/rss/articles/CBMirgFBVV95cUxQdzdCSUlmLU9peFJtMTZqR01waHVWTXR3TWp2OFlMN2MxSDlmc0tqREVqLS1RM0ZER1F0ek40WWs1MWNIV0E5RkdtbndnSVJhc2lPcWtKNGpGQTl3eERTS28xT2w1Q1lhc2pJU3hZYjVTb05VaTl0YXhrUjgyZ2J3QXlkVkJ3cFFoQ192UXZmQlBRdGFPM2dpQmkxYlpFWWtINDJWYXdEMjAxaUtkX2c?oc=5"" target=""_blank"">Managing On PLUTO: 5 Keys For Business In A New Geopolitical Era</a>&nbsp;&nbsp;<font color=""#6f6f6f"">Forbes</font>",Business
"Piyush Goyal Begins 5-Day Visit To Three European Cities, Arrives In London To Boost Business Ties - News18 <a href=""https://news.google.com/rss/articles/CBMi5AFBVV95cUxPZ2t1ZmpxQTh5eVpiVHhmZzR3VC1rMGs1TEZlQXFMdXhCT1pFUzFCb0xKN0lHdzdjd0x0c0pkelBnOXZWcFVhanNvck5Cak84NXpNZzZGRWNOaUFZT1FTc2hyZ1pxd1I2bWhwU1Bvd2VDeHhEaDVteUZFeDhPZHJvblo3a2M1VWRBOGctSjRqU1Jkd2lBZlg3NUtFemlQXzd5SzdteUZwZE9LQ3lsYWc3RjRKeU5nQkk1ckNqc2RMNE9qcW15YW5kSmtzX3ViR3l2NUFGSHJaQzQ0eTdCLXFkSklteGg?oc=5"" target=""_blank"">Piyush Goyal Begins 5-Day Visit To Three European Cities, Arrives In London To Boost Business Ties</a>&nbsp;&nbsp;<font color=""#6f6f6f"">News18</font>",Business
"REE Automotive Provides 2024 Business Update; Reschedules - GlobeNewswire <a href=""https://news.google.com/rss/articles/CBMinwJBVV95cUxNRW9zbjNMQjlCVEV1OHVmZlBDaWo1eG1Yek91U0FNT0l2X0hRLWt2cjFfUFoyeHI1NG5JcnFtSi1mZUlkZmNSZ0pKbzEzWFI4NnlzMWgtU3RNenNlUFFiVmVKQ3B0eFltT2puVkEzZG1tckpuVmQzZGZ4TkRLQ21jMThDcXIwdXhuZzd3SjBYQjlsTi1kZDFkWGdFc3F3MDhWZHhWeEc1ZGo2SU1JNDA3eGNrRkl6ZU9pQzB5bWQwdEU5VVllYjhMeVJ4bEdqWUZMdHhtU1BOTlZkeHAzcWFCQTMwejZlSFhFR01SN3ZRbi1TdnZELWsxRGQ1eURYbUV1MEVQSVU1YUJNZDhmcjIzN2Vpa09MTWhXSk15Sk85RQ?oc=5"" target=""_blank"">REE Automotive Provides 2024 Business Update; Reschedules</a>&nbsp;&nbsp;<font color=""#6f6f6f"">GlobeNewswire</font>",Business
"70 pc women entrepreneurs in India eager to improve business-critical skills: Report - The Hans India <a href=""https://news.google.com/rss/articles/CBMixwFBVV95cUxNOTN1OFY4Qm94aXZORXJtVDI0amRCUnRSVWV1TFdPMC1Eb3oyWEJJVzhlUEFBcnNBekU2Z1BzS2o0NGItWGZ5Ym5MS21FWVl3WG5LMW5UZ0tpQ2ZPQTI2RDFRcGVBczdoUWNCM19tUjZHR0I5YWprZlJDTm1ESXJINEtWMGhvZ0JLYnAxNVJjYUdHOUFGeVBHYld1NEVfWUZMRWc5ZHBOd25WZ0NLQ3hfMEZSbElkZ1pMbUpLQ2s1b3h6SElyTXFj0gHMAUFVX3lxTE1JVVV4LWlMUEczTldrYWU4YWJKa2FjVWVIOFdnYk9IVVBNU0ZSZ1JtUmRnNVdleWVDVVUxTW02OVFyUy0tYXhUTG5PSXFRanZ3TzdPY1ZXWVBla2JRTmpLamhIblMtTW1HbzJNSmhOUkdnQ2FsbHVhYU0xTmtXd0JPQlFJa2VaWjh3MTJCa1g2eHZoTkN0MGsxLXAwUEFHaEFWNmNuNlM1QTBZQkNSbngzZkNXMjEtNVRnNEJJYVh3RGZOX1hkVVRRM3h3eg?oc=5"" target=""_blank"">70 pc women entrepreneurs in India eager to improve business-critical skills: Report</a>&nbsp;&nbsp;<font color=""#6f6f6f"">The Hans India</font>",Business
"Workflow Optimization: New Report From Simpro Reveals How Digital Tools Drive Growth for Trade Businesses - Business Wire <a href=""https://news.google.com/rss/articles/CBMi8wFBVV95cUxNN0phVXlzODhUdFg3TUg4YWQ4cWJRdDNBN0xKejZ3MUlLZmtkd3Mza1hEckVCa1F1bnFhNmM5dTZFSy1DOXBLMXZpbFhiNFhhTFdjNGJ6VjY0eWw4MzdlTC15T0ZsRFIxTE4wRHc1Y19UNTNFeGI1TnhIWHo5d3ZDdTctM0VLckEwUmhTaXJNQUhPaGxDbEdjbUlZcWxIejM2UUVNVzBVUEhvOEttTzluWGtmLTI0OWNsSGpwbkpJbWVOX3NwbmRxaDlFRnN6OEV6QjkwRHUyWDQtZnlpS0liby0zUW8td2tGbmlVN3dUMnBBSTA?oc=5"" target=""_blank"">Workflow Optimization: New Report From Simpro Reveals How Digital Tools Drive Growth for Trade Businesses</a>&nbsp;&nbsp;<font color=""#6f6f6f"">Business Wire</font>",Business
"Listing of consumer verticals, new energy scale-up key triggers for RIL - Business Standard <a href=""https://news.google.com/rss/articles/CBMi5wFBVV95cUxNeExxM0FEVEpZd1dndUFEVXpzbGxaTzN6WV9rMzRSU0JEbTltQ19HOWdUUHFGU01ieTZCSlhpaUNxVVp3R3BySWFELW5Vd0RPYVcxUktlSDVfSE1tcUwzMWk1bmUxLTJ3UEVYS0tfTGFMRC0ydDM4Ui1paDB1SVoyTzhfaXdhNnFjSnNtZE1pcmRiOTdpUmF1ekhxT214MVcyTW9qcnNQZmYyT2VoNjZXWC1tSUdGcTZaaUx4TmdrWnlWZmNWSVl4ckZkaERsa2JMOUZHOUpJWGhuV0x1T0EtSWhDZWVtXzTSAewBQVVfeXFMUGhkRE1GMi1PSjdEcnV3Wml1V05BRGxSMzBsTkItQk1wWjEwbHlPUVVnT1FpTjJrZ2lmamcxTnFSc2JuNDkwMGJtdUxNb1piU0N4Wmc5QkJScEQ5OXRKUFVYR1VDakJwVm54Mld6azNaYnJmWWU4ZEFJYVZlY29sV25abFFwTjdTX1hPWGdsY1I2SGRkVVdOSzd2S0JmcG5lVE9mR0VVOENnWnhOakNOdk1UVnVTaTF0Z0d2eWZMU2ViajQwVWZRbUFMQy1yR0ZZaDIyd1BCcGtLSWRNOUF6Y0xaNExfdDJYNjFCcWI?oc=5"" target=""_blank"">Listing of consumer verticals, new energy scale-up key triggers for RIL</a>&nbsp;&nbsp;<font color=""#6f6f6f"">Business Standard</font>",Business
"Applications Now Open For The 2025 Syngenta Business Institute - Krishak Jagat <a href=""https://news.google.com/rss/articles/CBMirgFBVV95cUxOQVlnM002NVM3cHBQVE15ZktpMWhQczcwNlYyMTI0aWt1WWVHZFJ3cVMtcnZ5MTZ2cEU0WjRzb0V3V1g1d3c0RW1wV1B2SnFKU3N0b1l6enFhVV9WZU5rZnVoWEZYNEswM1VCU3JOdU5ydk9JZ3M1QVZfay15bUdOMVZIUlV1UXN6akdXWWJjQlIwZjlGbW5wbkhDSHJDY08taXFsclBpektrYUpiN0E?oc=5"" target=""_blank"">Applications Now Open For The 2025 Syngenta Business Institute</a>&nbsp;&nbsp;<font color=""#6f6f6f"">Krishak Jagat</font>",Business
"Most women entrepreneurs seek tailored financial products to meet small business needs: Report - The Economic Times <a href=""https://news.google.com/rss/articles/CBMi5gJBVV95cUxQX1ZBSzJELThQQW5iNDNSaHY2a0hBNHY2YUtCVGJ1OTV4SExxUlZEbC02RUVEVXlvSXd0ZFEwYXZfUlNjNzQ0bzB1Y2RUMUJ5NFFITElHbmpxODBOVHhzOFJGdXphX09BSnFiSDVWVm9fS1haeDAyWUVYeWtISG5VVHlDVklPQkxsaXhtOGxvQjlGZnNfTTNXaUNFV1BuLVJKampWOFJTUFRkMzI0cjBzWlk2dUh3VnBtN3ZGeVlOSHlhdnFZckR6VF9MUUxRNHFVbmxOWTZvSnAycm5nNmRmZ1ZzckdtRzlfYUtRa0VXdVlobkhkNGluR1RFT0VDcDk3RHJnUHUtMlhiX3NDVmM1LUtlZEh4ZDhEQ2FOQmpzX3JNeE1wQ1NyUkV6YWphOE1GVU9BUHlwNl9LRW5ZX2dUaHpfY3VtRFh1YXBtQ2ljS0E1b25rYl9xb0cwUHZRZXZSa0t3MzJ30gGOAkFVX3lxTE5pbFllRmR3cnBHRW85Mzl6ejh0ZlhreVZlTVhYQ3IxbXczUkM2SWFkbDVzZmoyZWoxYUQwV2QzZjI2eE9ZQ1B1a0Y0dEppN01wSzNUY2VIODBaVHduMWFIajhla0kwWXdncTZucUV1VkJEOE41eXkwNFY3NDlGVGxobmFtdGNWWnkxUkc1UHZ1MUxzRm14dW1mSWxtRS1pMEpRNC1DRTloRTgzTE9qZWItX0FSY1MzelhoSXhSN2JrcGo5c29TbDNhdURNOFp1MzN6S3N2UzNjRjBOaW42ZHdIMU8tTk9YUld0V3Y0VkZldnlPT0xnbTJtM2FoWjJpMlpCYnVGa1pUSjMxSVJDUQ?oc=5"" target=""_blank"">Most women entrepreneurs seek tailored financial products to meet small business needs: Report</a>&nbsp;&nbsp;<font color=""#6f6f6f"">The Economic Times</font>",Business
"Lufthansa Flight Diverts After Passenger’s Tablet Gets Stuck In Business-Class Seat- News18 - News18 <a href=""https://news.google.com/rss/articles/CBMixgFBVV95cUxQcnowMFh2WXRQLVp3ZHF6RGRsZFhVVlo1YUNHVUdfejh0VlQ2RDkyYXNGampfZ0lNU0ZFUlVNRTNyLXNKU0ZQTEJvWjdELXlpZGd4bmE4bVNRMm9XMHpFZVBPWGRMZG1ZWktSb09XMG5Pc09rYmZSMWx0V2J1Z3FPZzQ1UHdVS1RvY2hRR0d0S240S1ZyWU5VVndYTlJzUVo3ZGJKOEN5NGxZV29FeHoxeFAtMEE1bDBxNmVDUmlSQXJRZ250WlHSAcsBQVVfeXFMTlJmaHhheW5yYS1OOTNxRWhMYVBiY2VHWkVVeWR0eFpHUmhLRkdLTGRfV09UQTlPQ1hDNVRVOXdsTGE1S1dJTHFXWTczSHc3UU8wYzdQR09KN0diNmZTa0FRR3Z0RnpXRXc1Q3NSaUtPUWlpWjJuZGRkNDdGN094enIwUFdIMEl4dWFYRGpXM0lSZUp1NkRrdkFMbjJyNndkSUtIM1FwM0ZVNGh6bkpZakUyU2FyUTF6TVQ5a3FZN2ZjVE9ocDhhUWYyaVE?oc=5"" target=""_blank"">Lufthansa Flight Diverts After Passenger’s Tablet Gets Stuck In Business-Class Seat- News18</a>&nbsp;&nbsp;<font color=""#6f6f6f"">News18</font>",Business
"Italian-Saudi Business Council cements strategic ties - Decode39 <a href=""https://news.google.com/rss/articles/CBMiiAFBVV95cUxPdWpHUWZkdG1JNEVUeUFYRlRQekcxVEdHZFNxTnJMeWhQREVpU1dFaG5hVkppX1ZlVGhnRDVkNllRWUY3VTFaQTh0bEdiZlhWa3ZBdk1zbjkwMEZkZXo0ZFk4NF9sQkZZODV2eV9IQ3hvcGJxeXVRY29TUEp4YjI0OHFLZElwR0Nt?oc=5"" target=""_blank"">Italian-Saudi Business Council cements strategic ties</a>&nbsp;&nbsp;<font color=""#6f6f6f"">Decode39</font>",Business
"Tech's Big Five cautious on salary hikes, hiring | Company Business News - Mint <a href=""https://news.google.com/rss/articles/CBMihAJBVV95cUxPQlI4NkpqaTc3ZW5YSi02T1IxR2tQdTY1emlpTUN4SkZhYW9VcXBKaWxsMjFtT0dNTmMyZy1vb202VWNqNTdTMTRFc1F3QWRaa1prSnhCZXVSbURqY0p6QmowMkdvRkIyRU5ra2dSek1XZlJ3WXhrSTl0dTRfMHJQM284TnlNSUgwNmZjLThQTTZJN3phaUlLWXN5bXpMYWptNmtSSlZHMEdzeFdHTmR3bUp4ZkZhVUpNZ0RXZnRYeW1Lblc5NEdSZnFVa0dTSTAyZUNhVFp5cFJnd19LeGZheDJSWEEtU0ZXTDZxOTAybzFJejNodzd4ZndPcWdsOTBrRlJqcNIBigJBVV95cUxQRlBXMm54UVRGb3lnbldMcDh0MVFGcWhCUUFNT205T0R6SUpfQm56OUYwTFk2c3lIaUdabTg0V1Vrb0JGR2J0a1F0ZVRfcU5LUnlaWjdOM1hqV1dwblczRkNndFF2ZjZIM3EyMU1JSUZvYkhYRXRaU0VXakJFRmFqcEI1dlE2eGd0bFVLVVB5TWFLeVZxN285bFdoLUFpbmZOZHc5UXRtTlU3a21yaFFLUWQ5dmhLNXZfTUNNTF9ncUplMF9KNjF3Tm8xNTFvQ2ItM1ZvUGEwTXZVRFhUSE5FNEd0dE1CNG04QTBYeVJDNU0zN0RzQ3NONVI0YmFUTGJ4ZnhMajFBcU5mZw?oc=5"" target=""_blank"">Tech's Big Five cautious on salary hikes, hiring | Company Business News</a>&nbsp;&nbsp;<font color=""#6f6f6f"">Mint</font>",Business
"iPad stuck in business class seat forces Lufthansa flight to make emergency landing - Moneycontrol <a href=""https://news.google.com/rss/articles/CBMi3gFBVV95cUxPa3JWUHh3UFpwcFo2YjQzWmRvSTBDanBlUTNvbTEzZTlMNDJfNEtsNGYxemhWWC1yZFA3Q25NOEtxTWcyTkNSOUtkTzVmS2xDMUwxZWtqYjNHUFJTOElsWjl1YUpFd3VWbnlGRHJ6SGg0V2pEQjJ3MHF4UUJDQmNkX0pRTVFPOFIzU1J4TEJmeVpQcFpLNnBVVC1BNFh2dWQ1TE42UEgyS2J5bXlfY3N2MjhSTDhWTU1zcHBJSVlucHJ1VV9kOWJmQjRGdlpGeUFzTGpjOWVzUW9uMmJmUkHSAeMBQVVfeXFMT3R1NTFpbDdzRkJDem9lb1BzRTBPaG5yZVpCV2l2WDFNWmUyelliSDJjcDhNNmFfOUFhNjZDdHF2a1VKcU1tT19pbUhpQldTVEJ0LW1pWlhRdFFud0xtelF1STk1VWlabmVHQTY2M21XRlI2RFNMdmtwLW5Ia3QzYjNCQkM2S2g2Ti01RXczdWRTc3MtMXdhWmNHQm81d0JEQXBwQnFNUk9ZejltRDZIdmF2UWZuUmZhTll2M1A1YVNxd1Y3LXRyVVNHbmNZVjNsS19oYjNqeUh1Rnk3b3hNQldpa28?oc=5"" target=""_blank"">iPad stuck in business class seat forces Lufthansa flight to make emergency landing</a>&nbsp;&nbsp;<font color=""#6f6f6f"">Moneycontrol</font>",Business
"Domino's Pizza US sales dip as inflation, economic uncertainty hurt demand - Reuters <a href=""https://news.google.com/rss/articles/CBMitAFBVV95cUxPX3NXVnc5SWYyVmp1N2JKRjhWQWZfOGNuQkxCUkt0V1BjRW5wczlVXzBRVFU4enVsZ3hzOU0zSGp6M3ZfYTdROHlnQ1FwTVFYb1pjYktRRUhMV3duMzlqS25OMXIwLUx3eDltTmVUZVZVQlhWTzAyd2t6ZEx4Wk9Nb0tGWk16Slg5RDJUbVltMkU3UEpDb2NWX1UwYmJFV3pmUUFnM1ZGajV5b3l6d1ZwRExmZ3I?oc=5"" target=""_blank"">Domino's Pizza US sales dip as inflation, economic uncertainty hurt demand</a>&nbsp;&nbsp;<font color=""#6f6f6f"">Reuters</font>",Business
"Sabre enters into definitive agreement to sell its Hospitality Solutions business unit to TPG for $1.1 billion - PR Newswire <a href=""https://news.google.com/rss/articles/CBMi-AFBVV95cUxNdlBpM0p1WFc5RS1PMkJfVFRBR01TZW90RVVwc2lXYTlzODVHbnQ3d2Rjem52MVdjS3VFRVRMQnVwNXBmN190Wk4wam9OaGZoMzU1SnVmTkhxUy1UaUNjaTFBNDlXYW5FZ2tlMktYX2pRUTFUY2R0cFRwcFVfd29TOGJiMmR3QVY1VWtQVkhrb1M3VjFBSHFoX0pmN2JSNnBHSTlnUUE0by11TmRPWE55LXRveXozbG55dHluNWhpVWZhQnF3QU9BamI3aXBiSEg3RFBvM2dLSU1IQ2pFR1RBOG8tcUdBV0pkbDVtd2YxSGltbE1KXy1UMA?oc=5"" target=""_blank"">Sabre enters into definitive agreement to sell its Hospitality Solutions business unit to TPG for $1.1 billion</a>&nbsp;&nbsp;<font color=""#6f6f6f"">PR Newswire</font>",Business
"The Formal Policies That Protect Family Businesses from Interpersonal Chaos - Harvard Business Review <a href=""https://news.google.com/rss/articles/CBMioAFBVV95cUxNdGUzU1RGaWFtbnhCOVNrMzV2MzNpa05RY0RPYzBwVEhzbTVlbzlydWN2bFJiQjhyRExRY3lDQVhxUjdRVlVpdWIwZ2xiSGhTMU91YUtUOV9neWFmNXVvMEFsSURGTWpiak9ORVZ4MGlsSENMWktfbGhDcTVaRkhSWEJ3djFwYkFTbHc1VEI3Y05XYjVWUGhkOXNmeDdNWlNC?oc=5"" target=""_blank"">The Formal Policies That Protect Family Businesses from Interpersonal Chaos</a>&nbsp;&nbsp;<font color=""#6f6f6f"">Harvard Business Review</font>",Business
"Nike faces five million dollar lawsuit over closure of crypto business - FashionUnited <a href=""https://news.google.com/rss/articles/CBMiwAFBVV95cUxOSVlGNnhyY1Q5OGw4ZHhoalF6b094a2paVmtlOHhia2RoVWRqWXZraVF5dnpLRlo4UGpWR2VmeWpIbnc4WmRSVnY3YUdvakF6SEdSOVQ5MEczSHpyOFBwbWxDa1JvNXFuQl8ySEktQUdROUNGMXRsOUFlSFd1SFF4cVBZR2hCX2VXcGRlTFFFazloX3NpdUMydUljX2NSS2hvUVI4ODdodVdKS0V6Q3JaM2JZX0EyZTNmRG83S3g2OTk?oc=5"" target=""_blank"">Nike faces five million dollar lawsuit over closure of crypto business</a>&nbsp;&nbsp;<font color=""#6f6f6f"">FashionUnited</font>",Business
"'Broken Seats In Business Class': Passenger’s Viral Post Puts Air India’s Service Standards In Spotlight - Newsx <a href=""https://news.google.com/rss/articles/CBMixwFBVV95cUxQcWRGcU5zSDhUZF9ubmNCUnczSVMyT19aSWM0WEdVZ1pSczN1UDJVZk5vUU81N2NwQlN0UDhxeHJTOEFyWWU4TVdSeDRkcFBBdmh4bk5yQkFJRy0yelFrd25KMlhLWUtlTmx4UDNpNkRhN21wVkI3d0FfXzU1TEZ1aXhhV091TjFlZ29KX2thalYxYzVxcWVQdkhtYjRONGx5Tkc1QVEtWjltM1l4UnR1cmUxbnJkMjJ0T0ZyNHZyRnQ2VVJjeG9B?oc=5"" target=""_blank"">'Broken Seats In Business Class': Passenger’s Viral Post Puts Air India’s Service Standards In Spotlight</a>&nbsp;&nbsp;<font color=""#6f6f6f"">Newsx</font>",Business
"Vodafone Business and ServiceNow collaborate to enhance the customer experience with AI-powered service automation - Vodafone.com <a href=""https://news.google.com/rss/articles/CBMi7AFBVV95cUxNZ2ctb0RFd1J5YlpiWlR6MVZtY0d5RVJOckdGMU5iM0FmWUg5Y0lsdGFQX1RKMGdnUXU3M3JiRUdZWDlHU25zbGJuWlFLZ1VRRHN0ejhMQ01SMk5DaC1ob0tNU2preXJfdUhGODFXZnBGWHJZNjB0SkZUVEd4Z1UyYlBTbmJBbmw5TkRiQXZiWERYejF5N252SVFTX28wMnV0SGZ6c2lCREhOQVNoQTgzYmdVTGRad3hPYWdjdVNLX3hpdXhyRi00d3JqUThNdUs2UmtONTZsZUJnZkhXc0ZTYVlBYURiVmZYWXhzNw?oc=5"" target=""_blank"">Vodafone Business and ServiceNow collaborate to enhance the customer experience with AI-powered service automation</a>&nbsp;&nbsp;<font color=""#6f6f6f"">Vodafone.com</font>",Business
"Tales of influence, ambition: 3 books about tech, politics and big business - Business Standard <a href=""https://news.google.com/rss/articles/CBMiywFBVV95cUxNLTZLOHVZWjh5MDl3UmNVT0kwTVBVNWdpdVJucnBNZzI1blNfemxuQ1FfYWxTYzFFM3g0U0VtYTU3aGdyVlFxQ05lUkFwTDBjaHVFN2JPaFRoMTBEZkU0bXZ6aEZjeWpjY3ZZaGM0cUFGMlBMMkp2aDNKNjhNQWJDbEVBcXd0SXBHX0ZXMXhseHVWSmQ3WW5URkE4eVp6UkxtcjAzNmR6Yzgza2o0NExIZExWZGdJelh1VFE5MTYyd1dTTnlZSXZvUEZuZ9IB0AFBVV95cUxNdWY4YVpYc0poQ2NlaWJ0RDAzbWt3TkJLd01LV2NpdDNwTlBxU0t4bmhBUG8zdzE4WVBucHRCMkhEb1NNY3gxVTNFei1PaV9fMmxMUVY4Njgtbms3SG0yZEtsOHJyMlN3eWxNVmIydmtxeElEclNOU0RFNHpMSndkQVptUnhVWGNsekZVVUFRZEllbTBucVZLdnJxa20zWEtldUg1TUhyNW5BOGhmdS1VSEd3Smc5RVR3T2ZFVUVySDJBUEdpaURyNHpSd2VQSXBy?oc=5"" target=""_blank"">Tales of influence, ambition: 3 books about tech, politics and big business</a>&nbsp;&nbsp;<font color=""#6f6f6f"">Business Standard</font>",Business
"Business Roundtable calls for ban on environmental, social and ‘political’ proposals - Responsible Investor <a href=""https://news.google.com/rss/articles/CBMiuwFBVV95cUxOdEhWNU9iOHdfaUtxTnp2TDM2eU9nUkNqQlhtREo0SUhQY25sUWVpMVlGMFQ5UVNZTEpadVJjLTMzTDJlbWplZWcxbjc0S3JXSjJmd0pOTC1EZzlPSHhVWmdkZkppOWt2UmwyZ21MblBiUkd0RWRxWm04Snl3b01HZEplMGhVb0tHZ0d6MGhwZEdkYW1zRTJhR29Mck1nVUJKeWc4Qm1TS24wa2JIZzU5Q29EZjI1bnoxRVJJ?oc=5"" target=""_blank"">Business Roundtable calls for ban on environmental, social and ‘political’ proposals</a>&nbsp;&nbsp;<font color=""#6f6f6f"">Responsible Investor</font>",Business
"Rapido is entering food delivery business to rival Zomato, Swiggy - NewsBytes <a href=""https://news.google.com/rss/articles/CBMinwFBVV95cUxPQnhMYzlxeVVUeEM0eHNmcXdlMl9UQ25sTXNaLXBvRzFnSGplNmFvMTU5bjYxOHVJdWdZVmZ5Mlpkc284WmY0X3dTbWpqY094UTVIWVFKMVlieDItUUtoMldqV2tUbTFDX1lBNGF1NlJQRnhYZXAwR2RkU3J1cTg4OUI1Uy1FQlhCd0FmX0xTVWQ5OXd6WnpCc09La2NXNmM?oc=5"" target=""_blank"">Rapido is entering food delivery business to rival Zomato, Swiggy</a>&nbsp;&nbsp;<font color=""#6f6f6f"">NewsBytes</font>",Business
"McKinsey, BCG, and Deloitte's new competition is small, fast, and driven by AI - Business Insider <a href=""https://news.google.com/rss/articles/CBMiqgFBVV95cUxOdWFKZU1kcGJJdFBjcEJ6dkhVQVNIV0FQYmcwZUNCX29UWmR6cE11M19xYXlEbVUxenplTGd3NHg4cFJzU1lnSEhsMTB4N1A1SVNNdUxHTWJjVXFTXzdCMmFtZzV2V2JhUG9VbjVkWHpEOUFHNXZSS2Yxeks5R0huWXpBSlZ2UkViUkJUWmhFMEd5NE0tbkF3RFg2Y2d0NGFKdW4xUUdvTnZMQQ?oc=5"" target=""_blank"">McKinsey, BCG, and Deloitte's new competition is small, fast, and driven by AI</a>&nbsp;&nbsp;<font color=""#6f6f6f"">Business Insider</font>",Business
"How real-world businesses are transforming with AI — with 261 new stories - The Official Microsoft Blog <a href=""https://news.google.com/rss/articles/CBMi0wFBVV95cUxPUUtCNHRMSmVJcFhSYkpsOXpJS0VjWHFDVGJYbmVER2g4N3hVanZKaFNPd3U5RHg5dmhGcGRqUmE4S25vUDgwdUw1RUxWM1R5aWs3S19KMzRUcWdGbV9hVFZMVlJaVG5ONkF2ZEltcXhNb1VjLXdaekM0X3EtYkZmWWs3TUJkOHNNS0F3MFBiZFU5d0RyTDNjNmdaWUNSdWFiZ1RkVEVURE9DR1ZMaXYwSFA0QXFkaFB2MzZRZXBVX1B4NjEwcVFkVURNQ1FRQnVPYlE0?oc=5"" target=""_blank"">How real-world businesses are transforming with AI — with 261 new stories</a>&nbsp;&nbsp;<font color=""#6f6f6f"">The Official Microsoft Blog</font>",Business
"‘Hope Rest Of Plane Works’: Air India Passenger Complains Of Broken Business Class Seat- News18 - News18 <a href=""https://news.google.com/rss/articles/CBMizAFBVV95cUxOSklrMjNFaUhmUUpJYnJIaHEtRngxb19yZ2FBMnE0UDg2cC1sZ1RCektKMzgwVzFPbWk4d3pqSzhabkRvR096ekdwbVNJd0hUd3ZCOW5aMnllRTBCVWx0bGk3M05kU3YxTkZGTk54UWczSUVpamJQaVBzQXdXRG13RDg1Zi05emFrUXBsQUpSY213dWpPVWkzT1ZyVWdDa1RfdWxtRHZYVWlkU0lHbFZObGdZLXE0V3FjajNSeEt3Y3lCSHJJd3VkMU1hcHXSAdIBQVVfeXFMTklkb3RpMTl0UWJ3d090QTNVcWE0VzJleHVzTnBwZzNzNFlZRzdaS0R4UmVGdXljeDEzX0J1WW9wSzJBcV9SUGx3eGlxbVVJdUFaaElFWDg3RXlQM29rOERsSkZoT0Y2ZEpZcEY5d2xOQ1l5b0Q3cVBJT2wzTC00c211Y1l0UUVESm1QTXBlbGRIM2NLb1QyQ3ViTlBpNmtfa1ZDV3hJNXF4aUpmSEpVa2RmbTFkcXprby1MbXNqV0RJbHlBY1p6SmNZLU9KYk5mZklR?oc=5"" target=""_blank"">‘Hope Rest Of Plane Works’: Air India Passenger Complains Of Broken Business Class Seat- News18</a>&nbsp;&nbsp;<font color=""#6f6f6f"">News18</font>",Business
"Agentic AI May Find the Best Business Partner in Itself - InformationWeek <a href=""https://news.google.com/rss/articles/CBMiqwFBVV95cUxNdi1DWks2M2JkZkFoSlI2TlFydk9oMGk2R2hYa2t1VUxXaUZ6cXU2MFl4QS1Eem5YVDFFVzF0UDQ4Mkl2WlFEUHQ0MTQ4UVJFZ21RWmNfdE1fQUxDQlpSY1pTVnVhazBCUlBpeml4Z0s0VkVuTlNBYmx6RmxjYWM4bU5oWjVjNHpDVXFZdE1POEIyTXluY3BqMEJFMjJNOExUdDhkWkhaTTRMNjA?oc=5"" target=""_blank"">Agentic AI May Find the Best Business Partner in Itself</a>&nbsp;&nbsp;<font color=""#6f6f6f"">InformationWeek</font>",Business
"Mukesh Ambani, Sunil Mittal in race to acquire stake in THIS Chinese firm, its business is... - DNA India <a href=""https://news.google.com/rss/articles/CBMi1AFBVV95cUxPbV9JWXRaZHotT0NlYmgwNHE0MmY2WEZXNXZKSHpBaDVqSi1pSENVd2txbklSTy1qSWhQY2hEVnhqdU5xeVZ6Uk42eW5CU3NfTzVJTkg3eGNXell6akdvOGVHSmtabEg2YXpWWUp3VVBCbDBxNkdSUWZiUmNtdGhnVE1EQnZnSm9pQ1JQa2lubng3b2NacFhTczl2UkdEMVVJR0NtcmROSDJSTTE0Y0cybXA2NmUxT0lzVXctNzBXQjZpSGZyX01JT3Z6a0pvRVp4OWRHWdIB2gFBVV95cUxQSmQyM1Zwd2tYbzgzenZLM1ZKWkU4Nzh0MWs5RTA1eXJabG5kUHF3enNzUkItVmtfOEFjUGw3N0wtRGloeEVhV1hfbi1McDE5V29sNFZMMzRkNWczZ0RwS1Ytc0g2M09IakJfc2h0MVdudlBQY2sydkNaVlQxb2dGanFGc3l0MG11Y0MyZ0lVZ1V6SlJuT1V3cURseXBFeTRtMXlYTFJRRFVnd1BFYTBLdnVXWUdmUmpVMDRDa0RXTUh5YjB6b21pNFFWU2hta01INXA2Y1FFYUpFdw?oc=5"" target=""_blank"">Mukesh Ambani, Sunil Mittal in race to acquire stake in THIS Chinese firm, its business is...</a>&nbsp;&nbsp;<font color=""#6f6f6f"">DNA India</font>",Business
"Axis Bank, Tech Mahindra & more: Top stocks on brokers' radar for April 28 - Times of India <a href=""https://news.google.com/rss/articles/CBMi3gJBVV95cUxNZDhsQXZYR0hWbzdLQkZnb2lkcV9UTE5xRDhZUzdaWWxKcWtvV0lDVlRtbDJtZUdUajgta3RwUEpPSVdzc1hoOTJjRFRUWHBKQUlpQ1ctelp4RXdkNXJHajUzWDBxU3puZW56NTBTUE1OMm5NZ2hzZWpsdXptd21lb0tFd2NqSThaVzNxbkZ0UGh1d1pOeERibkpSd2J1RFJXcFZjb29jY0ttZ242aDNnUmg0NmRiVjhIbGlTSTV6RHo3cmdZUzQzbFBMTnhDLUEzUVlMVmZvdWp3LVBaenYzUTFORmNEQjFrbThZQmIxdFR2N3J0VW5CTmlxLWg3SE9RbmYtTjF1OTBHQmNyWUZkTzJtdDhNRWpkUUxsVlVkOHpISy10S1daQ0dtVWFSeU9mYUowX1JpZWtUMmw4TndXYzRmSTVTT3BoRUpxeVNhOVNDcmNYUEJEVi02Rl9Qd9IB4wJBVV95cUxNY3RBeV9Ba2xoODRmcnhid256UUNmWTlvT2VmRkt3SEEyNW1QTEFPYVZPckJvT1hrLXVEamtaMVpTazc2cC1IbUZDY1dRT1dlYU1IQmZidXhiVk42RVRBWEhockY5YmNSNnR3YUhndTlzLUdGUGZLY0FlRS1EcFMydHVSMjRiV2FtSnhsYVJjSE1QemtlWW1IdzJKRlRZTElsUGlnR1lrMXVnZ3BTelVsRlo4bU1tcW4zWEJIMUp4UUk5Q0F1aUtodW9pRzJyUUlZTmRETWlPZGgtYVdwdkdSTW12czNWTUthR0x3RDduWmp0YUVLb2xYMmVfTFRZcFJrTV9pdE1YSURaemlvdTR1ZDNGRldfaUFmdWF4ak1BcXhxM0hWV041QXVTY1FHcnNXRWk0d0hOemRHYmp1N2k5d1FfYlB1M0cxYlFVLU5Dd2F5VWJJYXdBeWxBU2V2alJvV1ZN?oc=5"" target=""_blank"">Axis Bank, Tech Mahindra & more: Top stocks on brokers' radar for April 28</a>&nbsp;&nbsp;<font color=""#6f6f6f"">Times of India</font>",Business
"Indian commerce minister, UK business minister meet to discuss trade deal - Yahoo <a href=""https://news.google.com/rss/articles/CBMijgFBVV95cUxQZXdlcVBfX3kxR2VJMmFBRURlTmNjcVhjNFZOZ2w1OUpZMnFnTkVqVVRCb2JnVHRCUkZBVmEzRFY4azI0elBTbkMyOXFOdHJuNmFRT0JxeXYyZ1JRZUxzLVNrN2JDQTluZEt0TGktQVgydWJXazh5RURWOG41R1VDWGNXR21RMVpBbUxIZmJR?oc=5"" target=""_blank"">Indian commerce minister, UK business minister meet to discuss trade deal</a>&nbsp;&nbsp;<font color=""#6f6f6f"">Yahoo</font>",Business
"Airtel Business Transforms Network Management for Leading Coffee Chain with SD-WAN Lite Solution - TelecomTalk <a href=""https://news.google.com/rss/articles/CBMigwFBVV95cUxPS3JvWjhtQ1BlSDVnX1RwTWU0NFEteHhEMXVIMDBfUURFVldLQlRNVG95LXJJUU1wRU9La05EaS1laWFzeF9mdVpYa01SRkxVd01BQi1ma2ltSFFuSkZtRTFoRmpnRk11TnpGZEVFZDdxWWxMZVIyRWc3X2hoM0N5Z1pUZw?oc=5"" target=""_blank"">Airtel Business Transforms Network Management for Leading Coffee Chain with SD-WAN Lite Solution</a>&nbsp;&nbsp;<font color=""#6f6f6f"">TelecomTalk</font>",Business
"Rheinmetall first quarter sales jump boosted by defence business - Reuters <a href=""https://news.google.com/rss/articles/CBMixgFBVV95cUxPaG9sRkFRclh5MW85OGNOWXJldHB1S0NtaVVHNnJYbVFoR2xNUHN1S0hpZ0IyYkdRNm9ERWtYbHZodE51Um1zSm9OX2dfazlHRm9SUUFIZGRIeEZTTjlUWVdqRi1uY05RVUQtaEFDLVdnSnFnWmQ4cU13TDF2dF9TcHJtNG1LZTJlRkV5TUx1NVdkWmZycUNvOE9yUzBkM0J4bWRjMkxhTi1iMER4cEo3NGJmN0t2REVDMFN3QWpTLXAxaThzMVE?oc=5"" target=""_blank"">Rheinmetall first quarter sales jump boosted by defence business</a>&nbsp;&nbsp;<font color=""#6f6f6f"">Reuters</font>",Business
"Best AI Laptops for Business in 2025 - Analytics Insight <a href=""https://news.google.com/rss/articles/CBMigwFBVV95cUxOLURDTVBLVU1NdVA2NVlPUXhZcG1kS0RxdXd2M3ozdV9zN1dLX21TdnU5TGp4RWMweG1Qa2pWUkhWTURFQmNZVGphM19lcDEtbzdZeFBsMk05LWpaTWczbFljRGFpMjNVNzhMSDZmeVlpNGRfLXB3bE1IaUk2bEtKQzViZ9IBkAFBVV95cUxQa0FYakp2MmNhM1VNb3ptSzJIMWtuTVZQU1A1ZENCWmt3eE1HWlo5NGhORjFrTTlyeHFWYnAyVUtDbE9OWUxLWFhCSkNVcEY0OWdldHVCVTF1TDR2MVpfYUk5SncxSUl0bU1VV2kyV29IVnppdF9WREo0am1mVmVNZll0NloxY2ZEclE0dExjZFc?oc=5"" target=""_blank"">Best AI Laptops for Business in 2025</a>&nbsp;&nbsp;<font color=""#6f6f6f"">Analytics Insight</font>",Business
"Beyond the bill: how food business is dealing with price rise - The Hindu <a href=""https://news.google.com/rss/articles/CBMiuwFBVV95cUxOZzRWUEtScE1UeW1HZmw0REZVNEcyM01kVGhXTDV1aHRJZ21mVmNoOXpTXzUtb192MHc5YzNlME56X0NaOXBCUEVTempVdUd5OVR2dUQ2T2prS0dvYlM1ZGdsRUtFWXprSGltSmUxXzFuN09UX2hDa3k0SUJ3ampYajBYUHlza3VNbWdtN1hTVXdLNmt4c0JSNGVRWGZtOEhrWlpVRHp6alRFUFNBTkRiUTB4M2tnQmU4V1E40gHCAUFVX3lxTE5vdDlHdmtXaGlFR0RraFF1bTAwS1l3dzBGVDUxUkcyajFDOGJ1cWtkOG42OWh0cFdSWHhWUEZoTnFXV2g5cUNoNFUxZTNfR0Zpel9YR1p2cVUwT3BXRzl0WW1qcnRGWExVZlBWZzVJX3VDQ2RXLWUydGxSSE94cVFGcXNiRWdBbFVJT204dW9NcGNBS2tzUmdxbVpEV2EtTEpST2pFaVVYeHBqUGp0b1AxWjBlYTVJRjVwQVYzR0x1N0NB?oc=5"" target=""_blank"">Beyond the bill: how food business is dealing with price rise</a>&nbsp;&nbsp;<font color=""#6f6f6f"">The Hindu</font>",Business
"8 Ways to Identify Market Opportunities for Business Growth - Euromonitor <a href=""https://news.google.com/rss/articles/CBMikgFBVV95cUxON08yaENvU0prSWY0aUZwcmcteUFiMHVkZVItMUt1TXpnNlAyamctVENlcXIzUnlHNFpZajNYbUdwLTZPY1RyWk1NQ1R6alRYVXpfa1Q0X2ZMWnEwelJiTUZfdmdOcWpYbHk5WkVsaHZ2UGpHX1hsSlY3MFRKdU5EcEpuR3UtV05kMWNxR0d2SURRdw?oc=5"" target=""_blank"">8 Ways to Identify Market Opportunities for Business Growth</a>&nbsp;&nbsp;<font color=""#6f6f6f"">Euromonitor</font>",Business
"Love School of Business celebrates student, faculty and staff achievements - Elon University <a href=""https://news.google.com/rss/articles/CBMitgFBVV95cUxQTmhWZWNOOElwSkU5U3NXQVJFYlBadGhHMHZXZE92bUtqQlBaTmRmc1hWakRWaDN6c2lOdnBkdzJTQjRLRGJZbmlWWTl3b1VaaER2TE1xbHpOSUhpQ3hPTXc3UlA0NTlzVzdCb1dFVnhDQVZReVlMV2J0aTRRWVBVSkk4eHE2TzdsYThLc2xtMEIyV1R2NGV0U05LalM5dmdGR2dKbG5BNTRmMDJ2VGV5YzJHX0ZWQQ?oc=5"" target=""_blank"">Love School of Business celebrates student, faculty and staff achievements</a>&nbsp;&nbsp;<font color=""#6f6f6f"">Elon University</font>",Business
"Pahalgam attack: HDFC Life simplifies death claim settlements process - Business Standard <a href=""https://news.google.com/rss/articles/CBMi0wFBVV95cUxPSjJndmw0amNTZUNvMFBwcGtza1g1UHVVYzZrdkFJd0diZGtSeThkZUxyWkhlcVdabkVJczN2ZEJ3dF9KRm9qZEFiNE1IVURuQTlMYlhHdU1ScXR3M0lKMXFUNjAtdGhVY3Rpc1A5Tk9YZS1Ubm5WYVV2czF3QWpQenpTaEFtOGZuTVBqYjBDOTlJWjljMjVIQjdHQXc5T0VCOVNYc2ZYeEMtYmVLNHZGT3N5dDIzQ051bW1fQ0Z0NGNiRUY0blhaZE13QnlXYm1fWWxZ0gHYAUFVX3lxTE9BTW4yN1FFQkdWMFlldU56Nzhqamd5dUE3SEFqRGpfbTJuei01MVo2UnhheEQ2NDByckI0MElvNVdZRGl6Z2NsbjlzSXR3VjdzTVl6R254QndncGE4dzB2b3NKN1oxVURtci03Sk43NW9wbXlRWWlCVVdxNU1PdGdTT0hhU3RRenVXbklSc0x5cGlpMnc4Y0xBVGowLVZvWHdqNmJKdWRZRnJlWXpHbHNrRTFZOWZQYkdKaFdWc3pnNW5GeGtKTnIwZGoxWG5salRjekJCVGlnXw?oc=5"" target=""_blank"">Pahalgam attack: HDFC Life simplifies death claim settlements process</a>&nbsp;&nbsp;<font color=""#6f6f6f"">Business Standard</font>",Business
"Working Knowledge - Harvard Business School <a href=""https://news.google.com/rss/articles/CBMiWEFVX3lxTE4wNlBtWGZBblY5LU0wM21TT0dzazRYV1ZYbFA2aVZRZFY5ZWp1OVZBRDFjZEJYMzBhSkw0b2pBTEd0MGZoSlIxc2txYUkwcFcwVzNUUDhicEU?oc=5"" target=""_blank"">Working Knowledge</a>&nbsp;&nbsp;<font color=""#6f6f6f"">Harvard Business School</font>",Business
"Merck KGaA, Darmstadt, Germany, to Acquire US Biopharma Company SpringWorks Therapeutics to Accelerate Sustainable Growth of Healthcare Business - Business Wire <a href=""https://news.google.com/rss/articles/CBMipAJBVV95cUxOazc1em1WSlJTY1hZcVp6Y2gyWVhNTC05blRybGU3dEdYWnRMSVFpRXd1UlZHcHplOTA3NFBUWF8xVHZJTkJVM25ueG41bXhpVU9ZNnVpeHVXckJZeDdPSFFRSERCSjJwejQ3UnBtWlY1aVRWV0VNZkk1UkpmM0FWVnVYR0x2UEpQOGdVQjQ5a0FJRU5TMnNiUGhpUWFIWGJocElWVVlqdFlSSU1qSGxHZ1JDeERocllhQUZ2VXlVa2dWVHF0eG9ScEh2M2kxcnRfX1NYVFVnQjR6cENaX0ZmWlFIcG14QU5mclFsblctT3ZJdkFCU2J0SUMxWmtxbFZWelBXTFV2R1NsT0RzQWxhQVNBZG82NnZSRzF5SF9Oci1ZNTJp?oc=5"" target=""_blank"">Merck KGaA, Darmstadt, Germany, to Acquire US Biopharma Company SpringWorks Therapeutics to Accelerate Sustainable Growth of Healthcare Business</a>&nbsp;&nbsp;<font color=""#6f6f6f"">Business Wire</font>",Business
"I worked with Mark Zuckerberg, Brian Chesky, and other Big Tech execs. Here's how I made sure I had an impact in the room with them. - Business Insider <a href=""https://news.google.com/rss/articles/CBMihwFBVV95cUxNOWhyYlV1am9FVnQyanpDNG5uaWYxU3FqUzFfQkYzVjNBUG9ZY2hIOFJkc2RibUZlM1lDSjAyOVRtaEJKejNmNFNkZjlsdHRQWnNtM2VSMWEyTW1mZG9vUkNlazctUkF3ODZLcmlqLTNzOGlOQjJGcU9WcDN2MVdneGpLS1JQbVU?oc=5"" target=""_blank"">I worked with Mark Zuckerberg, Brian Chesky, and other Big Tech execs. Here's how I made sure I had an impact in the room with them.</a>&nbsp;&nbsp;<font color=""#6f6f6f"">Business Insider</font>",Business
"CloudTV appoints Harshad Wadivkar as Business Head – Monetisation - MediaBrief <a href=""https://news.google.com/rss/articles/CBMihAFBVV95cUxPemxWZEhNQVhiNDI4LWpCR3R0R0VGdW9MMkRQcEdPU3F4UVExdUMxcWRnem1ORXRCM2tzOFNVYjcwaWEzLW1Tb1lpTE9WTFh1Q2ZuSnUwb1J5cmdKZ3ZRWGJfdHE2TFRVVmR2Y3YxVXBZT01MZXZ4eWlOUFRKaXhoVlRLdkw?oc=5"" target=""_blank"">CloudTV appoints Harshad Wadivkar as Business Head – Monetisation</a>&nbsp;&nbsp;<font color=""#6f6f6f"">MediaBrief</font>",Business
"Chinese Man Buys Rs 1.8 Crore Car For Taxi Business, Claims To Earn Rs 59,000 From Single Trip - NDTV <a href=""https://news.google.com/rss/articles/CBMiygFBVV95cUxPcXA0SlFpeEE1d2tBSE14QzcwS1pTc3owSGRaQ3hOa0NoVzNUZkZUb2otX3lCemYxcFZuV2pQQkhFVnhCMkRuVlFmcWJKN2lvS3Q2TFFuSks0bnhzRVZZSXhCN2JndWotR1p5aVFmTmp4bEhhU2Rqam9CRkxMaklEbEhJVEhHTEppWlAzQnF2UXdxYTR3Z3FFQ25ZTUhVMzdfajRSZ3h5R3otc2JSbFNaaDgtTWdMeTRGMlhab1FpSUNXRVdfTk5tYjVB0gHSAUFVX3lxTE56elc2Qmpyd1VUekp4em5GWHpJWVpkbnRQWkYtTmd2TFBqNWJfeWJmR1FUWi1fTlM3VUxKbHA1M1psV3pnLXRhOVlSamdDYmJfelQ5QUxuWWhFVmo2dU42clozVWZCcDlRY21ncXloZy1lRGplRGxzcXhJRkhNbTlDY3BTcEZOdzA1UjROU0E1SWw5QmFYeEpkVkNiSXhoZDdTZWd4ZEtSUkJJYkdRMHRIVnREcDhkUVFPQWswdHBEcDFOQXBPaFZJQXBPM1ZhazVCUQ?oc=5"" target=""_blank"">Chinese Man Buys Rs 1.8 Crore Car For Taxi Business, Claims To Earn Rs 59,000 From Single Trip</a>&nbsp;&nbsp;<font color=""#6f6f6f"">NDTV</font>",Business
"Axis Bank Q4 PAT flat on muted business growth, treasury losses - Mint <a href=""https://news.google.com/rss/articles/CBMi8AFBVV95cUxQS0dyMjVhM1NPN2ZITnFCcC1hVjRvTER2Z25Ha0ZfbjV0cFZRUDJMa3gtSks0MjJGQVMtUDJoVFZxY1JxV0NmSkFtcm5va21LTWxRdURfUHlycjdxZ2lsTHhXSmx3WHNUd2tGNlZrQzFqYUttRzdrcVpfcExUcG56OTVyMzhOUUs3WEI1YmJYSXdJUUlvR3dRYkFSZHNHb1daTG81RmlIMmZjc21icUNzZG1IT3FHZmRVbzJ2ZDM4ZjlhNk9VMV8yay1RcXlwR0hiQ0dvTHVwd2pTWUEwSGQxeldBVk9CYlFzSUQxOXlTUVE?oc=5"" target=""_blank"">Axis Bank Q4 PAT flat on muted business growth, treasury losses</a>&nbsp;&nbsp;<font color=""#6f6f6f"">Mint</font>",Business
"I'm 30 but most of my closest friends are 60 to 90 years old - Business Insider <a href=""https://news.google.com/rss/articles/CBMingFBVV95cUxNeFlrbGN1bWxYNGQzUUxOVTZZN182VmdyUnBRMElhamU0WGQ5MnVPUHJBMUhRYjB0UzU5RGlRWE90RmFPN3laSkpYc0kxWENyZlpXOXFqYW9pZVFYUHBfQ2FsOTFaSXJOeXprNkptRXJmeXJnRTFtczJjazA5TVpmM1M5MzExRVpQREFHWVhwU1BjVkZvSFl2ZWJVTzBVQQ?oc=5"" target=""_blank"">I'm 30 but most of my closest friends are 60 to 90 years old</a>&nbsp;&nbsp;<font color=""#6f6f6f"">Business Insider</font>",Business
"Aligning AI with business objectives - The Financial Express <a href=""https://news.google.com/rss/articles/CBMingFBVV95cUxQQ0JUZmU0UGt3enQ5RkhLTDBNYjhSTXpDVWtpaVNXcFI5VjJXMHg0OGJ2d29nTDBtMTQxZ0RsRHpFQjRkQTFMOFozc1hmYmFRVEh1N0plNEE5QWVTYzB5VkoxcnppNmJldjJYY1Rrcm8yUVhFSWRkQ3h6LTBIOUVnWUNIYkhfeXBZVTRpT2tVcWZWWWxYOEFMQTRUalg1dw?oc=5"" target=""_blank"">Aligning AI with business objectives</a>&nbsp;&nbsp;<font color=""#6f6f6f"">The Financial Express</font>",Business
"‘Sindhi community’s strength fuels India’s business growth’ - Firstindia <a href=""https://news.google.com/rss/articles/CBMilgFBVV95cUxQQk9oTWJfZlM3R2d5Qm14Mjl5ZnRvT2xEWlVKR3kwa0hYLTBYS2FFNVQzZll5a3YxTE5VeHZSN0hRQmVhQkRDV3pOX19YaEJmRmkzOTh5MFpITUgwQ3RlajdEa1JMRVRzNHVlSlNCclZVM1p0cVFlLVFiVTBKVV9teEhOLXJGSHZTUjdLcjZrNjlGTHAxeVE?oc=5"" target=""_blank"">‘Sindhi community’s strength fuels India’s business growth’</a>&nbsp;&nbsp;<font color=""#6f6f6f"">Firstindia</font>",Business
"Former NITI Aayog Official Slams Airline For Broken Business Class Seat: 'Hope The Rest Of The Plane Works' - Times Now <a href=""https://news.google.com/rss/articles/CBMi-wFBVV95cUxQendTQ0tCQ2M4LWRfbk1UNmZCUEtIdjR6b1Z0QThYalJ4a0J3V21PelAwNnNXLTc0SDVHV2VrVEo2bVdBMjdfVzh1TGFSZU1ROWZidHhwcjhuR2Fnd0h1bnFiOTlTbnVYdEc5SzBpOXdBV2owX1JkTHhPaGwyUUcyMzJmalB3YUliTm55V0dZMGlwNHZvNDdkemZOZUhiQlRGUHV3aWdOMHJHNG44dFZpZjhnY3doWnpZTmtPYlVWRGZuT0tXRkNXbHhNVmc0M1V1bEJuT1g4a3U2dlVka3RJRTlqX3pLbl9udHJ6SVFvUmM4VlppdXMwTXFfNNIBgAJBVV95cUxQNDRLQTdHS1lwN2JtZUxHRHJFek5MNHFNVDFQT0hoTzdPaFRZSnRZOVRxY0drc3Bpb0xzYy1aYXppUnFLQVRVakIyUEJxcEJTRTd4bXB1cWQ0eTBCRlZ4c0F2dVpJNGdFVld0T3hfWXNCdGUzR0FJeFZ0VGszblVMWnV1U3NieE1KOWVlbG9MdWN6T200QXliSUJLcl9IZjlNQ0tGcWRyT3AtcUhlN0JsS2pFTkRBeG43cDhtbWpJRWtqWWNVY2k0b1RhczhlMEw0WnpuN1FjMmg1cnRKbW93a3VuZmFqRWttV3dXRlBudVV6YTNKcUx4eHZGdDFjUmxM?oc=5"" target=""_blank"">Former NITI Aayog Official Slams Airline For Broken Business Class Seat: 'Hope The Rest Of The Plane Works'</a>&nbsp;&nbsp;<font color=""#6f6f6f"">Times Now</font>",Business
"Can fashion redraw its manufacturing map? - Vogue Business <a href=""https://news.google.com/rss/articles/CBMijwFBVV95cUxPS3BROUdBa3hZOHpmZ3dwS3NnYmlUbWZwbjM0elNMWWtuVUo5cDJZSVJLMVZHakdVSk1HMjJhbk0td0tQYkI3Snc0ZW9ORXBYZW1jb1ZnZC1OdWhKRi1VV0ljVlJqLXBUVm1yRGlnVUZnVS1Odjk4bUdDRncxVi1YTnNqNEJrYVFUMzNnZUVDWQ?oc=5"" target=""_blank"">Can fashion redraw its manufacturing map?</a>&nbsp;&nbsp;<font color=""#6f6f6f"">Vogue Business</font>",Business
"Nike Faces Lawsuit Over Sudden Shutdown Of NFT Business - BW Businessworld <a href=""https://news.google.com/rss/articles/CBMioAFBVV95cUxPcFhFR0hOdDRGb0FHa2dFa181MExlNWJzWnZnMnFrRHczQkdGNEV0MDZiZ2NCcGlISGEzMDlxWXRDaEx2YXREaVJueTdVYUJkeElLVmJER2hnYndjNTQyalg0LVY5UUxWcExFWDRDVEI0YTM1S0hLZ2xqT2cwSDFXQ0FYX2l6VGFPMkNJTU9CekF3MjFCcWFrWFdsMnc3TTAt?oc=5"" target=""_blank"">Nike Faces Lawsuit Over Sudden Shutdown Of NFT Business</a>&nbsp;&nbsp;<font color=""#6f6f6f"">BW Businessworld</font>",Business
"Weekly Horoscope Capricorn, April 27- May 3, 2025 predicts business expansion - Hindustan Times <a href=""https://news.google.com/rss/articles/CBMi3wFBVV95cUxPaV9vbkdCSTYwVW1HbEJESXM0eURIMW1OOVAySUltdWd5Snc0ME9FdC10ZEZLQTN0WEtMYXVydGJFa000ZWgwM2liSzVGZHJ1VWNfdlNGeG1vUXgtYmI3ZDlEZGZKaGVxLXZHMEN4VnVGT1c5aFJ4Q3Y2MlBGYW1HUHlZY1FHT3pVQzloX29WVHpmcDR1TlhaS1dlR3U0Y2RaY2N6Mk1qNUJQNDl1dFhmZzBKYUtVMDBMNVFpUkRmem9pSmNvbGt6ZzJYQ1ZOckhvbzVYMXd1aFdHTkc4OWZj?oc=5"" target=""_blank"">Weekly Horoscope Capricorn, April 27- May 3, 2025 predicts business expansion</a>&nbsp;&nbsp;<font color=""#6f6f6f"">Hindustan Times</font>",Business
"Rogue business correspondents, payment aggregators join forces to launder money using bank payout APIs - The Economic Times <a href=""https://news.google.com/rss/articles/CBMilwJBVV95cUxNLUtjdDNTOVc1TXktU3hhaGwzZDVqM05meUQ0RWp4OGJ6SkVKZkVnQ0tTRUpSTVBMSk81R0NKdVowakdUVUdlQVF2Y3dTUlJma1dNYlJCMklWMnUtWXVOVWtGd2V0c3h1d0k1cmppbWJ2OEJaeXc4cHczTGpVa3U3eHFscUV2X0gyZTE1Zmt1cEkxa2pvMTlsUU1FaS1tMVJjMHlTUjFhLXhSN1Rhd1NYVDhnSGc5VUZoaUdYa1IzRUlSOTI0TlNodWRZUzg3aU5qU1UxU01Wblk1Y3hqOWo4Wmd0SVBYZUd0T3NMeWxSdEY1UXF2WXFDdTlPenpjTF9Rcm9WaktjVzhIUjZNTDAyQWRMNk5kVVnSAZwCQVVfeXFMT0dGMURDYlFydkd4QWJZNWFRRHdIQkd3X25VS2JsdXhuczVCWk14c0dBbjVhbm5xNDZZd2dwbmc3REtUbXB4TGE1LWt4by1qZExDSXY4Y3ZvZjJuQTFadm1laDZKdFpEZi0xWGNta2RqM1J5dDRXZUZsZzhCOTJET0djeFBsVkltVUE1Q0ZjbjBjbXdsNnNCbGN0OUpiT0VTR1c0VjVJZ3FoSGcwazNybXRSai1Kb0NMMEttVzN4OUlobUU1M0hKRTVETlM1dTVLaHlDUXU2WUxadWpQcUJqX0tGaW1rNmlsandCLWlVN1NKSFFLaE45a2ZWR1VwV283ak1yWUxoM1pXZVA1a1U4TlB1ekRwMVpWM0txLXA?oc=5"" target=""_blank"">Rogue business correspondents, payment aggregators join forces to launder money using bank payout APIs</a>&nbsp;&nbsp;<font color=""#6f6f6f"">The Economic Times</font>",Business
"St Albans furniture business destroyed in fire - BBC <a href=""https://news.google.com/rss/articles/CBMiWkFVX3lxTE9lRWVfWXNlQl9WQnpQcFF6WFNUeFZWbGVadGk0TGxrUTI4ejNJLTV0QUxxQ2ZGc1FIbkFEakk0UXlNT0xlUFJJbVI2WGxUSXN6MTBMM1BYUnJjZ9IBX0FVX3lxTE5mRFBRV1l2ck5wWDRQRGFXWlZ2T3hZbEJBTk90Q2pfWXRmQi1fTURxNXBJekRKV1ZNT0ZHMnMzZUhnTWF5RDZTMXpoUDBWMVNQX05LN1hPRzRwZVFwUE5V?oc=5"" target=""_blank"">St Albans furniture business destroyed in fire</a>&nbsp;&nbsp;<font color=""#6f6f6f"">BBC</font>",Business
"Pahalgam Terror Attack: Five days later, business returns slowly to town, tourists say ‘feeling very safe’ - Mint <a href=""https://news.google.com/rss/articles/CBMi7gFBVV95cUxObVpkbzFhTkNhdUt3UDRIem9LT3M0MkZ2Tk1VVUtyWlpEVHBMNTJ0SHJwNGlmQmNnSmtfOWQzMmhhZXZLcmxlcGpQRjFZUnFtUG00UzBBbF9GcmdxMXNpTzFHcmhEcVBUcjROYzQ3THlqNm5ZeUxlNDFOZVZUZ0dNUS1abV9OeEFYcU4xRnFvci1vTVptVDFNb0ZmdjF0Y1VqclJqWXVNQW1xTWhybXZDUHEyY0tkeFRQeldVM1FndXlLcEo1Ym9tVXo0RlhfdGxTWkJsVVVYMlM4QWJQLVI3OVlLa0xHZFRGM1VxT1d30gHzAUFVX3lxTFAyNUx4bk1Iai1VeTJOb3FBMXlaaUhfSUxXaWg2RDZXR29oR2hYbW4tTVhzazN4blhGeURqRjd6RHZoOEtsdVNyTDJBUkJXTWdIRkNrWExPb0d1aTVQaDdBQzRVRGhQQUpTb1Y2TEpCNmNHNXlEYWx4T0FWSS0yeHdWTG1oSTJIODhKZGFHeXJxZVh0RWtIMDNFYVBBNDVuVXRpQ1VvRGZiVl9vQ05aWDEtLVZxbmFjRnRlU3FnM2JCTEJzZElfZjI4WmJOUjhHa3ZIOWVBUjVNVWFVR3dyN2NXVXZsVEhCb040eTRib1d2elhmTQ?oc=5"" target=""_blank"">Pahalgam Terror Attack: Five days later, business returns slowly to town, tourists say ‘feeling very safe’</a>&nbsp;&nbsp;<font color=""#6f6f6f"">Mint</font>",Business
"Amid global headwinds, FMCG cos bet on India - Times of India <a href=""https://news.google.com/rss/articles/CBMiyAFBVV95cUxNSUdfUDR5OUpBcDRubHNDbldJbzlmWkFGbnZQOW9nWmtsamJpTnFyaFp4UEt2SGFLZXlOS3JxR05xa2RUUTdSdVhhalNmVUNCWEVOZDFUSlNXaHF3T1ZRVXp6Y0FjSUdBVEI3U2ZHa3BBc0VpaWNsSFp5RDhtek1XSXlYZ3o4bkpOeDNaZEx6cFlfbFZDQ29sME1yX1lNeEZXb1ltb3BWV2FvbmstUW5wLVRoYVFYT2wxNVlWQW9YQkh1QlUybUFTWNIBzgFBVV95cUxQck1XU19fTlR2Tm03SXE2WmRHR2RiNGlPbFZjbk84TVBwMF9UbldJSV9IdkdINFNrSFpOVXhxX3JGc1J0dVlTZU5jTmd1MTFjTTVBV0lFajFBYXZlT0lHR0tVdWZmVnBfdXFnY3BnUm5NZTRZdGh0TEc4SF9Eb2tjVV80RUhPN3hOV0E1aklfS1FYb2FIMTlCcVFZZ2pKZ2d4RzRtRWxzUTZvWnBJNVowWnRwMVJpTGxHanVqeVRaNTFBcWFDQXlkVWo2TTdxZw?oc=5"" target=""_blank"">Amid global headwinds, FMCG cos bet on India</a>&nbsp;&nbsp;<font color=""#6f6f6f"">Times of India</font>",Business
"Perfios strengthens portfolio with IHX, its third acquisition this year - Business Standard <a href=""https://news.google.com/rss/articles/CBMi3AFBVV95cUxQT0tjU18wX2RZRE5GTkVNZzFxTzQtWEQwdUNZTmJiTVZpVkNveC1vQWw1Yl9IQkUzNzhabU5hN3Q1Y2NOR0V0c0hlRjZsTHd1SW8tZEtaQWZNUEJsNHo0QkFKVlNENXhFTlFMLWdta2EzcEtTbGVuT0tobl9DOGJ4a2lwNGpUX1ZiZUYzTl9YWWVVNmJqU1E0Zy14QzB5RWVxeF9RTzd0WVVrS2hJeGZQLWoxbXY4N0Mxd2JhZEx2NU5JUTRaZWpaYThESkgyNnEtMWlnRDc5bjU1bkoy?oc=5"" target=""_blank"">Perfios strengthens portfolio with IHX, its third acquisition this year</a>&nbsp;&nbsp;<font color=""#6f6f6f"">Business Standard</font>",Business
"Entrepreneur+ Subscriber-Only Event | May 7: From Prompt to Profit: How To Build a Side Hustle Using ChatGPT - Entrepreneur <a href=""https://news.google.com/rss/articles/CBMisAFBVV95cUxQbEI5bFBZcXJENEg2Z3IybkxPbHNoVTVCdG80SVNJdUgtSjdUc3laanhrbFJ6M1JNZFNlT3JyUE44S3JGRFhGUTNUNkVEdGxjLVNyaGtSVXRBaHU1bUFMeEJUVVV0OHRNd2laZW9nWmZLRHdid05KcjZIbHlRT21KM1B4WVFra0FDU3R3dmw2MnQtdUxmOVVIVmh4RVVDWnpYaTlkY25KVTVDbjFGTVBQVQ?oc=5"" target=""_blank"">Entrepreneur+ Subscriber-Only Event | May 7: From Prompt to Profit: How To Build a Side Hustle Using ChatGPT</a>&nbsp;&nbsp;<font color=""#6f6f6f"">Entrepreneur</font>",Business
"9 Top Business Trends (2025 & 2026) - Exploding Topics <a href=""https://news.google.com/rss/articles/CBMiXEFVX3lxTFB2aUQ1bWtmQVZWQnBKTW5yZWdfSlMyQVBjcjJtdmhGU0J2VGNUa0E0dmQ0d1RITjVReElMM28yMUwzSWg4bEdQODZGUnIzSmRSNTgzOVNnV3lreXEw?oc=5"" target=""_blank"">9 Top Business Trends (2025 & 2026)</a>&nbsp;&nbsp;<font color=""#6f6f6f"">Exploding Topics</font>",Business
"Mphasis sees sharp surge in AI-led business momentum - The Financial Express <a href=""https://news.google.com/rss/articles/CBMirwFBVV95cUxQZkhuT3k2Y3dBOG5udTBaRndkTXlyUm9YN2JfR1dmX3BuaWZXd2FCblkwakNPUF92VTJkT1FqZHJrTDZfOFdPeDRhRE5zOWhBS2F6eG40NHRJZlhBY3dyWTlWYmRVR0VZcm9wT3Q1Vlh3Z0owMWc1bTBzb0JTQ0VMc0pJQWd2bUhBZUZoT1FiLTZ6cERRdXlKUGJTN0hYaFQwdUJSajhBc2tIcFlaMHZv?oc=5"" target=""_blank"">Mphasis sees sharp surge in AI-led business momentum</a>&nbsp;&nbsp;<font color=""#6f6f6f"">The Financial Express</font>",Business
"Market Minute: Business confidence plunges amid sweeping tariffs - The Real Economy Blog <a href=""https://news.google.com/rss/articles/CBMimgFBVV95cUxNc1UzVmFmeU5wMjBBcEVyYkdoVWNTZm9xNHVPYTEwREhqNmFnVmV3QzFEajR2eUg5eGpSV01fYi1mc0sxLVZQeHp3LUVHOEdGYnFtTnZscWM1dE53blU1UHFzaGNTbnpyRlIxd1c4UU95eWNxanl6cFVNbThaVUlFRzQxZ1NXQi1qdWdxaWNRSHRxbDlDdWNaM19B?oc=5"" target=""_blank"">Market Minute: Business confidence plunges amid sweeping tariffs</a>&nbsp;&nbsp;<font color=""#6f6f6f"">The Real Economy Blog</font>",Business
"CSR spend: Listed firms record 16% rise to Rs 17,967 crore in previous fiscal - The Indian Express <a href=""https://news.google.com/rss/articles/CBMi0gFBVV95cUxOS2tmeVBVX1JmcFNxZlk2MlJPajJtMmxKOFU2QjlILXRNMC1WTmIwYWNWLTBvcDZydzNuMnhvVnNUMDR5VjJkdzBvQWZpM2luaW9YS3FmN3I2LWJHZXh2aGdLUU4ydmZGR2RnVVdVYmN4b1ZHZzg5SGNIVnVTaEJGN3h5eVhEZkdEdHRmc1QzcFkzdFVwXzRIRmxXSjJNZ1cwX3FfWlBLcmFlaExtREZmOUhyb0V5NWhHWDc0UXYyT3BVU0JRaWtUaFpZMnVrSC1PeFHSAdgBQVVfeXFMTXlHakVTcVZidk1sNWhLOGtjdTNWNUx5MG9ub3F1QmRUSzZHTzhHNnNRSWhJR1RzT2ZSWjItaW8zZV8zTDBmMEVvMXF2Ujd3SDg0Z2ZFUk5TeDltRl81bUpnc2ZzOWlrS2V1Nlo3LWdOVUdnSVFIcUEtUmN3Ump6WmlXSHJoYVVvMlAzQkYwYUx4ZmJwV1JTZE42ZVZFRTBRSE1GcjFJb0Z5cTB0cnZqRElRaGlVdUs2eVJKMG9WWnN0RVA4SXB2WWlqU29DQk1IZWxJeXdQOFVt?oc=5"" target=""_blank"">CSR spend: Listed firms record 16% rise to Rs 17,967 crore in previous fiscal</a>&nbsp;&nbsp;<font color=""#6f6f6f"">The Indian Express</font>",Business
"Macrotech Developers to invest 8,000 cr this fiscal on land acquisition for business expansion - Hindustan Times <a href=""https://news.google.com/rss/articles/CBMi8wFBVV95cUxPVkJacG9LVVpHR3dZNGRUMFZIcXdTdHllRDFXQmg4d25odWNYcGpEOGVMR0RHa0VTYzlqSGd5WjBXSklHMVdVWGpia0lCSmVSbGN0LVV6c3REVG1fVG1SaEV6NlcxcnpuZWpsUGowZ3l5MTMwRFVQLU1XVE1FZFJpT1QwOXpkWDBOZ1FvM3V4dGozQ0Rpa3c3NFAtWGo4QkxwZ1M2eUt1azJDbUxyU2NidFVZMFBmanBpVU9nTEVKcndpNThWeUpDWjZMN1hfOFVEZTRkNHV5QXJHVEMzWll3T0NsQjlub0h1NDhzUVVTWmNzWFk?oc=5"" target=""_blank"">Macrotech Developers to invest 8,000 cr this fiscal on land acquisition for business expansion</a>&nbsp;&nbsp;<font color=""#6f6f6f"">Hindustan Times</font>",Business
"Small businesses: Access to banking and finance - House of Lords Library <a href=""https://news.google.com/rss/articles/CBMiigFBVV95cUxPRnZTak9nX1FrOExHNXlnWXhNV01vOVE1UFR3eExRcVFjV3E3aXFlZTQ0UHZiY1lKWkR5QVp0VzZSbWktNjZhbUwwbHhJYmVBbTdmTmtYa01FbkNnYlRLMThlY1pUSUloXzUxWlVydXpPODBFNUtJTDJZeGppSVoyRTFpN2o2MTVZRXc?oc=5"" target=""_blank"">Small businesses: Access to banking and finance</a>&nbsp;&nbsp;<font color=""#6f6f6f"">House of Lords Library</font>",Business
"HP launches Copilot Plus PCs in consumers, business segments: Details here - Business Standard <a href=""https://news.google.com/rss/articles/CBMi3gFBVV95cUxOSHZOY21UZUVZNXAwejVQUFhCbVVFMjY5dk5RdG1GU3c1R1B1bWxpS3NGbXVrRDh0cUFGWDZ5TlNhS2dYSFZla1dDb2lmYkhtQWJjSEt1M0ZQdThMTTRhYnZpVy10eTNtd3JVemN3UC0tMVdmbzBPOFBjNEx1YjBKZktJRE5ZRDhlSzdmVTZCYm1XSjJWOGpDeWc4LXl2ZzBOVHVpRXBVcWtDbnVKam5Rem5laTlETkVhRHVJSTViSGdBM0syZHR4TWs0a1Rrd1RmTG1CQ1YwU1hwSWx5RkHSAeMBQVVfeXFMTjJjbHpzTFRxTk9NWEhSak1fSUJiLW5mdFJUQ0Q0eTBqV0ZwU2lJM3dzY3VpWlJDcUFZck5IVnA2S0QzVENmYjctN01fTjBLMm5hUTBMVXVMZWVIQkVqUEpIajZxOG1LaVU3NDQ3UjV2QjRKa2M1VTlFeDBPT3poaG04R0JnTlVyZVBtcFVPSXE2VW9FWFZVdFlsYnBSWGdrXzFjRjlQa2thdG5DdjdiLWFGRVFVU283anFBYUdkQ3p6dzBVdm9JQWY4bEFLMk9yLVZBY1R0WFFUWDhXdnFYTU5UWlk?oc=5"" target=""_blank"">HP launches Copilot Plus PCs in consumers, business segments: Details here</a>&nbsp;&nbsp;<font color=""#6f6f6f"">Business Standard</font>",Business
"Amazon infuses Rs 350 crore into India payments business amid growing competition - The Economic Times <a href=""https://news.google.com/rss/articles/CBMi5gFBVV95cUxPN2JzSjE2bjBRU1VHRnE3VndmLWdvUW9OZks0WDRyRUptbjFPUmdtOEJhQTlCTmNKQ3hlVFNBTXVNbm1JdUEtQnU4eENsQXE3MjhZa3RjbVgxdjlza1lXSzZ6d19XOWJDRDU2RzdRQ1RsdFNzaDhZU0REamR0VHR0eUF0MGl3MW9wOC1zaHlNS2NkQW9mdHpiYkpCdkJwc3NsWUlucVJlODMxLXhGVFdJNEtFTmZ1WVotVzVVVm5CS3FKQ2NDWkZXM0J1ZHF5UExXcnJrdWFOdl9heGFKYkhGYW50S2hTUdIB6wFBVV95cUxOZ3UtZkdOeUxrYTdFeGhxNlViTjN4QXdGejU3YUF4Q3B2WC1nWHY3VlJRLW01WFZQVWtFOTVKQ2FlYnhiVElKa3BKUThaNWRWQzRPNWRSamd2TTdaQVNBQmQ0TFlXcEFmbFBQX3N0cXBJM3J4MDNubUFBbGtrX3J0d1lnT3BfRkNrWlIxVHJKVU5UOTRQYmN0alBNc0hsRDhETGhscENPN0xtb1ozSzBfTEpOWmdYVjVpOGhyWk41RVdKWGs1Nk44SnBmZlVhM085cTQ3bEd4Q2JPa3QwTEpOTDNGcVVEdU5uZmgw?oc=5"" target=""_blank"">Amazon infuses Rs 350 crore into India payments business amid growing competition</a>&nbsp;&nbsp;<font color=""#6f6f6f"">The Economic Times</font>",Business
"I help people jump from the public to the private sector. Here's my advice for landing a job at a Big Four. - Business Insider <a href=""https://news.google.com/rss/articles/CBMijwFBVV95cUxQRVBlOHhqZjc1X1Z3Y3psS0Q5V3p1NWR3STNFU0JpUWp6R054enpocGZLQkRfSndNYkJLYXJ1UmwzWGFVQXVGRFJaZTNNWmdvMlQyNzU5ZzBrSlFMNlBFOW42QkVkejVqcXVzYnYtU2hhMlRhSzlEVl9Wb1Z5ajhaZl9HeUFOSnpJbVlBSS1Odw?oc=5"" target=""_blank"">I help people jump from the public to the private sector. Here's my advice for landing a job at a Big Four.</a>&nbsp;&nbsp;<font color=""#6f6f6f"">Business Insider</font>",Business
"Inside the AI boom that's transforming how consultants work at McKinsey, BCG, and Deloitte - Business Insider <a href=""https://news.google.com/rss/articles/CBMiowFBVV95cUxQZmJENkxHSDJwRV9KY3dlWWI1RXFSUDJ2X25JdmRKUm9JWEJSSWJIcDN5YjRtYk5LWFhsRmU0U2V6QWhoTU5OVDBENTRoeHJaTkRjbXI5MkRIbFJoeldObXZXMkN0UG51eXNpVzBlMDNSMFF0bHJDSlUwb2ZaOHZzd0MxNXR3N0pybEtJWTAzNWlEc1RWWDJIR3B6SDEtTXVHZTk4?oc=5"" target=""_blank"">Inside the AI boom that's transforming how consultants work at McKinsey, BCG, and Deloitte</a>&nbsp;&nbsp;<font color=""#6f6f6f"">Business Insider</font>",Business
"IBM Unveils $150 Billion Investment in America to Accelerate Technology Opportunity - IBM Newsroom <a href=""https://news.google.com/rss/articles/CBMiugFBVV95cUxOcHRvMXZoSjlLMjFUakNnREpMYnlZM01NRUkwT3lKdXMzanlIVC1BZ19FS2VsOWJCWFo4b2x0UVkxc3oxUGxjZVpTWGVYLXlvTXpiQ000VWx6aENqSHRyOXRYLWxnREhvODhRb1dLcnRueUlyVmQyX2dPTTBlNkZDTmE2RjdkTl9HSHNDUkdxWm1YWE5NZllCdzNGdmpBSlo2by1pZ3Q4SXg4M1VMaFNteTJpc3Q3NzQ2RlE?oc=5"" target=""_blank"">IBM Unveils $150 Billion Investment in America to Accelerate Technology Opportunity</a>&nbsp;&nbsp;<font color=""#6f6f6f"">IBM Newsroom</font>",Technology
"Robotics camp sparks interest in technology - Times of India <a href=""https://news.google.com/rss/articles/CBMiuwFBVV95cUxNaElOWk1PcWo1VHY1UENNRXZJaHp5d0lyTm9maTJra3pjS1hrWGlxNTlqNGJFR01TZUtUNUN6SnpYV1dqV2o4MVRuTkhLVU4zSC1PM2FsSmQ0QndXTGdjSEdoOFJpYnc4SEM5S3pyYzBHNU5WSHhVZlRwbGNpRUlpVW1TU3NYeGxqdFVzUjBsN2pzNTRxU01wQzg0eERMU2U5UkZEU3RNQjBZUmZHazV3bWFSSzlTV21sRllZ0gHAAUFVX3lxTE9UaTV4cVZ2dHZ4bS0xdzFpUnJjbFk0SmdRYVlONnlaTjhlX3IweFdGbDFBaS11REd0YXkwRXVKa1MyVHZjM2RCY1VfUEo5Rm9paUdMQzd5RGVGNzRuSU5VbUVPdGdwN0VuS0hIcUktbWJXLTlRTkJ5c1g2c1ZWUWRhNEZzejdOVzZSMXFiRDV2N0Y0ZnhlZFh3ZHI3SXhGc1h2ZE9VUnlNSllIU1dBb3JvY3lISDJUR3JlVjN4VGJ1Rg?oc=5"" target=""_blank"">Robotics camp sparks interest in technology</a>&nbsp;&nbsp;<font color=""#6f6f6f"">Times of India</font>",Technology
"The future of medicine: Exploring new-age careers in health and technology - India Today <a href=""https://news.google.com/rss/articles/CBMi1wFBVV95cUxPMVBQSlRLbEw3YXYyZWZZcW5UMWtQc000TmZyN2Q4SnRjM0N6RjB2R0FTcmR0RlM3bnRSeVdneXpBU1pIQlMzN2dEVjhCc1BGTEhsTFljQTFOX3EzdVZCaUlDZlpUR1VJY0lmNmswWFNUcDZzcWZuNXlXV0F6VVMxN1ZnWVRadnVJZTIwWFNCaXVJdUVGWUt0RGU4cGlTNU5hYkhxRmJKejNqamo5WGFQNlFKUHpkRTlOcXZldGdXY1BWUHM4RjhZVV81VTFwdk81Q1B2UElUa9IB3AFBVV95cUxOQW8yTnFpNGFESGdnLTVrSm5ZNGdwd1ZpX0ppZkZHMTJSR2xXRjdzbUJKR3FWX0ZGUm04N1VmNFhKZS01Q2p0OFFaNmU2NTVYU1NLRVd0OWRaSjY1aDRjOVcyTWtyMlJxQjdoVUtSdkI1bXIyMWNKTWhockVLRHUxX1ZuM1UzRU1xajhObjJ5YkhodkdHd2dnTW1TSnJBT3BCdlhCQklBM09qMTBLU1FteXlXSW9ZLUE2QWJITlZhTjdZVG1aR1dSekVVRjhXQWQ1bVZiWFBDUER0Yk9H?oc=5"" target=""_blank"">The future of medicine: Exploring new-age careers in health and technology</a>&nbsp;&nbsp;<font color=""#6f6f6f"">India Today</font>",Technology
"DRDO makes headway in hypersonic technology - The Hindu <a href=""https://news.google.com/rss/articles/CBMixAFBVV95cUxOVG9lUVFKczVreVlock9YQlNZcXFfeFhIWFlucnhCemRod0EzWndOMXBJYkF3OXRMUWRkV0lFOTRSUTZaenpZZ2lUV0x6UDlhb210NzdXZE5KUEJjQmNlWkVBd19DOVNiWnpPam1MWmswZE9uSGp1WFN5UWtJSXBqZEI0djdJSk44SWtBZ18zQzdtUEdXTTVaMDdlTlBxN2h6bGhwNm1Pc0JHMndwSFk2SUJCZzZVMEc1Q2V1cm9sWUVwTnE20gHLAUFVX3lxTE9qWUQ3Nk01RnB2SEd2amprMjIyaEpyZ2RQNEhXSG53YThKdnB0RmtHOUlmTnNsZm1VSWpDUFBVaDhHcjgyd0I4RW14ajJLTnhranI1M0g5WGJkVkctZmpqaFB1Ykl4TElOOGRocUp3cDJTbXU1WGdvSHdNaFcyUlAzbEs0WF9PNmFyMk1rQ0RSRHhqaE1WNHBsVTBUUEVhUzRXQW5FTVhjaENKYi04bTMwVG5RVFJhdzNIX3FKNWQwSkMyQ3pGVVVFNlhZ?oc=5"" target=""_blank"">DRDO makes headway in hypersonic technology</a>&nbsp;&nbsp;<font color=""#6f6f6f"">The Hindu</font>",Technology
"How Israeli Military Technology Continues to Improve the US Military - inss.org.il <a href=""https://news.google.com/rss/articles/CBMiXkFVX3lxTE9EdHVQUFE3TTU2LXhQdDNaMHcyUzdmbXBHTWl5V24tV2wtNWhIc3RwWHBHc3o5R0ZNdGpVdHEzaEU0WWZQeThBUTdWc3dnQXRrdEtTYVlVV0ZhTGc0UkE?oc=5"" target=""_blank"">How Israeli Military Technology Continues to Improve the US Military</a>&nbsp;&nbsp;<font color=""#6f6f6f"">inss.org.il</font>",Technology
"Meta’s celebrity chatbots found discussing sexual conversations with minors - The Indian Express <a href=""https://news.google.com/rss/articles/CBMi5wFBVV95cUxPdnNCTzA2QkR5MHpqcGEweXB1SVUxeS1BTURUUllJQnRkY1VHbXpmQ0djMy04ZkRPeU1PdkFrbER5ejN1Vzh5cEVjMFphUl91bTE3VXJnYW40VlpOWVA1bFF2WU1PeS1pR2s5cmJ4T1ptSEdfNFhzSncxUFpIVEVSbHFWelpWNGlMZkJpTGhRMW9hNXZ6VVRQdEljcGVkVm9SWGw1ZHdJQWgzdkFGMEdSbEFScEQzX3BSR1NIYnI4NzBGa0VQNW9PSHRBNXRPRXE2MWFqQnJTRmozODZOWFRaU3VZQ2lHODjSAe4BQVVfeXFMTWYxVWFHb25IOGg1RXJTOXFNamhKUWdqN1VMYjNYS3prN05ZMS11MktxVHZRT0FoSERKRTlEbTJVeTBDYkJsaTdIZG1ZOVgzemJsYktCZGQtX0JULWZCMHBIX1g0Nlh0cUJqeVpEb3hMVmdsWkNlN2l0QTUzWnQ1REtvLTNoUmpEWFlFOElRalZ1eE9BWC14d2FfWW5OR0NsSUQwbzA2OFVmaTFsSWM4VnF0X0ZXMVJTR0FKdmY4ckxjbzlNMnNIS2VsSDlhb2Y4TkdIcEd5T2RMVU5ocklucGduRW1HZE1YNl80Q0Qzdw?oc=5"" target=""_blank"">Meta’s celebrity chatbots found discussing sexual conversations with minors</a>&nbsp;&nbsp;<font color=""#6f6f6f"">The Indian Express</font>",Technology
"How technology is transforming the drinks industry - The Spirits Business <a href=""https://news.google.com/rss/articles/CBMimgFBVV95cUxPekJ6dW1MMXhmcGQ1UUk0amRWWFBmUmpnMkd6SnNnN0NabW5KODhfT29CUEdnWjdVdV9vMV8wWXRsakJVUmREMGlCVksxd2tDVkZ2Sk5Kb2hNcmdsdnZvc2JPY1NYUEI4NFZuNEJ5RTlOWUwyQ3g1Sk1wTkdWbkhfWHRQeDNMekZaNW1qWm9Ucm0tczNROWk0M21R?oc=5"" target=""_blank"">How technology is transforming the drinks industry</a>&nbsp;&nbsp;<font color=""#6f6f6f"">The Spirits Business</font>",Technology
"Fully autonomous strike drones within technological reach, says German start-up - Financial Times <a href=""https://news.google.com/rss/articles/CBMicEFVX3lxTE85WE9MbDVkQmZyWkhaR3czT2FvM3E0eXloTE42TjJCY1U5MkdqN1V5NUQwTTZvQ2p1UzdkNTMwejc3SzNjcklLU2dGRFlkaS1HNi1JMkdDUTMtWnJSSGxxdjZ4aVF0ek00TWlOT1FqY20?oc=5"" target=""_blank"">Fully autonomous strike drones within technological reach, says German start-up</a>&nbsp;&nbsp;<font color=""#6f6f6f"">Financial Times</font>",Technology
"How Armenia is trying to build a Silicon Valley in the Caucasus - BBC <a href=""https://news.google.com/rss/articles/CBMiWkFVX3lxTE52TngzTUZCWHNmQWoyMWFteUs4N2RvNWpQcUlXSUVZbldrc0Z4VGl4dGJGT0IyWFVZa0tyQTgwNFRCSENOSkJ5aF9FMEJBYnl1UHlOajlrT1dMQdIBX0FVX3lxTE1HQVBnalVqTnJFQ1VMWE5FR2VpU2h5OXJhMllKaF94SndSRFJKUTRjNTJUZDE0YTl4SjdMZldvcEFGakQyMWU5SVRyV3FFMTNTajhVaWVCSjVpYXR6NUNF?oc=5"" target=""_blank"">How Armenia is trying to build a Silicon Valley in the Caucasus</a>&nbsp;&nbsp;<font color=""#6f6f6f"">BBC</font>",Technology
"ETCIO Annual Conclave 2025: Redefining the CIO's Journey from Technology Steward to Enterprise Leader - ET BrandEquity <a href=""https://news.google.com/rss/articles/CBMiggJBVV95cUxPVFkwdnNNdk1xWmdoVVZKX21hQVJPTDFKZlBGV3ZtQ21uUU9aV3RyT1BTUHRCLU9jN3pIblpYYkZSdm4yTWNid1ZjQU9GVnFCdGVzcVNLVXBrbFUyMlg4VDYzWi1zY3ZGblZfQnNycUZUSWhJWE1ia3NMcGFsbVVxN2o2YVB5MnhXdGR6Z0h0NmNMUV85RGUxaVNrYmx4QzQtakdqUU5kUUR0ZHg5ZlA3SUQzdDlJX2FrdXdwNGxPRnYwWFpObVN6bEw2SG9ibDJhX0I3N0FYaUZHUWdScUY5S0tDb0dsbFpqbXAwTlRIOHE0LUxoN0ZoWjcwcV9kaWJqTFHSAYcCQVVfeXFMTVk5UUpXRngwUzFBejJLU3VsLXZuSlFPZWF0LVR5TTdYUVdMdmRVZmJ0WHM0UlFmZFBqNUxPejcwWXFfX05FXzE0d1liN0wwdjFOX09nYnR1VjFKazdmMTNzTXlET09ZcUJnenFCSDJJYXhtb2JCWHdTTHEyT3lKUFZVc1hnemFLNUw4S1p5djZqNTVxMjJhWktud1Q2SEtxNnhiNVBYb3N1aTM2enVVQTFUU1I3aFJtcUJsNnNRRUxYd09rOGZrN2FpS0RramRBRTFfVDYzVFJXaFh0YTZVVW1hSUR1SDJxeW92eXVEOUdoSjVQandJNHNNQXVEUTBITW5pZklrVlk?oc=5"" target=""_blank"">ETCIO Annual Conclave 2025: Redefining the CIO's Journey from Technology Steward to Enterprise Leader</a>&nbsp;&nbsp;<font color=""#6f6f6f"">ET BrandEquity</font>",Technology
"CK College of Engineering and Technology secures 10-Year UGC autonomous status - BusinessLine <a href=""https://news.google.com/rss/articles/CBMi5AFBVV95cUxOTDdtcmtmb2U5M2ZzLS1XRERQREN2MjBxUzlmRWNHQzFKVTQtOTRJVTJZUlV6NjBoQ0drOHNCSWxFV3JfNGhSbGFIbnRIVEZBNl9xOVNIWjdfMlFjbnhQN3NtYXhUMGx2WGF5aEN4ZnFfbTJzX3JfcnZwNG1wSnlUZ08xQ2U4eExtbjJIOXNYSHp5c3RrRWlMUlNBR1ZWX2I1VGJXYVpNcDFjbWl6Ukc0dC1IY1VYRTlTODZ6NUNOSVd0a0ZtZHh6VVhFYnYwVEQxQzVWdzk5WERqaUdWMWY3Rk9qeEvSAesBQVVfeXFMT1V4RXBITWpBNTItLXpHTmVNSjRpek9TUVhCdlhCUFRpc3FsbTZKcXY3NlBkTTlLN0FnZjJzRUI2TXpCMllTWi15MGV0QU5WOURYRVA0bzZWV0xtdzgwS21qTi1iMnRkeW96OVpyaGtZaWs2d0N6LTNhLTQ4WE1aWVJJcUc3V2haTTFBVElQQVVxZEhWWDVGSTdfMm45R1BUeXpHY3lSYnRxWmJsR1FPTEpnbGFUV3pPQ25uR2RDeGphUHJLaUNKX3FVajRzTnJiaDFBWEpfejZXMHZneFJfSjdOODhORmMwMWZnbw?oc=5"" target=""_blank"">CK College of Engineering and Technology secures 10-Year UGC autonomous status</a>&nbsp;&nbsp;<font color=""#6f6f6f"">BusinessLine</font>",Technology
"New technology enables quick diagnosis of arthritis using synovial fluid - News-Medical <a href=""https://news.google.com/rss/articles/CBMivAFBVV95cUxNc1FkTFpiVkJHdF9mU2ZPeUJ0aTFkbmxmMDVVSkl0OG5DY1pjdHAzdDlqNGtxNkF5bUd4SUR2U3JMR3lfMXAtaWNZTGpZallqbUoyZFFjU3ZCZ05CREpoZklsXzlfdWZMQkVSUVJSN1Y0eXVwd3FpNFRUVDRqWlM5QU45TmhPVi1HWThTMnFBNXBYSlFiN2ViOF9HZDEwRk43WVltSmx6RnZxY21LblZxd2Q2aWhGS1dxMGFEWg?oc=5"" target=""_blank"">New technology enables quick diagnosis of arthritis using synovial fluid</a>&nbsp;&nbsp;<font color=""#6f6f6f"">News-Medical</font>",Technology
"Investing in American leadership in quantum technology: the next frontier in innovation - The Official Microsoft Blog <a href=""https://news.google.com/rss/articles/CBMimgFBVV95cUxPWWRhM1RNWDF2SlpZbDFfV1h2OHBSMkJKY05kYUI2VjNOa0E4QWJzN0V1Q0VyTl90aGh3S056R09uZWlraUJNWjlCWVJ3RVFwTEJlMVFVak1xODh6RVhMd2p4Y29YWjlrRWF5NjZPY01aQ1prbWs5LVFMT0pHSlhpSHRESDhWV09MOHE4Wms4bTAyb1BtbGpvYWlB?oc=5"" target=""_blank"">Investing in American leadership in quantum technology: the next frontier in innovation</a>&nbsp;&nbsp;<font color=""#6f6f6f"">The Official Microsoft Blog</font>",Technology
"KPIT Technologies Q4 Results: Profit jumps 47%; declares dividend of ₹6; details here - Mint <a href=""https://news.google.com/rss/articles/CBMi5AFBVV95cUxPaVpsb0llaHZTMXQ0elI0MV9xcW9PMEd4YTVuTHNBbTFZNzV5eHQ5ZzJhTE1NV1FKUHQyRWdpQkRERXlic1FCb2xpTzA3aDBVbXZDXzRTckdFWS1pS2YyQXEyQ0plSUJIQTI5T1d5VTF5R19KSHo5X1ZFYWprX1JwY1pMQ1VjZVBIQnlTaVRsWkw5LXNJQmc5RG9LMGZ0WE9QRUdPVER1SDByVzRJTkZVQkkzNnc2QWo4dFhWcXZrSUdQRWxXZklQbkhINS1oVGctNmRPNnlfTnhCalp3V28zeWdQcS3SAeoBQVVfeXFMTkgtaXVNZFZ2Tnp1dTBJalM5WVktTkQtWlVuaFhFcnpSZGNsOHR0Wk42NGFVbnNOOE5WSGpaam0ydzE4NG1IZk4xUVUxUHJkTzVJQ1VKMnNxUkVpMVZyYUF3RkpMQXFjMmlKX3NRaXNzaHc2MlFBV0pfOUxORm1qQl9hSUxBNTlyVzl0VWEyUnZud3FUZDFkVnVJLXBwYlF4M3Z5UnIwcjEtUVJfUzBidkFkZlJlaVNiVTVFbXVYN2V3N09oaURZNDBVX005enE4d0IwWmpkMGpub3BQdkJNQnhkbENabjRxWXVB?oc=5"" target=""_blank"">KPIT Technologies Q4 Results: Profit jumps 47%; declares dividend of ₹6; details here</a>&nbsp;&nbsp;<font color=""#6f6f6f"">Mint</font>",Technology
"Maritime Technology Competition - Indo-Pacific Defense FORUM <a href=""https://news.google.com/rss/articles/CBMidkFVX3lxTE5oM1hqczVvVTAySXMtWGZIWk9GVk1uQ2NfWW9sWkJITDdURmRzSWlZTXBaNFBjUU9rUDl4ekl3UHRyU0NKZXJPUlBjaGlYVEV5aDRsTmdfbXVYZVJOdzlybUpDYUFRRUw5dnJpMDRGZ012YnVBVGc?oc=5"" target=""_blank"">Maritime Technology Competition</a>&nbsp;&nbsp;<font color=""#6f6f6f"">Indo-Pacific Defense FORUM</font>",Technology
"Technology at Scale, Liquidity in Motion: Yujun Lin on Transparency, Client Activity, and Platform Evolution - Hubbis <a href=""https://news.google.com/rss/articles/CBMi0AFBVV95cUxPQWJJblNkbExPMGNrb2I1UWxZaHhEYjBzQzFTM0xiQU5iMVRvbkpKblNTYllzbTRqWkFyQy1FTTJmS184ckZXSjdlb1k2T0xjYnI4Y1Jpb2M3ckZxcHJJTkt1ZHMyNDJuSmlPRWlUM3RtRGVvWjB1U1NadVJEZmp2ajNjTjA0QTVzcEZnQnJOZ0tYemlXNlFwb0kyZzh5VEZmNGFxdk4yaklVbWJSWklUVy1LeGNzWV9tMzFuZ2dlcENucWFLUGFRZmVWcjJVS2kx?oc=5"" target=""_blank"">Technology at Scale, Liquidity in Motion: Yujun Lin on Transparency, Client Activity, and Platform Evolution</a>&nbsp;&nbsp;<font color=""#6f6f6f"">Hubbis</font>",Technology
"QR codes: How a Japanese engineer’s invention changed the world - The Indian Express <a href=""https://news.google.com/rss/articles/CBMi0gFBVV95cUxQQ1hXR2ZYQ2NnZE00ZDZkUllxX2xGNGdubGpObWtjVEpsRXlfU1FfMXhWT2luQlcxYXBocl9iN3BfeU56RmZWbnFPWlpmbDYzVGdfMzF4b3pvT3ZBSjBzTXdpT2RiU2ladS1KMWtncFNlY1ZnNVpDbzhONmZEc0V3a3VZY3JrNXdtWFI0RzZqc0Y0d0NCd1h1ZlRRTzk2TzF5b2JTQlJKcnRVWlFkYkhacXJxQTJSeUR5UlVJbUVrZG1acGtLOXQwNlFNV2FmdHRORFHSAdgBQVVfeXFMUGsyUXVFVDV2ZVlyUFZEYkw1cU9ZUExrN1pxM0dTdjYtMU5zTWwwd2tKUkRfNVpmc1NEZHhmcnlBTE5jM3ByYUItc2R2VE8wemRmbWIxNV9BVk1BMmRjcXNoSUVkZXIzOE5WQUV0N3k3Z0RfWUw2RDBoMlFmbGpWR2ROWGFNWmozTmFvZmJGVkxueExmSllCaTB4dV9LNm9sTXNZTzMzZUpDYnplNlZ0REktV3NHTk5LblUwNjBvZ0pMc3lXaURnc1VpVjlBMkowMnBUcktzclV6?oc=5"" target=""_blank"">QR codes: How a Japanese engineer’s invention changed the world</a>&nbsp;&nbsp;<font color=""#6f6f6f"">The Indian Express</font>",Technology
"Laser Technology Market to Reach USD 37.26 Billion by 2032, - GlobeNewswire <a href=""https://news.google.com/rss/articles/CBMi0AJBVV95cUxPa2tUR3pSbjM1MHlqRmFJbmpRRkZ3aHdYMDByOHE1WXNzTWxYVGN4bmxnXzZ3ZmJXTTI0blJyTU9mT05hTXB1OGJlR2dHVjQ1TDc0RnhRQ0pCRWZnbUxSbmk1dHAzbklIenlSY19yWHV3aGRTcktsNTJ1ck1ma3JzdzB0dmhGbnZMZ2k0QWFqR0tDYWZQQzZxVjlYMlpTc0VOcTdWYWFIbUtHSk5Fb2h0LXdNNWRuSlpkTDVUdGl6QnJ6aDg5QmdyMENPU1hRaGVMVF9NUFBQdU1UNFdCVHVtODdMb1BTX2lXWjdhc2FhRHRfNnh3dWhRVzBKMWVQSzBZTUVCQUFBRm9ydy1ZRG1CTkY4MURDNDJzUEI0bUdGaWw3bmd4VHVQemNyeWFCbi1ZYmZUc3gwQ0gzWmtjQi1Wc1RhT0Vxb01Calg5TFlKUW0?oc=5"" target=""_blank"">Laser Technology Market to Reach USD 37.26 Billion by 2032,</a>&nbsp;&nbsp;<font color=""#6f6f6f"">GlobeNewswire</font>",Technology
"Sonata Software secures $73 million modernisation deal from US-based technology, media, telecom company - Moneycontrol <a href=""https://news.google.com/rss/articles/CBMi7gFBVV95cUxOdGpla2tDTXp3UXZDRDJKc3dsZGNnZk1HUlNCWTBnSVVZb05laHVmRm1BTnRTSlFuZVdKdXlUSXBHYmVTWGFSNGJtLU1VWlRIRTJDakd4VXhFckM5LVVMQzZuV1J6cFczeFFGajdMU2wyX1o5a0lhQ09DeVZMbU41Qmt2Und6eFlaZTc0YTFqR293NWMyTHUwd2IxbTNHQlprVEtOR2ZNM2dWUGZNOTZCTjJBUDNUazFZalpwaGNhd3U2WGJYOU9uOG5OM0ZVeWtxUXFJTE1KTjZuZWtJdG9vdVp0M1RjSnhDN3RBX05n0gHzAUFVX3lxTE9YWk9yU2VtZFdDTWpsSFBEck1obVFCeTFpVHF1U2VPSVNTdmZabDVDRUh1OE9hWWJ2M09TZ2NNcWd3R3JuTkxPdHl3eGQ3aDFEN3BPdFFLb2p0aVU5SkhZNXNQbXZyTDI1Z3Bzd0ZCS2ZRZUpLRnU5Y2tBUmRRcTl0c1N1TUY5V2ZDSUVENGk2VmNVZEU5RExIN2ZXaEcyb3BTM1hDQjlzZF9oS3NEUmZZRTQxaHNmenNkS3FudF9NWTBLOHpicWF4cWZhcmwwYWROd2l5a0FQdGRLU0FGMm1VSFlWOGVUQ2ZTRHlsaGltTnduaw?oc=5"" target=""_blank"">Sonata Software secures $73 million modernisation deal from US-based technology, media, telecom company</a>&nbsp;&nbsp;<font color=""#6f6f6f"">Moneycontrol</font>",Technology
"13 Top Technology Trends (2025) - Exploding Topics <a href=""https://news.google.com/rss/articles/CBMiX0FVX3lxTE1xTmYwTXZVclZKYTBVUnFWWTg3SG9uLThMTjdKNTRzWU1iZVdsVmN0OU85MGJmSHFlTEJVZTBGMXg5OVdHcWo4bW5xWU1OYUE5aDFWYThFZkt3V2tmVVc0?oc=5"" target=""_blank"">13 Top Technology Trends (2025)</a>&nbsp;&nbsp;<font color=""#6f6f6f"">Exploding Topics</font>",Technology
"NILESAT and RASCOM Sign MoU to Boost Satellite Technology Collaboration Across Africa and the Middle East - TechAfrica News <a href=""https://news.google.com/rss/articles/CBMi3AFBVV95cUxOWXA3R1BWUFdaazZ6T2hoMFRReTI0cE83ODk4MlEzSl9xaDJ2OUFMdXZNc3hsTm5MS2phRGpxTkRkaWRISkx3TGFXOVRicEY5OVNlSC1FWW9PbW51U2dXZHBxZlZNSGx4S2RneFVhZldsRHM4ZUIzT2ZSMDFFX0NYakY1NXotNXFDREk1VGdUdFJrY1c5RFRIX2FkenBsUFFkQUhSOFROYTdmamxvbk9GeWdNYVpxejdDM3hRRHotQTRTQ3RkbGV3NnRBMk84NU9TQnVHdk1DclRfeU9f?oc=5"" target=""_blank"">NILESAT and RASCOM Sign MoU to Boost Satellite Technology Collaboration Across Africa and the Middle East</a>&nbsp;&nbsp;<font color=""#6f6f6f"">TechAfrica News</font>",Technology
"Taiwan Excellence to Introduce 15 Award-Winning Taiwanese Advanced Technology Brands at AUTOMATE 2025 - Business Wire <a href=""https://news.google.com/rss/articles/CBMi7wFBVV95cUxPeENrOWpfLVo2MXJLNm93OWZVZmxmS2g5czMtSzhHRUdVdGtuZ1E2VzNPa05FRjQwLWZjMFhjSFlHM3ZHYmJzX0YtQkNSa1Q3MXhDc21ObzExMG4wcFZ4MkdxNUhNeDlwbEpYNWJiTVlTbGl1akxKWGtiVHREM2lnLThkREhaZFJTWFVwY084eWZWXzFXVGs4bTBrYXM0WTlhZHpjUWdUV0ktblNSS2hwTmp5bUUyUGNzOTBFQm1DdnI5QVJtSzV3bE1xMlhqM29CQ0RhVkswc3oyQUh4LW5pMURXY0xxQmFfa2s3ajBaTQ?oc=5"" target=""_blank"">Taiwan Excellence to Introduce 15 Award-Winning Taiwanese Advanced Technology Brands at AUTOMATE 2025</a>&nbsp;&nbsp;<font color=""#6f6f6f"">Business Wire</font>",Technology
"LONGi Joins Forces with PV Leaders to Release Groundbreaking BC Solar Technology White Paper - SolarQuarter <a href=""https://news.google.com/rss/articles/CBMiyAFBVV95cUxPOGFLTjF1S3ZKbERSdFo4OHlJVnhSX0Z1allrZnJrcV8yUDV5alZtWnhGbmx4UnZwNTdRM2VodFlOODFIbHVGTlZyLUUzWDlDMDZuTldCdHJHMmwxUDZSRV9uOV9fWlZfVHR4MEtla0lab1YzSWpDSXR2X0JGTVNtNkxLckdQU3ZpenpReTRLbTVmcUhCaURqXzhKSmdqSnprX2gzWWF3cjdMbTJkU2NQT2lPY2dvWmVPa0ZEemtQT2YxVnVQVFZDLQ?oc=5"" target=""_blank"">LONGi Joins Forces with PV Leaders to Release Groundbreaking BC Solar Technology White Paper</a>&nbsp;&nbsp;<font color=""#6f6f6f"">SolarQuarter</font>",Technology
"Baya Systems, Imagination Technologies and Andes Technology to Present on Heterogeneous Compute Architectures at Andes RISC-V CON Silicon Valley - Design And Reuse <a href=""https://news.google.com/rss/articles/CBMipgFBVV95cUxOMGVjR3pUdE9YVVRjRDFQa0p4X0sxQjdMQ1dJTDJzb01QOVRvTmRudHQzRzhwRzJIcHFqaFMyalljOXJoUGE2SkpkRm5oUm5hR0hQelBEVlE1ckJuUnVUbjRyWF9IaVdiV1A5Tm5BeGdtc2ZBR3hWdDUtOUNzMEdPdHdZR3A5UlZsZVZJdkFRdTROel9DeVFqdUVpZ25NTWZGVFE3YTlB?oc=5"" target=""_blank"">Baya Systems, Imagination Technologies and Andes Technology to Present on Heterogeneous Compute Architectures at Andes RISC-V CON Silicon Valley</a>&nbsp;&nbsp;<font color=""#6f6f6f"">Design And Reuse</font>",Technology
"Five Trends In Legal Innovation: Predictions For 2025 - New Technology - India - Mondaq <a href=""https://news.google.com/rss/articles/CBMipwFBVV95cUxPMld3bnB4eU1wU25KWjZwS2VUMjNXTnRfa2I5MmxBQy1pTDNTZHBPbnRlQnNDR1RwZ2JDR0d0SEoxbVhaN2RXYVdIUnFrakxXQjhIVmZpWnFsY2w1dG9Yc0JFajVqR2lSOE1tSlA3VUxjZVlacUkzMnhieVVYOFhiSHMzV2xadzJZMVREX2NURmIzSkplQnNYMDY4Mlc1Y1dZOS1HSllkNA?oc=5"" target=""_blank"">Five Trends In Legal Innovation: Predictions For 2025 - New Technology - India</a>&nbsp;&nbsp;<font color=""#6f6f6f"">Mondaq</font>",Technology
"India May Likely Push for Expanded Access to Quantum and Emerging Technologies in US Trade Talks - The Quantum Insider <a href=""https://news.google.com/rss/articles/CBMi1AFBVV95cUxOOW42dGI2Yk1Zc003RTV0OEdLVmZQZUo2Mk9HSFBVMmJ0YjhiRThaT2psNjlSZERKTl9QQ1NLalZqQ241Yk5WUVJSQVNYZ3JkaTV5d3gyYW9zSVFTeHNuTnp0R2hHLTZvTW10aW5iTnBlU2tsRGRtV0ZkVENKc3V4YnRzaG1pYjhjSFExVm5tYlVvVXlRZVFrWWYxWFFnYWZFd3l6NUQxM3NVUGN4QmtRZTBMay12ZUEzVHdSNm52ZHoxUE1fYVp6QUJLNzNCSUh4Zy1lYg?oc=5"" target=""_blank"">India May Likely Push for Expanded Access to Quantum and Emerging Technologies in US Trade Talks</a>&nbsp;&nbsp;<font color=""#6f6f6f"">The Quantum Insider</font>",Technology
"Mantra Softech extends licence for FPC iris technology to expand into new markets - GlobeNewswire <a href=""https://news.google.com/rss/articles/CBMi6AFBVV95cUxNZE9oTFAyQVNjZWR0ZXV1cGlQOXFBSHExZ1JONERQVUJrUktjM0s3Unk4dExnc2dlSTRfcU1pX254ZG5kMkZwTUdSSmxHMm13aXdLMnI3bjJmcmc4NnZuMWFSRUJUc2tFLXBUd21vZ1hLZVNwMTBPenNNMUVHU3BtaHpmaE92RXAzR1U5cFpXalpiazZ3WUZjZG0wa2x1a2tSanQyR3prVHFyNFVldnlOQkRQWEdTSElZbEVoc2VXc3l2ODNhR25hZFhBSnc1QkNSVnVQLUxrTzNLQWpZWGUwVVVkVkxYS3ls?oc=5"" target=""_blank"">Mantra Softech extends licence for FPC iris technology to expand into new markets</a>&nbsp;&nbsp;<font color=""#6f6f6f"">GlobeNewswire</font>",Technology
"Heidelberg Engineering Showcases the Future of Imaging Technology at ARVO 2025, Leading the Way From the Lab to the Operating Room - Business Wire <a href=""https://news.google.com/rss/articles/CBMilAJBVV95cUxPNWw4eDh3Q19ueThxQ3dXc1BmQ0JXNlJaLVZYTFp5NFBsMlMzbFhveXcxWjZ3RFl5dWFMRDFGMHV4ZEJzaVNvTExDb2ZNLTNMM1FWTTdLTzN6SEtwTTdGTXdKc05MWDRXeUNlX2phRF9RS0l2RG1BZVp0aHhlc0xNYVFuYUNKQnV6Z255SkpOSTRmdnU3NTU0a3ZEMEJ5c0FFcDFIZldrYXdKOS1PS0ozbVFMZlJGYUhwdmtDdk9mcEpVR1l2bzBMc0NIZGZUdlNCemp4MTFxc1RRUExETDFHWURFSEdhbVFVSWQzNElteW5rZnh2NEctVWcwLTY5UWVIeHV4LU45SHFfZVRMQlp4ZVBCWlY?oc=5"" target=""_blank"">Heidelberg Engineering Showcases the Future of Imaging Technology at ARVO 2025, Leading the Way From the Lab to the Operating Room</a>&nbsp;&nbsp;<font color=""#6f6f6f"">Business Wire</font>",Technology
"Navigation Technology - NASA (.gov) <a href=""https://news.google.com/rss/articles/CBMifkFVX3lxTE1ySGYtemlMeXg4cnVhRS10RlRyVEkzY3poalZYN285UU9rbnp2VmhTRE9RcXF5V3VWZ1kyR2xxWVZxU3N3Mjd4dnJHRXRQa2cwcEtVYnliTGpWenpQX2VaN1hEQXBYaXRhNVcyNHVBeVg3N1Q3SXJfQWRyNnVEUQ?oc=5"" target=""_blank"">Navigation Technology</a>&nbsp;&nbsp;<font color=""#6f6f6f"">NASA (.gov)</font>",Technology
"Buy Larsen and Toubro Technology Services; target of Rs 4850: Choice Equity Broking - Moneycontrol <a href=""https://news.google.com/rss/articles/CBMi3gFBVV95cUxOeDNWMU1BN0p1eWhuemR4Si1kbkJCUUhiWUhPa0s5ZlhPSWtLaU9Va1hmQUZGZVNMRzdQallMaHVrMXpBZ3F6OUU0SkZBWHJUaThLTVJCX3U1SHZKRDVXNXo1aUNHTTVWSUZ4VEtBWTV3REpodzB3TV9QdHE2alliWXRydkFPbi1HSzFCUUpSaWFHOGZuZFQ1anpmZjdxLTdadloxV2lDZ24xbmJqaS14OXVLWkR1d25wQjE1b2pLaFIwcV96Z3NVSnlvSjRnQlpCOXB4R2ppTHp4UWVfUXfSAeMBQVVfeXFMTU4zU0l1b1FOb1RBRlpWelVEcWZLNUNHNUZabmNUdkVONGtzVUdIVUViRUlHMzlFT1pkMzRjT3JsdVg1SktNcWJjOEEzNFNOcE9EY0VkbnFRS21ha1U5ODhDYTltc2hkVmxfUjBLRHkwT2tNanN3NWVYS3FOdDA0b1FSLXg3amtCbU5tOXRTTVd1ekRoMnZrZW9ZYXMybmdLQjRqaDFMX0dpVHJWNUJObXdwdUpMcC01aER0NWxFWDJ6OWM5eUVPVXVxdzFVQzdtel9TamJmblUyNWVMeXRiMGw4VjQ?oc=5"" target=""_blank"">Buy Larsen and Toubro Technology Services; target of Rs 4850: Choice Equity Broking</a>&nbsp;&nbsp;<font color=""#6f6f6f"">Moneycontrol</font>",Technology
"CG Pumps launches SmartSENSE – cordless water pump technology - Construction Week India <a href=""https://news.google.com/rss/articles/CBMiZkFVX3lxTFBRX0Z5enRkYTBYRWVWenVwNWV0QXRGdnNFazFpTlFmWWZwSjRyV2FqN05SeklkYUNqb0J0ZUR2WjZZNHZwR3RrMzBYaHFHVDFmNm5lTU1nZ3VFYmllU2hsUmJNdkVnQQ?oc=5"" target=""_blank"">CG Pumps launches SmartSENSE – cordless water pump technology</a>&nbsp;&nbsp;<font color=""#6f6f6f"">Construction Week India</font>",Technology
"Rheinmetall Achieves Milestone in Hydrogen Technology: First Major Order for Storage and Transport Systems in Sight - Fuel Cells Works <a href=""https://news.google.com/rss/articles/CBMi-wFBVV95cUxQbHhnVFpTZ0VFZjV4R1prN3l2MXB2R2E0R0RPWVJRa2djZVk5MzBOc2RBMG1VV3RHVDBmTnJ3NnN5NzZ3MFc0N1hXaThDd0dBS1NWUFBaRkpKUVpGSlZhZzZ3UzdKb1VUYU1OX2RfcDdlZEE4YzhTVlVlVUtmeVlLTTdpU3VwU0NwdThEQ0RPcmFEOGs1NUp3eG5XSmlWY0N1ODZDaE9wdGh2d3c4ZTdZREZ1bTg3ZVAwMlRVajY3bmMtSHBJeFg2U3paempPbDBpbE9nbkh2Q01IRW13LXpFWjJpVE1aQTZIdU9KOFV2UVQ5NW90czEyYU9sVQ?oc=5"" target=""_blank"">Rheinmetall Achieves Milestone in Hydrogen Technology: First Major Order for Storage and Transport Systems in Sight</a>&nbsp;&nbsp;<font color=""#6f6f6f"">Fuel Cells Works</font>",Technology
"How digital transformation augments smart building technology - Engineering.com <a href=""https://news.google.com/rss/articles/CBMilAFBVV95cUxNdzZsYUx2ZHVxcFVxbGJjT04za2NJeDJDdVl4S0FIZWE3eUYzZ0NlbnpLY2gzR2Jhd3E3RlluU1hIMlgwRG9sdko3QnFDT2lNZDNUQkExYzdVUnVORUw0WXo0WnJzOE11aEVnYkV1TVlOVW16bW5xa3ZHSmE1Tlh2ZFNBWktCLV9lTHdZRGN3T2tmcU5F?oc=5"" target=""_blank"">How digital transformation augments smart building technology</a>&nbsp;&nbsp;<font color=""#6f6f6f"">Engineering.com</font>",Technology
"Portugal's BeyondComposite teams with Grupo Protecta to bring its technology to Brazilian market - Janes <a href=""https://news.google.com/rss/articles/CBMi9AFBVV95cUxQQ1RHTDNiOXBPQlBOejhfeWpfNS1UTjFSbVFxem9UYzVNMmZ0TjIyRnN2Zjlvc0plaEtmRXZZV0JmNkxvQWlwZWw1SWc4RV9BLW5acmFoWkppN1R6eF9tREZsUWdPeVJxanJ6aXFlM2dGU0VJWHhVZFpPcUtSSkpjNzJYbk1vRlhVdjl6TmhHakg0YVZZSUNYOGF3ZHhRWkZHdldkQWZ2SWhxQ1p5U253VURURGpycmJjOE1YbklQZVE4RS1LUGZXbVlIcm9JWmlrekVacGdrZzZvdFgzTnJvRWlGa1ZmNGNES2tMVGRaOEhFUEhn?oc=5"" target=""_blank"">Portugal's BeyondComposite teams with Grupo Protecta to bring its technology to Brazilian market</a>&nbsp;&nbsp;<font color=""#6f6f6f"">Janes</font>",Technology
"Exactech Marks Global Milestone Using Industry-First Ankle Navigation Technology - PR Newswire <a href=""https://news.google.com/rss/articles/CBMi0gFBVV95cUxOSUNtTkRjN0NNMU5RLUwtOEhxNFhya2QzOFd4U25YNWVZZllxSHdaWkZOZjBiU2h0UkJsOHdUSEQ3X3REVENycTdXajRQOHJSRndPU1hFTmF2YWRSZUI4ZEpQS25oNHlGVXlqc3NGN0FfZmlQeElNa1J4bVRJdkxxWXlwUWVhbVhBNzdhekxSN2NwWTJ4TVdjcUhoOUF2U3lGZU5Wa293eFBoR1VFS0Q2YjlFNkJTc1BDVl9wVTFrMzNWblpfTzdPNFdQS05ZSTZBRGc?oc=5"" target=""_blank"">Exactech Marks Global Milestone Using Industry-First Ankle Navigation Technology</a>&nbsp;&nbsp;<font color=""#6f6f6f"">PR Newswire</font>",Technology
"5 Ways Drone Technology is Revolutionizing Urban Building Maintenance - Dronelife <a href=""https://news.google.com/rss/articles/CBMimgFBVV95cUxNRElSNWx3b2M1TzdLdXZxeU82eGFXdW0zQURNSGIzRFY2YkhHelpTUGpBREVlcFY4dUFGMDhlLTgycEZWOE5Ka0N1Wm9teGNjQWYtY2xUUHFZQmw2NlMxSFhXZGhSTzFGWW5ibGdkMVNDVWQ5ZE1YY0wxUEZDY0d4R0NCd29CU2FXcEd5dDg5eFhfelhQUG56NlJR0gGfAUFVX3lxTFBLODBKdWNQM1ZwbjV4bGJfSUpsY2x5ZG9QWFQxNUwwZnJ4a2VoNS04TEF6T0pTNWg5WG9EYWRHYmg0dnl1TGtBRVdkUFRHRDV4VGRKQ1RYbThXci05enFxRl9laTlCcXoyUXNxaGNtSFhlT2dCa1g5YjRnb0ZzNkNHSGplUlVDbE1iTm1ubFNvMkFSQ09NQlJoM1VBUmdQbw?oc=5"" target=""_blank"">5 Ways Drone Technology is Revolutionizing Urban Building Maintenance</a>&nbsp;&nbsp;<font color=""#6f6f6f"">Dronelife</font>",Technology
"Arctic Wolf Promotes Dan Schiappa to President, Technology and Services - GlobeNewswire <a href=""https://news.google.com/rss/articles/CBMi2gFBVV95cUxPS21NMXVVMEl4TUswSmF5ZXcwWXA5am1Wdmp0N0U4bFNudzNzTTdYMnBjcXpIVVlNNmdjMk5VQzNLbW03OXVLcVlKQ1NrdHlFY3F1TTlQMlNCam5iYXVRb0FvU053UU9mSWE1cTVmYmZzY3dEUl9melBQU0w1ZXpRVmZUNnJtRTI3RUt2VzRQcVEtZHFRNWptMy1aTWhvemQyZkhHdGFsVHZCeF9LV2kxSUZDVVNPZy1ETzRnWmlpSnBXa2VwbGRQOC1iWUxrZWxVZG5JNS10cUliZw?oc=5"" target=""_blank"">Arctic Wolf Promotes Dan Schiappa to President, Technology and Services</a>&nbsp;&nbsp;<font color=""#6f6f6f"">GlobeNewswire</font>",Technology
"ZF Introduces Advanced Electric Range Extender Technology Set For Production In 2026 - DriveSpark <a href=""https://news.google.com/rss/articles/CBMipgFBVV95cUxQemRrbFp2Sk5MUHBiemRhWTNYakl2OFd1b194SmxES1cya3ZPaU1oLUFraTdic2lERzAwT3hzLWg5Q0ZsTXpvNThRenpnOElTVFJRWHBBbktxYkJVaWhBZ0dGTHJwMlVvYzlUN0x0eGRnbG00U3pzMzF0Q2ZvOHBVbDVrUHk2MzlJX293bk8yMWlJYnVNVjZOTmNSSEJrNVhsSjFzcThn?oc=5"" target=""_blank"">ZF Introduces Advanced Electric Range Extender Technology Set For Production In 2026</a>&nbsp;&nbsp;<font color=""#6f6f6f"">DriveSpark</font>",Technology
"How Germany's THW Uses Multistation Technology to Protect Rescuers - Geo Week News <a href=""https://news.google.com/rss/articles/CBMioAFBVV95cUxNQUhUZk1BWEVPalBWRGlEZVNlWFpWdk9fVXh2YjZzS2x2WmR3bDVKMEhvOUU2U0FSRlY1TjFYbWZxWU1GNXNDakxfYV9hX0NNTUdLdzBOd0dDODB4MnVCeHZuZ2RSa3VucHB0bnZmcm9uSFViNVdQNGlxQ0hZc0wzTlg2cWtqdV9waDlVZ294Vnd4ZElqM0MzQ29VZ1JNZUFD?oc=5"" target=""_blank"">How Germany's THW Uses Multistation Technology to Protect Rescuers</a>&nbsp;&nbsp;<font color=""#6f6f6f"">Geo Week News</font>",Technology
"950 MW DEWA CSP project wins the SolarPACES 2024 Technology Innovation Award - SolarPACES <a href=""https://news.google.com/rss/articles/CBMipwFBVV95cUxOZDA4VVU0MHBqOHB0bWE4bnoyRmlpZ0pMOEdlOVNERXVfWWQ2VTNud2JuS2dERUZmQXpSb1l6b190LTdSZ21qSEY3aWtuZmMyd1kxbmZoakdJUlpqNkhyQ1luWklQLVRQVV83Q25tbnViS2JsLUt2MHhaTEttRFhhOXM0Z295Xy1yLUZZdHNrZ2NiWl8wMklpVjJZMzBGQWphUEt1ZUNnVQ?oc=5"" target=""_blank"">950 MW DEWA CSP project wins the SolarPACES 2024 Technology Innovation Award</a>&nbsp;&nbsp;<font color=""#6f6f6f"">SolarPACES</font>",Technology
"Education Technology SaaS Tools Market Size | CAGR of 13.7% - Market.us <a href=""https://news.google.com/rss/articles/CBMickFVX3lxTFBlaDVpMG5sV1YzWWlHbjliR2RHZmJkSEZlZ1ZhVFdPNG9OU0RWNEd3QVpBTjlhWkk2bnF0YUVDcmJvSHNhNkxyclpJS0dqcC1KczNIamRzelVyMy02UkhHek9qNzExSXQ5ai1McTZSRjhwQQ?oc=5"" target=""_blank"">Education Technology SaaS Tools Market Size | CAGR of 13.7%</a>&nbsp;&nbsp;<font color=""#6f6f6f"">Market.us</font>",Technology
"Steiger eyes new markets for flat knitting technology - knittingindustry.com <a href=""https://news.google.com/rss/articles/CBMijwFBVV95cUxQUXJreFpLNGlrX3BIZTU3YXNURHhJb3Q4VTZBYlhXSDQ3VjVNei1kMFZFcXFQeUpVTnl5dzNndUJtUURrTk81V3Awb2wzWVJ2NGpPZzZ3TnVnSFNUYzQ4TTFObk1KTzRoUS1mX3JiN3ZCVUNQVUZ5aU01Wk9PRHFDbzFVWmtRMEFNOUJKT3JlSQ?oc=5"" target=""_blank"">Steiger eyes new markets for flat knitting technology</a>&nbsp;&nbsp;<font color=""#6f6f6f"">knittingindustry.com</font>",Technology
"ARBOR Technology to showcase latest automation solutions at Automate 2025 - Engineering.com <a href=""https://news.google.com/rss/articles/CBMipAFBVV95cUxNQlZjTFdQMmJQNHRnWFlCV01INlR5VE1yend0QjB2dFc0Q2wyWG1wYkZCWXJOZTYwSHpSSW8tZnp6R2puY0VWYTNxalJpdU00QnJVaUl2eHA5T2NTN2Z1bVdmY21CY1JneUhPc0I0LWp1aVVpNFdjekNpcjZJM25vOHJzZ2FOX3ZZaHpEQk11d3pTektoZkFkWkdTNzhIVEh2ZjZHZg?oc=5"" target=""_blank"">ARBOR Technology to showcase latest automation solutions at Automate 2025</a>&nbsp;&nbsp;<font color=""#6f6f6f"">Engineering.com</font>",Technology
"Smart Factories: How Technology is Revolutionizing Manufacturing - Global Trade Magazine <a href=""https://news.google.com/rss/articles/CBMimwFBVV95cUxOYUtJTHZTMUZrLTFQX3hrMzFrcHVEbGc4QW5wMzEyTnV0czdIMkRRUElodlBTeDhhMmdJZ3JOaUY3Vmxvd2FaRmFKa1FYMnFJMVNrazI1RFdXVk9nZXpINjBHZy1Ec0N1Z21id0xmQk1sMnl6THg1dDUtQ1E4SU9ST191X2syaXpSTzhvZTkyN3V5U2UxVHZSa29KSQ?oc=5"" target=""_blank"">Smart Factories: How Technology is Revolutionizing Manufacturing</a>&nbsp;&nbsp;<font color=""#6f6f6f"">Global Trade Magazine</font>",Technology
"S2C and Andes Technology Collaborating to Accelerate Advanced RISC-V SoC Development - EE Times India <a href=""https://news.google.com/rss/articles/CBMisgFBVV95cUxQdXBKYV9YVExiQ0lxcWZ4TTZNcWRFOUZfMFU0Ul8weTQwcDRaNjhNTi02cGszbnUyZ05EOG9SX0p6QVJtZnNncVJlSWZuVVZRQmZCVTA5X2pMUHZZY2xhajJFOFBhNmVzYVRWNGhsTUtXOUE5ZUd1R0JrbldMbnc3X1R5WC1QUHNqN1dSOUN1VDFLakZUaXFuenh2N3g3a2FqLVE3bXM2OGxBWGY2NkdQRmZn?oc=5"" target=""_blank"">S2C and Andes Technology Collaborating to Accelerate Advanced RISC-V SoC Development</a>&nbsp;&nbsp;<font color=""#6f6f6f"">EE Times India</font>",Technology
"The Supply Side: Technology keeps changing the supply chain - Talk Business & Politics <a href=""https://news.google.com/rss/articles/CBMilwFBVV95cUxPdXdiQXJtZE5oZ0tjLW9aaV9GQWZjUTduNTlianA3bFA0c0w1b2NSTkFNUTh2MGJsS1hWeE0tMjZmQ1hCNmZrNDVSSG56bW54S0RBYWJaVVJZUDBTX0tYSkFLNmd2emIzbWNEbjVrdERVNGo4NDhZMFhlRkw4UVN1Vk1oWFhEMXJocGo0UkFENncxcnExVEtj?oc=5"" target=""_blank"">The Supply Side: Technology keeps changing the supply chain</a>&nbsp;&nbsp;<font color=""#6f6f6f"">Talk Business & Politics</font>",Technology
"Boca Bearings Expands Industry-Leading Full Ceramic Bearing Line, Reinforcing Ceramic Technology Leadership - PRWeb <a href=""https://news.google.com/rss/articles/CBMi5wFBVV95cUxQSTFnSlhJcVNWUkh2dlN1eFFaT2RENy1Uc2V4Y0RySU9haHBWemdkTlJyS0hEUFRZUGhuZ2o3ZzN1R2xRQnlpdUFGSExnYjlvUHhsNnJWdDJZZVA0a09SWmtWOGlBN2RjaWRhQkUybFdQbHpvSm1PNmZCaG1CNGFBeGVFWWU0QkFjWjFKS1pPZHItRTdXWW9wZmZSX1FORzhfTVZWaFlrdlpHVFRGaVpyYXp2RjVoZXpZS1l3VW51MXIxTk00TkNrVF9DYU5IVEVvWkZGZXR0c0FtejJzWFVKUEpkZFN4eUU?oc=5"" target=""_blank"">Boca Bearings Expands Industry-Leading Full Ceramic Bearing Line, Reinforcing Ceramic Technology Leadership</a>&nbsp;&nbsp;<font color=""#6f6f6f"">PRWeb</font>",Technology
"KPMG Acquires Metaphor's Technology Platform to Accelerate AI Adoption and Data Management - Newsfile <a href=""https://news.google.com/rss/articles/CBMizgFBVV95cUxNemRNM0FBSGhzQmN6eUFKaTgxNUhpcGFqSXFaNmxDVjBfbmt6R2ZiZW9CT3JQazdMcU5FNURzLWxia1NFYlAwZ0dnd0hqcU1iTEVjNWVGVnc2YjNWb0hadXA4OFJmTDdzNklQc19sZ1JJcnBhMHBranlYWVIyaE5IMDhUbjllR0xpRkdsM2tPMVZQeGNyR0xwdmFOTHpzbVN6enlyM0FCelk0Z21heW5abmZjNV91dGZ5c0VRVnUtSmliS0JvREZnY0IxSHMyQQ?oc=5"" target=""_blank"">KPMG Acquires Metaphor's Technology Platform to Accelerate AI Adoption and Data Management</a>&nbsp;&nbsp;<font color=""#6f6f6f"">Newsfile</font>",Technology
"Using Technology to Elevate Hospitality - MarketScale <a href=""https://news.google.com/rss/articles/CBMipwFBVV95cUxOcUpiQ2lBa1JfZ2tyYUZSTXBWdGFjQ21DSjdYVmJPMUIyRmxwcXpjdmNldWlfTkU5VUhaWXBNZ2R5NGViQ01BRUZva2VFQW1icWlJMmlSWGVfTkozSFZnNi1pZGIyNlRESnI4bFRnYW1KMGd2N3NxQzQtNk9GNGlLTk04R0hfSlAxY1A4X2dUUkxQN05CMXFmV0UtYWxONl9ObDlybVUwaw?oc=5"" target=""_blank"">Using Technology to Elevate Hospitality</a>&nbsp;&nbsp;<font color=""#6f6f6f"">MarketScale</font>",Technology
"“Technology will help employers to analyze under-utilized resources and to automate tasks” - Leaders League <a href=""https://news.google.com/rss/articles/CBMixAFBVV95cUxOQ2ZRRVB4ZnY1cXpCS2V5QVJMa196NXdhUWFyaUFGdkYwOUpSZTc2RFJWaXNXSUVlUUtPLVNwbEJwUkV2Z2Z2N1NTX095bHFPWnRXaDYwb00yaHktNWxMU0M4QXFMZGYwRzNqMnhHVmowRVcxdHJtbDdfanVrbXZfTnZwU1BDM0hHclVzZk1zU1hOazdpN2FBdHRnTU9BWW9FcmgtdlJtX3lNTmdfTnhJQ213Mkx3eWZFWi1FTC1xRjFKeGVz?oc=5"" target=""_blank"">“Technology will help employers to analyze under-utilized resources and to automate tasks”</a>&nbsp;&nbsp;<font color=""#6f6f6f"">Leaders League</font>",Technology
"EU microchip strategy ‘deeply disconnected from reality’, say official auditors - The Guardian <a href=""https://news.google.com/rss/articles/CBMiwwFBVV95cUxNOVItbHFJUWZNemUyV3BKZjFBdUp3QXdTZm0zRG01VlF2NG9HUUVxcHE5Wi1IZFJvQkl5cW0xSGVZa25CX21mRDNvdlgzZWlpVFI3ZjFEWmp3RGFEdFR0OU1kVHlDNGdVRnpPNy1OZEZqNjdMT3dDLTgwYndkX2tSZWRZMW10SzhPS2pYdG1HSkV1X3J2Q19NYVdsXzFuQ1NSTHNITmlRS0l6SUpMejRHODR2YW5rUF9MUTdYSGhpcVV2bXM?oc=5"" target=""_blank"">EU microchip strategy ‘deeply disconnected from reality’, say official auditors</a>&nbsp;&nbsp;<font color=""#6f6f6f"">The Guardian</font>",Technology
"Mann Govt to Ensure Greater Transparency in Transport Services with HAMS Technology: Laljit Bhullar - Yes Punjab News <a href=""https://news.google.com/rss/articles/CBMivgFBVV95cUxQNUdfc3ZWRUM4RzcxVGkzMGVmcmw2cGZBUjF3ZU9ETlJoYTd0WE5ZeS1RakZldnlERHF2eUlJQjd6T1oyNXpHNVoySldPNEYzSzBrSnhQVmNqbFBmQkx4TVFCc0ZZeTNpWmhUWnFLLW1QY3BxZUxpRzU2U1FIVEcyTTVhOFVFb3BwWF9pQ3NXaTRjb0Q0ODJLcG1vRVBvWmpFVWM4RXM4Q3JKMzMzZ3V6NE1kTDY0WFZ1SlBpUlJ3?oc=5"" target=""_blank"">Mann Govt to Ensure Greater Transparency in Transport Services with HAMS Technology: Laljit Bhullar</a>&nbsp;&nbsp;<font color=""#6f6f6f"">Yes Punjab News</font>",Technology
"Critical Vulnerabilities Found in Planet Technology Industrial Networking Products - SecurityWeek <a href=""https://news.google.com/rss/articles/CBMisgFBVV95cUxOLWtwWDBqVTZ5c2tocHpNdWxteUlxaU9IbWxndEk4MVNuZXlHa2tWSEQwZ0k5bVMySUs5cmFNbHA2ZTV5dkg4VWZ6bmZDSHp0UkJ6M2FtUHplMDNpcUVtWDk2ak1EV2JsTEFYSkZqQTYwUy1ubWY1MjV1d3lRT2s2RTB3ZS0ycXZucEZIMVNINWdiNjVGOXZ6aUk5cWxMNXhUT0VYZ1Z4R2g5SDJtUmxZS1dB0gG3AUFVX3lxTFBjM1FOeGYxMXFLdTJPTDlPbGxGeVRWM2xqWXhCSXJ1cmZvZ01DRlhtNndIQmhKWGYwcTNmT2ZxeV9QUWdXZUthYXc0eEFTWmhta1RzRE1kRlpnbFctWTNCenhEVk5BcEhzYzh0RWZfbDVzeFptaDh2dnN2S2F4SGtqSHBVeEh0UDVkY0o5U19VeWZ1U2Q3WllzczE4SGdkTzZnN04xSEx6Y19WNXRDN05PazluRmd3RQ?oc=5"" target=""_blank"">Critical Vulnerabilities Found in Planet Technology Industrial Networking Products</a>&nbsp;&nbsp;<font color=""#6f6f6f"">SecurityWeek</font>",Technology
"Navigating the powerhouse: China’s technology and electronics industry - china-britain business focus <a href=""https://news.google.com/rss/articles/CBMilwFBVV95cUxNaWpzQzUyRDYwV0dPdzVVbHA4N2hsOTdGMGVuYzFpR2dDcGxOaWlXR1djNWVRdVkxRlc2NXczR3VPQ3BqWngxbjZuS2RHV2J4WWJESlFzekpjdjh6OWlzZEZJM21vSEpoMk5YWHVoSTZWbFg0clZsb1c2N0I3c2hHMEZTX25qYUFVRmZwTlRyQ215V21JWV9V?oc=5"" target=""_blank"">Navigating the powerhouse: China’s technology and electronics industry</a>&nbsp;&nbsp;<font color=""#6f6f6f"">china-britain business focus</font>",Technology
"Suzuki’s New HEV Hybrids To Offer 35KPL+ Mileage! New HEV Technology To Power Fronx And Baleno Revealed - news24online.com <a href=""https://news.google.com/rss/articles/CBMi1AFBVV95cUxPcWx1bWpKVVhUNnBFa0c1V3V6NDdwc21SNktHMkFVX3BLR1IxOVdIYTgzMjBuUmlRdENaNThtTC00TFViXzB3ZXNPaFlhUHlzeURXR3BtRlJINnBiTFk2eVBPdUZUNEFRVlhfM2s4b1NtYm1NR01KazQwOXl2WThNVFZEVnBRVVhUc01WangwTlZCLW9GOHEtT1FLVl83N0FrNDQySXlYZTlWdkQ2emFoQ0hLX1hINkN1ZkVXRjZZMnd5TnNYRmdzejY3UjJ5OWFuV0xQZA?oc=5"" target=""_blank"">Suzuki’s New HEV Hybrids To Offer 35KPL+ Mileage! New HEV Technology To Power Fronx And Baleno Revealed</a>&nbsp;&nbsp;<font color=""#6f6f6f"">news24online.com</font>",Technology
"Technology’s role in furthering sustainable travel, economic inclusion - PhocusWire <a href=""https://news.google.com/rss/articles/CBMijwFBVV95cUxOX3VrNmJxQTdMaEprZThCckNsTG1EcDluRHpiTUJZZXExcW9kUWh0dW5FMFhpandGZmN5a1M2cDdkYzY4QnpGWVlMdWVnOGprejFVM0lCdUR0MnRyVUFNeUprLXQtNUZuckxwMmY0SWdwNGJHVFpqOWZvMkJid3AzR1Q5b3oyQmZrbmRSSzRwUQ?oc=5"" target=""_blank"">Technology’s role in furthering sustainable travel, economic inclusion</a>&nbsp;&nbsp;<font color=""#6f6f6f"">PhocusWire</font>",Technology
"UBS unveils new Workplace Wealth Solutions technology for global stock plan issuers - Silicon Canals <a href=""https://news.google.com/rss/articles/CBMirwFBVV95cUxOV0JBS1NFWldtSnR3Rk1VY2R1LXQzTkp6RU9TY01seTJ3YlF5UThCVFoySjJ0bG82Q09rWTM1bHBuSDFHZjNqdVFzb1Vuc19hYmFLckQzUmVKVlJqdjEwSXhzY1YyTmtZSnRETnZodHJsZFJ4WENITExPNFBqRU14TXNWVXRKZ1l2OUtBTUc0OEgzcU5oR0txM2EtZ28xd1JuWkdUUm45THhwSkNNTkRV?oc=5"" target=""_blank"">UBS unveils new Workplace Wealth Solutions technology for global stock plan issuers</a>&nbsp;&nbsp;<font color=""#6f6f6f"">Silicon Canals</font>",Technology
"Lucchese Bootmaker deploys Teamwork Commerce omnichannel retail technology across all US stores - Retail Technology Innovation Hub <a href=""https://news.google.com/rss/articles/CBMi3wFBVV95cUxONHlLQ0pYYUc5a2xUZC1qTHpMaHpxdnFHbUExWEZIRElCc1VTTUp0YnZ0X3U3emdGa18ydllyLTM5N040VzVSTDJVSFpzRjdteUlxdzhGYnhTX2JmSmwwQmtOMUdQeTdGd015T0RBNkFKajVGb1BuUEt6cnZUWFNRbi1zUW5IaEJPZjRTZWFHNkNra0QtUml3VnU5LVo0TlRSSW9kRFZGVHFnNDBESjdycGJTVlJHbXRHcFVmcWJWb2VWU3ZTcjEyLUNqb2RwVE5ZMTViTDlQTWtIcWRkZnA4?oc=5"" target=""_blank"">Lucchese Bootmaker deploys Teamwork Commerce omnichannel retail technology across all US stores</a>&nbsp;&nbsp;<font color=""#6f6f6f"">Retail Technology Innovation Hub</font>",Technology
"Negative effects of technology: Psychological, social, and health - Medical News Today <a href=""https://news.google.com/rss/articles/CBMifEFVX3lxTE4zMHdxdjRLa21FX1dlWkxwSlAya0ZpVVBhZlEzZ0M3Njg5UEVtRnk1dF84czVzRGdPZ2xfMHNCY3BtWVVRSXJxc2RTSkFXelVSakcwYk9PMnk3M3JUdnk5cVJUbmxoQ1pmdjNpY3I3Mnd5Y1NXY0dkLU01bno?oc=5"" target=""_blank"">Negative effects of technology: Psychological, social, and health</a>&nbsp;&nbsp;<font color=""#6f6f6f"">Medical News Today</font>",Technology
"India tests scramjet engine for over 1,000 seconds in hypersonic technology leap - India Today <a href=""https://news.google.com/rss/articles/CBMi1AFBVV95cUxQcXFfanRCUTFva2ZMc3RZdGhRQTllRjJjd0JjOHZ3dDZIZk02VDVVSG1QX2tXc2NxcmgwYlpKOEgzbThtdFZtdEpJUjh1T1hhLVBiUlUzQ1duejVaQ1lVRmxCZDdnajc2RDZsRURkbGFsTFVQT0Z0c2lTZFo1Nm40ODJDcEd1bFNWWlpQbm16eDJ4MHlvQnJ0YkVfWnpBOWhwREdJbTJuUWxjNHVEbU11MEhEb25pMkJNLUN2RGR5WDRiMzAtTmR2Z1F3RnRWekJsTXo3UtIB2gFBVV95cUxOMmhRZ3YySGRycDg4TFB5a0VvUnFHUUxPUHRsVjB1OWg0Tk5OSDdnX04ybGtjNEpSMnhFX0xabnFMLVNVeW9MZy1fTWpEN1BIekZEUktWamhZQjlkOG1xdWhJUjZXQ0kydlJqZG9hbm9KM0dlSmEyTnh5QzVpUXQ2S0U1TWdXQVNfTTI3QkhRRlNESF9lcEhtdTMwYkJwNDFKQzZwTGF0WUhMTjFhdHB4YWRjWUxhYTFIVm1KYjg4cEdHbG1DVDlnc216ODRGbE5SV2N6b2hocEV5QQ?oc=5"" target=""_blank"">India tests scramjet engine for over 1,000 seconds in hypersonic technology leap</a>&nbsp;&nbsp;<font color=""#6f6f6f"">India Today</font>",Technology
"Only five days left to enter the Women in Technology Excellence Awards 2025 - Computing UK <a href=""https://news.google.com/rss/articles/CBMinAFBVV95cUxPdkdKSzlSWXozanhDNUpzZ2dWTHZzOHB0QTYtcnRSdi00TkZyRnNUS29hdlJjdVpjZXdqUEFmaEg2ZmJhYWVFRGo3b2NhZzVLVkV1Ml9tS09wZWtQZkNYcGp0OXk0OXo2Y3dKb21hRHpIeUR6dlV2UFQzSjVfT2Y2bVRYLVBYY1F5aTlWN3ZGU00wOHhod1pQMElRMkI?oc=5"" target=""_blank"">Only five days left to enter the Women in Technology Excellence Awards 2025</a>&nbsp;&nbsp;<font color=""#6f6f6f"">Computing UK</font>",Technology
"Open source technology in the age of AI - McKinsey & Company <a href=""https://news.google.com/rss/articles/CBMipgFBVV95cUxPSVNzZVdicjF0YkZJbkdvWC12X295LVEyS0Q5NnZObzBJT2VLR1N4T1d2NnNfb1RwaEtWNmRuS2V0ZnpLTmpNMVNOc21UczJnSV93RjFHRHc5dkJWS3RLNlhUaVB1WFhLOHlLa3RKZm9NWlk0NWVWdGVNSTA5QlVBcWVNUlRFWUZyd0hSYWdDUE4zMWlWZ3IxQlJLMUFtZ2FUeTJ1YTV3?oc=5"" target=""_blank"">Open source technology in the age of AI</a>&nbsp;&nbsp;<font color=""#6f6f6f"">McKinsey & Company</font>",Technology
"A New Technology for Making EV Batteries Faster, Cheaper and Better - Supply Chain Brain <a href=""https://news.google.com/rss/articles/CBMitAFBVV95cUxQOXZiWk1QeUczNndJX3FKMGJpOUlXS2pCa0pmWkhPT3JxRGFJSTduOWtwdjJiRFA3Z2NtVElpWXB4bzRqY3Z2ek9KTEdjSV9uQ0hzVzd2emJvSXlmcXYyekxQd3FPSklkWmd6Umc4dW9WekRjSXo2YVh2VEJJeEVXYlh1UDlmWFVqSi0tWkxyMERXZVpVM2thbldJeXJuTTg2MVU0c3Bjd3JCazJubG5oM3ZZd3o?oc=5"" target=""_blank"">A New Technology for Making EV Batteries Faster, Cheaper and Better</a>&nbsp;&nbsp;<font color=""#6f6f6f"">Supply Chain Brain</font>",Technology
"Rigetti Granted Air Force Office of Scientific Research Award to Further Develop Chip Fabrication Technology - The Quantum Insider <a href=""https://news.google.com/rss/articles/CBMi5AFBVV95cUxOVW5VX2tIcjNZeThubk1yUmZFRGhKSzRYdjZsaVhZT0UxWXhsV29pZ0NmZFoxWkVVSll2eHlIdC1FZ3dDcDVtbHUydVhyUjJxcGFGWUJjY3BPUHJYY2Nhb2hoSjJJMDg4SnpEQnJkVGV0SjNwc2lVQ295ZHpSVC11REM5SFJWZ2U2VmZhSUs3UEExUFBUb05CaEJxTTQ5SXl1ZS1vQlBCaXI5TVJJZ0I2THZ5ZHE3dkNvcDdqVWtvUkw4MklmUFRnQ1R3OWJrNjhSSG9WSElPTUxMT21MUjI0eHJYYlE?oc=5"" target=""_blank"">Rigetti Granted Air Force Office of Scientific Research Award to Further Develop Chip Fabrication Technology</a>&nbsp;&nbsp;<font color=""#6f6f6f"">The Quantum Insider</font>",Technology
"Cvent Acquires Spatial Event Design Technology Provider Prismm - Hospitality Net <a href=""https://news.google.com/rss/articles/CBMiXEFVX3lxTE9QdUU1RUQtWFZpdVk3REZtQ0FmWE83YnVsdExLS3pSZGlfNUh1SzRVQ19qcEptVzU4MHVxZHBzcUl6T01TQ21xTkduX2gtR1RJNThrZTFRU2hwZDlE?oc=5"" target=""_blank"">Cvent Acquires Spatial Event Design Technology Provider Prismm</a>&nbsp;&nbsp;<font color=""#6f6f6f"">Hospitality Net</font>",Technology
"Utilizing advanced LED technology, Sunroof Luminaires presents an innovative lighting solution that replicates the experience of natural sunlight within indoor spaces - Global Design News <a href=""https://news.google.com/rss/articles/CBMioAJBVV95cUxPcFJTb0JVQ1NJRGt1TWhqVUtZN3JMVkZMcUVfcXZoREM4NU5kbGJQZ2hvSWVRSUxBQ2pXSWJFM21OM1VJaFpGUDRKeG1qNzYyckxYT3NvRzFZS241WmpfY3lKWnQ1Y2pYdzk4aWItT3U2SkJYVEdmUE83UFlfa3liN0NJcmZueVZlWlB3TWJCdGl5TWEwdGpqZkNmOEVoWlYtaC1FeTBoRWpPQ1FiVGY2bTk4VDRwd3Z1eHpZUEd4WnhETDZhVkJmUXJYcEFzbFE2TG9sZ043WGhZMDlKaEhQSm1Fa3BkOTg1QkN6djVyUVZqZDduU0I2d0hBbmxKaFdVX21FR1Nsc2xEWDdZYUJaUkZaNUpCZlpMV0prNkgza0s?oc=5"" target=""_blank"">Utilizing advanced LED technology, Sunroof Luminaires presents an innovative lighting solution that replicates the experience of natural sunlight within indoor spaces</a>&nbsp;&nbsp;<font color=""#6f6f6f"">Global Design News</font>",Technology
"Lufthansa Group launches Tray Tracker food wastage technology - Inflight <a href=""https://news.google.com/rss/articles/CBMimgFBVV95cUxPTGg1SUNVdGZ5UHAtbkk3dkFCZEZyN01jclpoNDZNVkRFbXYwRWtXYWdVQjFISDY0ZTFvX0RlVUxMdENwQjN6SmU1cEFBVVQ3QVFESkd3UXpVUXVlVXlhUk0ycllwVWRqQ3dOVkktSHhqWWFvaVBOeGtfbzhlMTc4SmNXbmZaM25FMHZMd20zWWhnVnlDWFFnMHJ3?oc=5"" target=""_blank"">Lufthansa Group launches Tray Tracker food wastage technology</a>&nbsp;&nbsp;<font color=""#6f6f6f"">Inflight</font>",Technology
"Range Rovers and Digital Innovation: How Technology Simplifies Buying Luxury Cars in Dubai - Analytics Insight <a href=""https://news.google.com/rss/articles/CBMizgFBVV95cUxPbzFIVkFxT1lTejRDdWhjREJyN0hIbmRiUExseE5WTnpwTUZ6dXV5M0NwUVJudjVscTh2LTZDeEpSZmxZMm9vZWY0RTFST3RsaDF3U3QzNUJwcFNIWU04d1JUeTVuWGNPaGZ2dG9iS1k4WjZmNlhVY09IVjBuTUk0Qm5KZ2NWYmZwenhkNms3QUZPOHNIdnpXc2NRaFpiVEt4QmhSTDExTHF4Qm01RU1nM0FtZkQtNmVaalBuaGNxU1pyWXRxMGZBSW55S3llZ9IB2wFBVV95cUxNTC1FcWJnc1JKNnNnQ2hScWZNM1RDT2lESDhjNy0zTmg1Z1FZcDdSUEhaQlBELUMxbUVBMTZZQjhIaVBZTWZRSFQtbU82MzhWQlJVYnB0MWhLb3M2UEU5U0FnQmFtU1VfdWd0cWRBRUd2dUp4U1ltNUpZRUc2N0pWWXBIcWpHaWIxdXFsSll0ZldqSHI2ZW0wR0tpcjA4QXZac0VUcGc2SzFsZ0V3WkJkZzFxb01US2hlSzBTTGgwTl9CLWMySEJhdGRXcm50a2s2VFJHeV9Eb3diUlE?oc=5"" target=""_blank"">Range Rovers and Digital Innovation: How Technology Simplifies Buying Luxury Cars in Dubai</a>&nbsp;&nbsp;<font color=""#6f6f6f"">Analytics Insight</font>",Technology
"ReSource Pro appoints Paul Naquin to lead new global Technology Services division - Reinsurance News <a href=""https://news.google.com/rss/articles/CBMisAFBVV95cUxPbjV2R21kR2NneTQxaTU5S3N2Vy1QbklQeXA4VDBoNUdldUxHVHE0OFZJM1JjOGtQZUYwMFMtcmNOQ0xhWnV0TVRadERvZFQ4eDZCa3hKN005V0QtS2o1RXJzNG5vTmtQOVNfU0xySkd2QUJzaVlRbTNWRUpvUlJjU2NfNnRNam9CQ3E2alA0ZTlZVFJ4d3RXTXN1b0RYM3loWFQ2TkMyUjVGQVIyN2pYWA?oc=5"" target=""_blank"">ReSource Pro appoints Paul Naquin to lead new global Technology Services division</a>&nbsp;&nbsp;<font color=""#6f6f6f"">Reinsurance News</font>",Technology
"TSMC Unveils Next-Generation A14 Process at North America Technology Symposium - Taiwan Semiconductor <a href=""https://news.google.com/rss/articles/CBMiTkFVX3lxTFBWY3dycjg1NVJ5TXVINV9YYWVjWTdTWU56bkFrbHlGdEhnNlZyazVOTVhjYVZ1VkJIOHJtTGZRWEdwNzVIUVRxbHlta0dhZw?oc=5"" target=""_blank"">TSMC Unveils Next-Generation A14 Process at North America Technology Symposium</a>&nbsp;&nbsp;<font color=""#6f6f6f"">Taiwan Semiconductor</font>",Technology
"Optimizing appsec in the technology sector - IT Pro <a href=""https://news.google.com/rss/articles/CBMigAFBVV95cUxPWHNWODBhSm53cUF4c2tBdnBhc0xtbzlsMWtfRUxRUm5hakthLXVNbzN4SjFabnlzcTI4NlhTUDlJamFBaVFvS3U5Y3pLOUp1bmhfOFM2M0U1RlJvYWVOR2N3a0N2cFJrcGlkcUxBQWFHYmM0clJMMXdPVHItUzd6SQ?oc=5"" target=""_blank"">Optimizing appsec in the technology sector</a>&nbsp;&nbsp;<font color=""#6f6f6f"">IT Pro</font>",Technology
"Gartner Top Strategic Technology Trends for 2025: Agentic AI - IT Pro <a href=""https://news.google.com/rss/articles/CBMilwFBVV95cUxOVFNnZU5XOUc3dTNEUXNfZnNOVWpyYUtMTlRWUGlrZmlBYUdLSzFoQjlpWmdXeUQ2NnhuOGx3X2p1akRQRFdpeElFU19RUUxDSXpEVnJ0ZGpiXy16cGZ5Y1RMMUpUUVk5WnV1WVJqYzBCZzJLQUp5VDd1UXdVVlZSYTVqVmxOX3FPYW9VX1k4YmZMLU01cEp3?oc=5"" target=""_blank"">Gartner Top Strategic Technology Trends for 2025: Agentic AI</a>&nbsp;&nbsp;<font color=""#6f6f6f"">IT Pro</font>",Technology
"The Sustainability Aspects of Drone Technology - Commercial UAV News <a href=""https://news.google.com/rss/articles/CBMihwFBVV95cUxNdzBhVlY1M1JxazgzY2RfYjF4UHdabjEwLU5MVjhzcG9wd0luN3dvWXZNWE00WjNwQS03akNBWWhmYk9EMGVRQkZfTDZ5MzRvM1JvT1Q5aEh3akJvb0ZFNUp5Vi0wVWNkOG45bnVNYnJYeWRSb2xJRkRIR0tZckRFMGU0Q0ozUEk?oc=5"" target=""_blank"">The Sustainability Aspects of Drone Technology</a>&nbsp;&nbsp;<font color=""#6f6f6f"">Commercial UAV News</font>",Technology
"Egypt: Suez Canal for Technology Settling's consolidated profits leap 72.77% YoY in 6 months - ZAWYA <a href=""https://news.google.com/rss/articles/CBMi2wFBVV95cUxOX19TcFJZQWxqTWVoSmtZT0NXVGZnZWVYRDdyVnRGRG9jZHBiM2ZJdXc3dTJHck9nTDNURnZuaW00aXZiaEJ5QVdPb3Q1U005bkJOejNoQjkwd2xnOFJwVWNQbFRRT05QakI0X1JMQ3d4d0tXbDVOdm1VMkNfb05zbW5Yb1k2bUhVb1lzRk9WRnpJZ21MdG83a2JCQ0ExS0hleUl2Q3hoUmV5NldrZXItaUFlVmdNMThuT2YwaGIwSWE1WDhNSnJ3S28zaUpxMkpfYnJYaGlMYy1tLXM?oc=5"" target=""_blank"">Egypt: Suez Canal for Technology Settling's consolidated profits leap 72.77% YoY in 6 months</a>&nbsp;&nbsp;<font color=""#6f6f6f"">ZAWYA</font>",Technology
"Ban AI apps creating naked images of children, says children's commissioner - BBC <a href=""https://news.google.com/rss/articles/CBMiWkFVX3lxTE81Qm54RV90WmdweS1XR2VlS2hmR2cyWWhLNVpaYm05Y0dYMTczVXFQbDhWZWR2cERMNGI3OTF5a0QyN3hkTDhVSWlxaHlPTTR6ckVtdUxRZDlzQdIBX0FVX3lxTE8tREE5bDZ1QzFkVVVqLXNGbFdUcTZaV2NQenpTZDZQbG4ySDdFUldPbDRwLThLbFppVk5zOU1IeUx6LW5OMlRsNWd1bmoxa2pTbC1fM05mMF84Zmt5UnVV?oc=5"" target=""_blank"">Ban AI apps creating naked images of children, says children's commissioner</a>&nbsp;&nbsp;<font color=""#6f6f6f"">BBC</font>",Technology
"LiveU signs definitive agreement to acquire the business and technology of Actus Digital - SVG Europe <a href=""https://news.google.com/rss/articles/CBMizgFBVV95cUxPX2JxYTBLa1JDQ0w3Z0lzT3lTaWk2UXAteEJUeS02RmJUSFJIbFR3Tl9Kb1B4VzdxWmlfTzhMRjJoaDZFUUJtT1cxZnNJcVczejV2YWZ4bHJlRkY2ZkRldzNmU1RGZThua09JT0JvbUlhMm1nM05aSHBOQ2RsOFpzTEdHaGxrbC03TGNtWmZrQWUtTlpMRU14Z2lzRlREdXF2ZEVOSHl6U3ZubmFCanp3bW1iWWNpRzhpaXlfUUpoTkZsa0h5amZucENHd3RCQQ?oc=5"" target=""_blank"">LiveU signs definitive agreement to acquire the business and technology of Actus Digital</a>&nbsp;&nbsp;<font color=""#6f6f6f"">SVG Europe</font>",Technology
"Advisers fully leveraging technology outperform peers in record numbers, intelliflo’s eAdviser Index reveals - IFA Magazine <a href=""https://news.google.com/rss/articles/CBMiywFBVV95cUxOOVF0cXRZamJrX1BrOUtBdGR5MWVYVXZQNGF4V2NGbkx5eUlMYTNMbjI3b3VpYTJJaExJSlBRblVqbV9lVGQ2X0ZNVVFoMDI5anE3RTRjREhmb08zN0ZBRm1VNHV5cDJSdEJzZUdvR2c5amJTa1p0SXItUHUwMTVSTXdjaXl5WWFLc01uZXVFSGlvVzJSS1hOdDFLSkxnLW41bkhFdzVvdlZzaXZGY3VMX0l2QTdBTWE2ckszaE50M3NfVE1QeVBnRmxuUQ?oc=5"" target=""_blank"">Advisers fully leveraging technology outperform peers in record numbers, intelliflo’s eAdviser Index reveals</a>&nbsp;&nbsp;<font color=""#6f6f6f"">IFA Magazine</font>",Technology
"Basketball England engages PTI on major technology brief - SportsPro <a href=""https://news.google.com/rss/articles/CBMilwFBVV95cUxNbTJUVEJ4aTd2R1JJM1hCaWljOFJqZ1ExQ0pKNTJaMnNGQkhSNjlfek5WeXpXSnZMYmxQNXdMV1I3TzFWTm1QbFJTenZmYnNxOFB1Qndpakp3YXpxRl90YWZ4aUlwNXhYZUxTY3BmMjVqSVJZMHJsZlI1SnFab2NubGFVZzdwSzMxa3dLblVnTWpBQ1V2WlN3?oc=5"" target=""_blank"">Basketball England engages PTI on major technology brief</a>&nbsp;&nbsp;<font color=""#6f6f6f"">SportsPro</font>",Technology
"Technology Enhancing Sport in Africa - Tech In Africa <a href=""https://news.google.com/rss/articles/CBMidEFVX3lxTE9nSnVURTR5bG9YUFhIR1F4eE5adUFhaUtidU1nLVFFWjMzMXhFU25zcE0yYm9UQVRkSGVHWVZBRllfVl9aQlJkOTM2U1RYYVJfdDBTSHFXa0dfUERRS1RHWEtxc3dCQU5SNnIwQnRudldRTVNh?oc=5"" target=""_blank"">Technology Enhancing Sport in Africa</a>&nbsp;&nbsp;<font color=""#6f6f6f"">Tech In Africa</font>",Technology
"Robert Half Research Reveals Key Priorities and Challenges Facing Today's Technology Leaders - PR Newswire <a href=""https://news.google.com/rss/articles/CBMi4AFBVV95cUxQMXd0T1FEWmN2WjBkTWZFSmdIZWFkTXN2ZFU2UWhwZDJMS3U2RFhiNm9qTkxMUkZhQ0tDUDNCQ0NEWl9NR2FZMWVnRUlMWURLdnhqSXhmTVNab3lJdFlkaTRuTnREcmZ0Z0pRdTZLNG9mNnBuQlZ5Y2xJWEhzdlFOd19TN2hYRWU4OXJkckVOZXhlS1FVMmt4R3FRZlQwdWpnUzM4SDljdENNZ29Fc1pTcGhIWVlKcjVQZmdONG9YQlQ3dm84N3Q5VGkwSjlmTWJQN28xMVdyVlZQQlhaMnhKRQ?oc=5"" target=""_blank"">Robert Half Research Reveals Key Priorities and Challenges Facing Today's Technology Leaders</a>&nbsp;&nbsp;<font color=""#6f6f6f"">PR Newswire</font>",Technology
"New technology for well remediation and decommissioning - Alberta Innovates <a href=""https://news.google.com/rss/articles/CBMilAFBVV95cUxOamJvVnFjSXlqSDQ0aXlzMGZuTlhqRmpmalNlMm40UkFuek9NclJJRTV3Tl9LS3hVdWp5RVdIbUxXQmdvQUVWaTBQZmZ0ZGcwYnY3MnRibVR2cW5QaHpLdHV5SUpoVUI4Z3JwUmNiWnMtYVU5TGs4ZTVYUERpbzV4QnFEMVhqaWxsNkhfVDU4aDZFTEdm?oc=5"" target=""_blank"">New technology for well remediation and decommissioning</a>&nbsp;&nbsp;<font color=""#6f6f6f"">Alberta Innovates</font>",Technology
"Just Released: New UAS Technology Report now available to read - Shephard Media <a href=""https://news.google.com/rss/articles/CBMitwFBVV95cUxNUm02OVZqOS1rSGpDWjZMUjQ4UDhlVDJhTGVLSXgzU20wMjZ0azV3TXp1UWdlVlBKdUNsTmFIX3lNUktvMUJMZ0EyaExqS2lvTmM1VmszRERodUdkUEs2UWJiamFlRnlkdHkzdFlMbnlHRmNKeUM1TUJPZkFVOE1iRFZKRlNnNGx5cl9UZHhXWENsTUdxOUVTdUFreWJZX1dYNzYzdWFtbVdIUnJtU2l6RlU5cE5FdE0?oc=5"" target=""_blank"">Just Released: New UAS Technology Report now available to read</a>&nbsp;&nbsp;<font color=""#6f6f6f"">Shephard Media</font>",Technology
"News: NATO Science and Technology report identifies trends shaping the future of science, defence and security for the next 20 years, 09-Apr.-2025 - NATO - Homepage <a href=""https://news.google.com/rss/articles/CBMid0FVX3lxTE5HX2ZmRUtERmxKSjdyYWc3XzhDSzVEcnFEZFhuRkpFREdnQmFRVDcwczZGZzNzd1piNnhzbTVsVllQLW80c1BlTng1NDNLNzBmYnJ1UUVPZVEybElVMjlpZ2xtNnB0N3FUQnNHS3lTTWR1ejNuM0V3?oc=5"" target=""_blank"">News: NATO Science and Technology report identifies trends shaping the future of science, defence and security for the next 20 years, 09-Apr.-2025</a>&nbsp;&nbsp;<font color=""#6f6f6f"">NATO - Homepage</font>",Technology
"The Importance of Technology: #5 is a Must-Know! - Simplilearn.com <a href=""https://news.google.com/rss/articles/CBMibEFVX3lxTFB1RHJzOFc1SDF0NzdnMmhkMVl4ZERsU2k4Skt2VnhTalJickZPcWtEODRHcTNFbElmY2NMdVdoNnJLTTVFMTl4RVc3MzFnMmMwS3laQkFQRDBMSTBRZXk2QURjZTRnUmlOU0FuZw?oc=5"" target=""_blank"">The Importance of Technology: #5 is a Must-Know!</a>&nbsp;&nbsp;<font color=""#6f6f6f"">Simplilearn.com</font>",Technology
"Fiber-Sensing Technology Can Provide Early Warning for Volcanic Eruptions - Caltech <a href=""https://news.google.com/rss/articles/CBMirAFBVV95cUxOSUUwcmdjYzVBd0NjOWdqdlVVdnpXUnVabm9wYk5jcTY5bnB5dHRfSl9WcnppU1hnV3U2aWVEbHgzblNKYmVPWGFVODhxTGlwcUdYelM0OGFBVEpRVG1LY00xU2ZYQWFsOTJKSi1mT1Z4VDJtSEVJVUdPWldJZ2hfb1lsWF9aV3hEOVA0Tzk2ZkIzUEQwVDNNU1RtWWNybWZMc1FpTzltSnM3bkI4?oc=5"" target=""_blank"">Fiber-Sensing Technology Can Provide Early Warning for Volcanic Eruptions</a>&nbsp;&nbsp;<font color=""#6f6f6f"">Caltech</font>",Technology
"Validea's Top Information Technology Stocks Based On Warren Buffett - 4/28/2025 - Nasdaq <a href=""https://news.google.com/rss/articles/CBMiqAFBVV95cUxOeEtUUlVnU3poTE5ja3BCYzhBTEdQODBub0Zqb3I2RHp5Rmh4NEZLRi1YTGJaV3J5bWdScUlwTHZ1SFJqTkcxUHZVRUpKdzFuRU1QTjF6RVBWaTZ5TGNPTzZwbkg2YXIyZldMNDRhTFZiZ3hEWUt2bUc1ajQ3TmhEZjRZZnRWX1ZpVDk3ZWs2U0dYQVlES2NjbWt5emk0U2FORlU0eU9CT1Q?oc=5"" target=""_blank"">Validea's Top Information Technology Stocks Based On Warren Buffett - 4/28/2025</a>&nbsp;&nbsp;<font color=""#6f6f6f"">Nasdaq</font>",Technology
"Nancy Alley on ICE Mortgage Technology's shift away from SDKs - housingwire.com <a href=""https://news.google.com/rss/articles/CBMinwFBVV95cUxOMGRpdlpocXg0QjZ1S0g4dWliZFl6ellZUUFFQW03VjA2ZDZ1TmZZMTQ3Y0N1bWV6Z3hUWjNxUXhmYVNvdEduQkRXbDQ0V0h1T0NuekhsbDZjb2J5dEd1azBUZ3VBbm9rT3dUYVU3YWNDVUxNMHVlSXhuMERNdXc5ZWI4em81TkRfVUlQd2NqTFltRGItY1E5THJjd0ttTk0?oc=5"" target=""_blank"">Nancy Alley on ICE Mortgage Technology's shift away from SDKs</a>&nbsp;&nbsp;<font color=""#6f6f6f"">housingwire.com</font>",Technology
"BeTCA Hosts Successful Belagavi Industry Meet 2025, Showcasing City's Technological Strength - Belagavi infra <a href=""https://news.google.com/rss/articles/CBMiuwFBVV95cUxQWlRmb1ZvWk96enI3X2Zzb3lnY0VhVW1jMXQ0aFZSLTNTbHlxNnZ2RVI0ejBJdE5NOW1BZ0ZORUlyMlNhcXFFSDhFLW16RnMzV0s2c1FPSmtQMm1BeVVpa0NORV9VdUNmOFVyTVpFcUtYSXVKTUREbmpnNjNTd3JuZ0QxYzhMYWZvQTk2N1VaNlJDd2tTWHhMeExSMFQ4U1F1bGVwd2U4eENzak52algtZk1KbUFhZ18waWVz?oc=5"" target=""_blank"">BeTCA Hosts Successful Belagavi Industry Meet 2025, Showcasing City's Technological Strength</a>&nbsp;&nbsp;<font color=""#6f6f6f"">Belagavi infra</font>",Technology
"Using Innovative Technology to Bring Possessions into the 21st Century - railway-news.com <a href=""https://news.google.com/rss/articles/CBMinAFBVV95cUxOZnJoMzVmZXZxMFotTDNuOEVES1ZuTUJwS3EzSnkxSWRDcGt4akFxOVBpeDZSWFQwa1c3MHVCNW9WRFlJMEdsSURGZjBxVEctaVRiSzBPMTlTaV9wN3d6WXNWcWtIMFdkLUdjYThZdG01Z1l1aW1YUTkyNlpuQ09VbngxdmtQaW9LaG9zOVVYVWl2dU5hMDNDZkg1Umo?oc=5"" target=""_blank"">Using Innovative Technology to Bring Possessions into the 21st Century</a>&nbsp;&nbsp;<font color=""#6f6f6f"">railway-news.com</font>",Technology
"Green Beans Packed Using New Technology - Perishable News <a href=""https://news.google.com/rss/articles/CBMihgFBVV95cUxOdXA2b1JFYkl1SUxXQ0VHWHNlSlloS2hTS1BRYVJwNzhoZy1Gcnh0M19zdW8zRVZfYTN1b2lYbjBuZUNkb0VzczgwZzRhaE1xNThveFlxa2NWazhRYkNxLThBczhGdWU4YzhjQ1RKXzVIbnppVUozUWpjYkdELTFGaW1seVQtUQ?oc=5"" target=""_blank"">Green Beans Packed Using New Technology</a>&nbsp;&nbsp;<font color=""#6f6f6f"">Perishable News</font>",Technology
"The Week In Technology, April 28-May 2, 2025 - Aviation Week <a href=""https://news.google.com/rss/articles/CBMilwFBVV95cUxOd2FFa29yTjZ3OUZkZkY4SkhsTjEzc3VRa1VtUnJOckVvZ3N2V2VyVzlFWnBxWDd2ZWIzTFpDeEFxaXoxQlhjTmhOSFR2UzJBNE8wXzNjbGN5d2NaekFfbTdRcEM0TWtqdkFuMlZIQjlyZ2N5UHl2M1ZWYzBKWVE3cGJkeC1kQndEUlVwUU9GSzFuVEFJRDZF?oc=5"" target=""_blank"">The Week In Technology, April 28-May 2, 2025</a>&nbsp;&nbsp;<font color=""#6f6f6f"">Aviation Week</font>",Technology
"Beyond Technology: A Multidisciplinary Approach to Frontline Readiness - patrick.spaceforce.mil <a href=""https://news.google.com/rss/articles/CBMi2gFBVV95cUxOcXFUejFlSE1fMUNUS2dncGJOenlLUjN4eTdPNDRacWlGR0pPSHFicUpZSTJMVTROSlJESE10eGx5X0k2cFFDUFNqLVdMNEtNY3NsSHpTeHh4anM5d1V4WUU2U3ZleDlXSnlPOHdVeFJEQzN2RWlXaDF2d1dITXNyNjJUcFFXb3hpT1FfcElUTF80Um9ia3BfRmszYk9SWHRtVVpUUFVQaXMySjdRVWZaMzFiSGtZTmZBODdXeXFXWVMyby1Zc3VSU3JyeWxiOGFLTWZQQnY2Z1EzQQ?oc=5"" target=""_blank"">Beyond Technology: A Multidisciplinary Approach to Frontline Readiness</a>&nbsp;&nbsp;<font color=""#6f6f6f"">patrick.spaceforce.mil</font>",Technology
"EyeMD EMR Healthcare Systems, Inc., a Leading Healthcare Technology Provider for Ophthalmologists, Announces Significant Growth Investment from Performant Capital - Business Wire <a href=""https://news.google.com/rss/articles/CBMivAJBVV95cUxNOGRvVWlqZUc2SFJRNDgzanBTY2V4NkJ2YUxNX1VxT2NYWFRPdVFleWNRMHZQSDRtaUExVDNpYWV0dF8tV2hTdHNicVlHZm9sb24xajZTUFBDb2xjOUN5WklpUFdVeG5zR2EzRE9qRFgtVTlQdkhhV09OcjlneWNKR1BEZTAwS0FDTzIybWxFVTllTEJjV0ZyX3pmVTFCREptak9WWkRfM2pINkRDZnJCQnBiaUdZX3NpUjJEUERyLWM1UEh5Q3o5SFpUN2RNSS0yREx1RTFoT0p6Vm1XVDNnd3VNNkNuR1lfYWtJdk9oQURZQ2pvTzNULWxuZ0hqeXRaRlZWMW9vYVZ2SURMaTh6NXVrdktJNU9fZVRibFVOTEhMY0FzUkJFdnpIc0UxRFdEV0dVbVAzcVNEM25F?oc=5"" target=""_blank"">EyeMD EMR Healthcare Systems, Inc., a Leading Healthcare Technology Provider for Ophthalmologists, Announces Significant Growth Investment from Performant Capital</a>&nbsp;&nbsp;<font color=""#6f6f6f"">Business Wire</font>",Technology
"Firehawk Aerospace to Develop Further Shelf-Stable Propellant Technology Under Phase II SBIR Contract - 3D Printing Industry <a href=""https://news.google.com/rss/articles/CBMi3gFBVV95cUxNY2U4b0wyWkV4d1U4Vlo1UldXNThpak5OY2tLUkF2aFVrYnhoWmlnWGxVTTlrMC1nWGZ3SFJDMXV1YVFXWVJRM0gzTmloWDhZNVBPcktxb0pvYTlPbFJTdzk2NWRtQlpKdm1DdDFrbGl6ZDJWdG03cjFZOGJsWGNJUEhaREswQW9zNnJqYnRxOHAyTGJWbjBRSUl4V3A3azJWQ05WZW5XZXlldlRVeFIzVVNxc04zOVN0eFhhY2dNRk9zV3hOdzc0M01HRFY3U3gzV2ZNSEdORVRSc2ZQRFE?oc=5"" target=""_blank"">Firehawk Aerospace to Develop Further Shelf-Stable Propellant Technology Under Phase II SBIR Contract</a>&nbsp;&nbsp;<font color=""#6f6f6f"">3D Printing Industry</font>",Technology
"EY announces large-scale integration of leading-edge AI technology into global Assurance technology platform - EY <a href=""https://news.google.com/rss/articles/CBMi5AFBVV95cUxOZloyOW5CTzM4T2Q1X3BxSy10UkV5QUhWWUNDZDBUTmhYcC1QclkydW1WOGM2RHhqM1o2Xzg2SHZCbURYUF9FeWtzSzVrSGxhYUR1NnlFQjdoTzU2R1JrcDhlMzBQcEN5Q2o1Y1hJTWNYTjNqUUpWM1N5RUt6VFBnR1pWMnJDWFVwREZhLVZXcEdwZ1VBdXdyY19tZmd6a2dCRGxMTnM0eGVDcDZaRW1TemlFT0xTN1BOSE5SUWw1QUk3b0JyaXVCVDRtUUdEZklNSUZCU1dxZUR5TkVFdmkzMmhZUmc?oc=5"" target=""_blank"">EY announces large-scale integration of leading-edge AI technology into global Assurance technology platform</a>&nbsp;&nbsp;<font color=""#6f6f6f"">EY</font>",Technology
"What 2,000 years of Chinese history reveals about today’s AI-driven technology panic – and the future of inequality - The Conversation <a href=""https://news.google.com/rss/articles/CBMi4AFBVV95cUxNVEFERFA1N3cxZDVwUXZNZVI1bHJrWVZjWVUzLTBqbVRaOWtqUmVnSVBUTVhkMjZqYU82TjBKUkFRNXJoMG1PVjc0eGgyc1BXcmtpSnFlVVRhY3JDSWhNV2RBbjdBUHRnTTA5a05VTzNhUjJydVkwdXZfM1FBRERaSzl6UzY0RGhldUtqSGt6cjJWWEFmYk1nVUVyek5xaXhGZEJrby1SUmE0Sjg5dFRtTkFkVXJIemNfOVViQlBWQ0ttdXcyUUNxTmd0RUlYUVJ2LXZidGNtdEhvT1NkLTZ1OA?oc=5"" target=""_blank"">What 2,000 years of Chinese history reveals about today’s AI-driven technology panic – and the future of inequality</a>&nbsp;&nbsp;<font color=""#6f6f6f"">The Conversation</font>",Technology
"Critical Planet Technology switch vulnerabilities pose total takeover risk - SC Media <a href=""https://news.google.com/rss/articles/CBMipwFBVV95cUxPZ2lIUGhrNktZN0VpdDkzSEJrZkxMVHdDQjlzaFdpTU1uMmlYYVRzVHpEYW00dkEtLXNxTXBoTEFnSUtWaEkzd1lfRG9xYnNrWFhMUUl6WDU1RGdIUjNpSDluZGp2Z0dvSy1HN2lMNWl3YnZ2ZHFCT2N3WFhYNVp3Tm1tOHRRb3d1d0VNcGpON1JLQ2JKLXNkWnpENVlFVU85S1FjbHR0Zw?oc=5"" target=""_blank"">Critical Planet Technology switch vulnerabilities pose total takeover risk</a>&nbsp;&nbsp;<font color=""#6f6f6f"">SC Media</font>",Technology
"Types of Technology: A Complete Overview [2025] - Simplilearn.com <a href=""https://news.google.com/rss/articles/CBMiZkFVX3lxTFBLV3hmYlFOTmdWNVJ6a2lnUWlKaG54eldWdHNfRkFWYTZFNjRNcnAybVIycGF3dkZscy1wSnk3eWc2d1Y4TnE5WUlQZGhGMTM3cURfRl9HUXplcXdBMmlNX1FWVUxpUQ?oc=5"" target=""_blank"">Types of Technology: A Complete Overview [2025]</a>&nbsp;&nbsp;<font color=""#6f6f6f"">Simplilearn.com</font>",Technology
"How Innovative Tech Tools Are Solving the Restaurant Industry’s Toughest Problems - QSR Magazine <a href=""https://news.google.com/rss/articles/CBMitgFBVV95cUxONTA3bV8wOXRNMjBrS2NmaVNaTTVybDA2SFZrR3ZNNFJIVHAzR2tER25uUzZJRHBZMjVURUlYNEJ0TllOZVV1ZGExbjZZdUU5aC1RTDdFLUtDb243bDBPVEc0dnU1WUtPR2tmYzJ4VlNfVHF0ZWtXOUR3SmpxMVJBXzhIdW1NRURpODMzamZzb1FPR25GRWpNTmluRkRVVkdlZXBadUZWUW95cGlrYXR1WjQ2QVhsQQ?oc=5"" target=""_blank"">How Innovative Tech Tools Are Solving the Restaurant Industry’s Toughest Problems</a>&nbsp;&nbsp;<font color=""#6f6f6f"">QSR Magazine</font>",Technology
"Positioning India to lead media and entertainment - Hindustan Times <a href=""https://news.google.com/rss/articles/CBMirgFBVV95cUxPbThORlU3SHZ4U3lKTXl1OUFnYmhwaS00c3kwSF84ay1EWjl1SjdIMWZNQ21tRksxTUkzN0M2c18zSUt4dXdWUklPM2hma2hYb0U1c0xMNkhVaWJ2RnhLUEdBSW9WUWR1ZnVfclRld2sxWktZVm9wY0F1TDUtTVZUeHZtdWdFcmhUTmtWTl9tLVlpVExYOF9LOHRKUUR5OU5McXA3Y3c4U2d6ZHhDUEE?oc=5"" target=""_blank"">Positioning India to lead media and entertainment</a>&nbsp;&nbsp;<font color=""#6f6f6f"">Hindustan Times</font>",Entertainment
"Jasprit Bumrah's wife Sanjana Ganesan confronts trolls: 'Our son is not a topic for your entertainment' - Times of India <a href=""https://news.google.com/rss/articles/CBMinAJBVV95cUxOc3JiczlVdzkyc3NmQ0pmRDRKMDkxLXhnSlU2SWRSYlpqQnQ4NFVRMk1zX0dNTV9yb1pWME1FTzBoMGJ0YkMydllYcDB6bVREVTRIRUl1THVPQ3YtNUVPU2UxWWdkd0tmV1Q4Z3U0VnhCSUF1bmRNSXlSZ2pmYUROOXpac3JDQW5kczliZEItbHhmOXVwM3ZaUlZ4bkdVRzkxSXpXOWUyejNyUGlRSlA2Wlhyc3RrWmJBQmgzQUZjM2Y5Zy1SVVNYeXhLWDFIZ1dIWV94OXNmYjZ2UGlPaDhWYXp4OFZEbFNCYUl1dE82OFpXeWd6N2hyTGZKeW4wRVdQRU1sSUtkRHBoVjhQX04wRTdpWmRXemNWc0RqSdIBogJBVV95cUxNV1hFWC1nb0YtcHg4ZGpLa1htTktzZVo0aENkVlRNRUM1WmlTeTFLay1LV2U1ZkYyRENReG9ybl9wd0JhOVVwNDRKTHpuN0lRQjVSTmtLV1RGSkhUQm13RDZXeHhhbkFjNEt0aGMzOXkxZHE3SkxjOXdZMUxJSy14VlBhTmp3empWa0hzd0M0dmx1OEZyaDNrTWJKYlpzNWJTeDR2TjlJLVg5UWRnbGJjRlJLYjhCTHljenV4b2lBY3BrMVJEeHVaU3A4ZEZUZERZV0Jndm1sRzNsV3NkMlFaNWFsazQxU1NjZzJseVhENzdGaXhDWEhJZ0FwM2JLendVM3hsMFNwMHdKSXQ2NFphaUw0b0owNjdHWEFxdUlwMHlWZw?oc=5"" target=""_blank"">Jasprit Bumrah's wife Sanjana Ganesan confronts trolls: 'Our son is not a topic for your entertainment'</a>&nbsp;&nbsp;<font color=""#6f6f6f"">Times of India</font>",Entertainment
"Our son is not a topic for your entertainment: Jasprit Bumrah, Sanjana Ganesan slam trolls for mocking Ang - The Economic Times <a href=""https://news.google.com/rss/articles/CBMiggJBVV95cUxOV2tKU253aTVZNGlXZ2x5clFNaFlTVVlhdTlrLUFwVjU5el9wUUZXSlBmVWpuNHRWOWlXeFBQd2lBUnRzc0xIM2VvOHltUjFvalBaNkJTNWlPRVhOSFhHR1c3ZHRVUFdQVUlZT2JXVEttUmhhdThBMi1ITUZHRXB6QlB4N1cxZWNTWngwVFRQNGFPc1Nvb2pval9lNnpWSHlvNDJKTUs2b0lMS1JqNDJ3bG5TVzBkcklRUHJXdWlzZkNnVkpPRGpUaXJaQ2JrbWxYajRlblUtM19fY05UNTl4ZDd5ZzMtLWEtd1d0YkJocU9YeXhqcHZGLTJONENCcmhHWlHSAYcCQVVfeXFMTWRMQzdZdWhGNC1zZHNIY21tMHNkX2J6b1pZWHFVcXdPLXR4ckVnT3VCTG9mR2wtVk9iSEU1WEp0dWgwSFM5M2JNT0k4WE1LMXlhd0FNbmRVUE5RYjFDdElfakFxcS00OWtSR25USmRTdU55Y3VHUkpjYk5xRU9vTzdvczFYSnQxVnRBTHd5LXg5UnB1OHlMc0ljcFZBYjNrc1c3NDZGUFVrVVJQU0lRV1k4WVNHUVkwNWN2QWJUenl1emFIZk52SjNRVmFGZGUzamw0LXltR3dCcDRSbVlSTmlkdnRmN1JaQWU2c1JoNXZEYU9TRTR5b3NrRTlibDVwVHFySllFS0E?oc=5"" target=""_blank"">Our son is not a topic for your entertainment: Jasprit Bumrah, Sanjana Ganesan slam trolls for mocking Ang</a>&nbsp;&nbsp;<font color=""#6f6f6f"">The Economic Times</font>",Entertainment
"Sanjana Ganesan shuts down trolls mocking Baby Angad Bumrah: ‘Our son not a topic for your entertainment' - Hindustan Times <a href=""https://news.google.com/rss/articles/CBMi9gFBVV95cUxPWXFRdnNNaXprbmtzTVhQS2FiRldESTZmakZjelkxQzRXeEJYSkpHWF9mZ3ItRzZpVVF1Z1lmX2dxOFd6QzZ3ZW40ZDh6eG02NnBTbDkzdXBPWmVhWkp1Z1h2U3EwOG5EbnRqdmUxUWlWZDhiM3EwV1c3QmI0Y2R1eFh6VUZ3MThkWlp4d2t6b2lpV1VBaDNHUUV5Z1J5WmpPVW9jYmFBUTVjV0R5M1VMMnFXY09HNm1KYTB5WUtQNXNXMk9XaUVURmJNMzZjVkQxUE5sYmMtZUVNZWFORVlJRlhQdzREbHdaWnVYbVRjLVptRmFRdGc?oc=5"" target=""_blank"">Sanjana Ganesan shuts down trolls mocking Baby Angad Bumrah: ‘Our son not a topic for your entertainment'</a>&nbsp;&nbsp;<font color=""#6f6f6f"">Hindustan Times</font>",Entertainment
"Screen Time: Your entertainment bucket list for this week - The Financial Express <a href=""https://news.google.com/rss/articles/CBMivAFBVV95cUxNZkFMYjQ4MjBXb1pLTEc3QjdfNjAxUkRvckQzUUh5TnFYS2hIWDdGa0M5LXg2eGkwLTlldEczVENMNXpjR3Zjajlfc3ltWWdxMjg1N3luNFg4elIwZTdDZHhmamdQVlIxb09nUkVaQ096Qm1reTNybnRvUHZoZWlPeXlNOTRIYWJmTC0tajZzekp6SjlLWmFSTEVoRmJYalZCZFBuMXR6M1ZfX0oyQjZPWk5TeVAya3JPOWYtTQ?oc=5"" target=""_blank"">Screen Time: Your entertainment bucket list for this week</a>&nbsp;&nbsp;<font color=""#6f6f6f"">The Financial Express</font>",Entertainment
"Saudi Arabia’s entertainment sector attracts 76 million visitors in 2024 - Saudi Gazette <a href=""https://news.google.com/rss/articles/CBMixgFBVV95cUxPSWRHeEtJbk9nZXdtUmpEeFNlZEJpeWR0NE5TNGRtaHRWQngwSUsxZDl1dkxnbHZNZFE1YVRrb3loaGJYVWl6VTY5WUJ1cUZWQTNZYUZNVzJ3eVFSVGJNMHFNdkNPUEIyd2RHOWxCZFJjbkdKOUlSZ0ljeHB6Ul83blA2dEFJSktVSFB6MjdmeldfOV9kWVo2d2IwY05KM1U4WnB5cVFiOG5lMzU3aURkS2JpNmpKWHJHUlN1TlczeFdMVEEwcEE?oc=5"" target=""_blank"">Saudi Arabia’s entertainment sector attracts 76 million visitors in 2024</a>&nbsp;&nbsp;<font color=""#6f6f6f"">Saudi Gazette</font>",Entertainment
"E-comm to entertainment: Gunjan Soni takes charge at YouTube India - Exchange4media <a href=""https://news.google.com/rss/articles/CBMikgFBVV95cUxOWFYyZTFlWG1HcHFVcHNZNHJEcF8tdVFEV3VyYjdNOUxGZlZVVmU0Q0k2TUpoNXdwUmRvY3lXLVhZaWpXMXZyY1JFam1lNlFvcHdPaklxWWJJZGU5YS1HRHR4dUo4bENHQ2pzQjViWFMwclRjcXo5RHNvOHFvMTNRa0xKb3J0Wl8wYmNqV09aZFJvQQ?oc=5"" target=""_blank"">E-comm to entertainment: Gunjan Soni takes charge at YouTube India</a>&nbsp;&nbsp;<font color=""#6f6f6f"">Exchange4media</font>",Entertainment
"Multibagger Stock: Renewable Energy Shares Rise After Incorporating New Sports and Entertainment Subsidiary - MSN <a href=""https://news.google.com/rss/articles/CBMikgJBVV95cUxQMEdFN2lRTDVPN1N4YUNMYmxndlc2NGNnVUNhbmhuaFd4WFJOZU1vSmNRRm1RS3Bzbk0xTExzUEJHRURVLVctdExoejRqcnVja0V6UFN6eGpEYjd0N3V4M3FQZVkwSVdxakQ4VGl1NFc4cE1EZkVETEJhblhEY0gyUEQ4YWs4bmhMeXIyNUtnbmhkX2pVanFOTHFmTENfTGMwRVpEQ2YtTEVQX0o3Um91MEY1ei1VM3RiRWxBdnMwMGg5b2tLTUxZdnhoS0ZYQzB1SVhqb3hsaG4tcVlDU2RzZElTNGprVzhrWGhyZ0dVMmFaSk4zTTUyU0hIc0kzY0I5SFNhdFVLbDZXcHVLM3FLaDhB?oc=5"" target=""_blank"">Multibagger Stock: Renewable Energy Shares Rise After Incorporating New Sports and Entertainment Subsidiary</a>&nbsp;&nbsp;<font color=""#6f6f6f"">MSN</font>",Entertainment
"Entertainment HIGHLIGHTS April 28: Kesari Chapter 2 Enters Rs 100 Cr Club; Sajid Khan Accused Of Harassment - Filmibeat <a href=""https://news.google.com/rss/articles/CBMi7wFBVV95cUxNZERvSHhxdjdkZXpKaGxfU3NFTGhiUnpqV1hQSEpfN2xRZU14NGFKdG1qNnhZZWFKTFdaakF6SGE4ajMzSmt6ZTNQVjhISTZzc2VyY1FKc3d1aENTVFpQOThSclJ5ZS1Uc1o1eHpnVVg1VjE1V0hucHA4UEhfVVZTY0hhc2dPM2lza3V1LVE2Y3pYdlRENG5nQ1cxeHF6amJPY1JwNmRIeGNReDkwUVA0Z0hvQWdLTnV6NlZxemNOMmhqVU5YN3J4VnpLZmdVdWswT3hxUExwODB0UVZNcGxnd0Y3X2c0U3o5TWFRVzYzQQ?oc=5"" target=""_blank"">Entertainment HIGHLIGHTS April 28: Kesari Chapter 2 Enters Rs 100 Cr Club; Sajid Khan Accused Of Harassment</a>&nbsp;&nbsp;<font color=""#6f6f6f"">Filmibeat</font>",Entertainment
"Vedant Mahajan, MVM Entertainment Founder: From Mumbai House Parties To Crafting Unforgettable Events - Free Press Journal <a href=""https://news.google.com/rss/articles/CBMi2AFBVV95cUxPU2F6Y0Njd3JwNlRrclJjRENyYmVSQUVrTERST1hHV19IUXRjLXRjN2EyR0UzR1Q1Y1ViZFc2OHpORlg1OU5tZGsxQzlDX0RBLU1GdHp1aWlaaHYzWkxFcU50dGdRYm8ydDgzV2JWY193bTZ5MkNRZ1ZUZVZxSE0xSWk4akg0aDZSY3ZyMTRmU1hlb09UTUhRWkJndExla0g0bUkyVC1naXZ2UF9lZ1lqY29OYTY5azQ4ZW9zYUhxLUQ2YUtJT0JBS2lkVElOS3IwaWxiQi1IZGvSAd4BQVVfeXFMTUdPYnZZSTFvZWE3M0tCNnBWWmlwZ3ZjRWdJT25vQ1VwdXowQ09lWWY0NXhDXzhXa1c0YlQweVA5bHVQbElzNl9mTm5rV2REN3lWQ2dmT05MRVY5NVJOUkVLdEktWFNaam9IbXhDQXU2azBoa25OQkx5TDZQUGF1LTRrdV82YmpuMXhKcmJDOG0xVlc1ekQ2THllak5MVUVDeW1IdENxSVZaVWJXM1Nqbmh6ODdqaGJ5c1ZpZHBTU0FheTFzSWVTS212SjVTUkc2UHhVd1BGZ0JtT3FHTHB3?oc=5"" target=""_blank"">Vedant Mahajan, MVM Entertainment Founder: From Mumbai House Parties To Crafting Unforgettable Events</a>&nbsp;&nbsp;<font color=""#6f6f6f"">Free Press Journal</font>",Entertainment
"Kasauli Rhythm & Blues Festival 2025 Raises the Bar for Purposeful Entertainment - Deccan Chronicle <a href=""https://news.google.com/rss/articles/CBMi1AFBVV95cUxNaWVGbHRIN3lvd2lMNF80RUFjZjluRnpQY0MtaDBuc3k3TjJjVHRfdDRySl9UTlMxV0pzWHNoTTR0blR6OGxDaFVZYVNoeVBlMTlOaHA0MHZBQmFDN29TRTBHQWE5THhTRmFJcHpwbW1kUnNDTGpaaUVONlB1Z2lhNzhCTTB6SnRPTUQ3YTF4OEtqUUJVWnBCdmlEUHlvZ2gyYnRjRXV3OXVvejNTalpycmRQQzB4eUoyYjBVWnhkelFFWmJ6NTdySGNfQ25ITW9yeHZ3TdIB2gFBVV95cUxORldOTjlBQ3Mya1RjcS1nM0p3Yk1YMEo5T1BhRWw1NmJXWXJQdUlaZGJqSUN1NmhtMmw3ZENNNlc4bldDVTR4T2pHQlNEV0dMSkY4WjlKbFpORTdQNUUwbm55eFJ0WGVzRHVGSm9nVEdUMnc4QlVzZ002ZmQ2TU5fN2VpUFViYWJOb0t4Nl8xeGpjTlZnN25STVJ1Sm12WVE5Z2NEV3U4ODVGS3RSU2p3cHVYSXdaMXFCYV9ib3ZPaVBpNGtOYTdwVnA5Z1FpR1ZzVmpuQnlCa09VQQ?oc=5"" target=""_blank"">Kasauli Rhythm & Blues Festival 2025 Raises the Bar for Purposeful Entertainment</a>&nbsp;&nbsp;<font color=""#6f6f6f"">Deccan Chronicle</font>",Entertainment
"Alliance Entertainment (AENT) Cancels Its Purchase Of Diamond Comics - Bleeding Cool News <a href=""https://news.google.com/rss/articles/CBMioAFBVV95cUxNdmdnWWJZY0d6Yy01RmN3cERGcEZMQWROczMwTUdtZ21XRXcwZVZXN2VkT3FvS05OOGpyRzB5TS1lbDlMMXRoMlRkaF9HSjA4aVpuTzhBbFNvelBSNVMyeVpHYmlUMnVVLTRrYVZOeDMtd1JaVTBfajc3a1NDOFpqWUN6NzNFeW41TEo5OWFjUkdybzBQNzFydlNDODlTemds?oc=5"" target=""_blank"">Alliance Entertainment (AENT) Cancels Its Purchase Of Diamond Comics</a>&nbsp;&nbsp;<font color=""#6f6f6f"">Bleeding Cool News</font>",Entertainment
"World Audio Visual Entertainment Summit (WAVES) 2025: A Visionary Leap Towards a Global Creative Renaissance - DD News <a href=""https://news.google.com/rss/articles/CBMiywFBVV95cUxOM0Q1QTgzU1BGWmhWck11SnRGX09jM25WY0Naa2FTSml1UmN1dkdCVFpBVjZpc2ZKMW1ZejZubVRhOVptWjdCcUI5amQ3VXRYa0ZHLVMwYnhhSWJTbmtQSkVQdlZiSjhEeGU1elJ1V3M1eTBLUUVsUUlSNVlPMEFOWjJ3UGVOZUdSY2QySjFNcnc3T2tzVW1wQkZITVNudXJIeDhQeHFSbkF4VmxObmNPX3NKTDZlakpvc3RnbHdIR3cxOWtQVmtGdmZPOA?oc=5"" target=""_blank"">World Audio Visual Entertainment Summit (WAVES) 2025: A Visionary Leap Towards a Global Creative Renaissance</a>&nbsp;&nbsp;<font color=""#6f6f6f"">DD News</font>",Entertainment
"'Not an entertainment topic': Sanjana Ganesan calls out trolls after inappropriate comments about son Angad - India TV News <a href=""https://news.google.com/rss/articles/CBMilAJBVV95cUxPQmg5SmJTaVU1VkdzV2ZfT3dHcTdBeWlUWWhlWXJDYnE1VmFPVkROSFo5cld4ZkVTQnptZ2tBZHVIZi1yVlFvRjhISTUxcEZPRGxINzRXcmlDSEcwM2wtYTlxcy1tSm9WTDV5dEVqS1ZFZFI0eHV3UTNLblYtdGM1UHo1aU5rQ2NjaUpXc1JiZkMtSnBtdFFuX3B2eFBpR3JTNU1IVjBIVVBaanE1YzZTMTJxeDlnNHRqY28zWkxVc1Q0NjJYTkp2NEd1b3Z4VGhrQWpuZjUtcGE5UHVQLWFUR0JQUk51TUxscHliTHllRmNRMkVnZUlyVXNES1RacVVZTFhhR3N1RFRoRTV4bGNwMTR2WTLSAZoCQVVfeXFMTjRpT3Ztd3dwbHZGZUNjX0pvNW12RksxUEdaMmhPOWxsUlp2S2o2OGJ6dkpKTGxzMmUyVHhzbFVCVUxWSlAybFpDbFpQUTBRR0RWZjVHR0k4R0ZWendRVmR6QUxiblkzaWZiQzZLcUlqb0J1dnltMHVON1hKZDVVWFBGOE9YcHE3a1ZGQTNMYV9OYkZ4UnZvM3ZYTDVEMWlsRlVhQUJEZmljNVNQNnJwNHBuWE03U0tMNW8zM1BQLWVRdUdpbXlzRnFNZVFWaDF5QmxKM1FsSGg1OFowUENwdG9YY1pNOUJrb2NWbnlPNVZqR19EdG52RC14emlzREhDNmZvcmNhWHp1NmlwTDFsMmxsSW9jdlNBREFR?oc=5"" target=""_blank"">'Not an entertainment topic': Sanjana Ganesan calls out trolls after inappropriate comments about son Angad</a>&nbsp;&nbsp;<font color=""#6f6f6f"">India TV News</font>",Entertainment
"Vijayendra Prasad says positive response from actor for Bajrangi Bhaijaan 2 - Business Standard <a href=""https://news.google.com/rss/articles/CBMi3wFBVV95cUxNbWI2b1NPN2t1YUVtbWxiSFB1b19EaXl3Mldpb2p3OFIwMzF6UmdnYnNGd3hCZG9wMWFWbU9YelplV3hkZFRHSTFDOXdqR3kzUzF2OUE5cHJZRUdScmFOSDRVZDMxVW1zZ0lHWW82RDYzc290bzlLRF9HVjlPa0ZhenZMN19qNkpjbnpKUE1Zd3N1cEgwS0RubnVoVmFZMm9qdktKb1RQYmdXeTRvQ0NzZXl0WVV5Ri0yclFUX2RiWk8tOFN1VGVDMC1RVkZZZV8tOWtFazRZbzhOVUc1QWFF0gHkAUFVX3lxTE96U25FRkNaakhkamd3aVlScXpiR2dJSXIwcEZYeHZMUW1Jc0w5STNWOVB2SjhneExYQ29jQnk5MXVSNHJ5azk0bDVZMjItZVJfTGgzRERFcUgyUVFRV3V3MDJ6aHdTZ3JxRG5kZmJZQzNIam5HUjNzUDRSLUZIUlcycktYeXpDWUYzM2Vlb1VtVXBDQ0lPdDBLLXJHbVNqTDFJRGttTDlmLUV2cndnZ2tiZlNlR19mV1ZpWWkwV28ycHkzN2RsTmNmY0JBeGtsU0ltMC1NSTR1RDE2M0NRODVDTmtKSQ?oc=5"" target=""_blank"">Vijayendra Prasad says positive response from actor for Bajrangi Bhaijaan 2</a>&nbsp;&nbsp;<font color=""#6f6f6f"">Business Standard</font>",Entertainment
"Flutter Entertainment to Report First Quarter 2025 Financial Results and Host a Conference Call on May 7, 2025 - GlobeNewswire <a href=""https://news.google.com/rss/articles/CBMijgJBVV95cUxQd3FHS0lDMWViMl9fZHVRUVl4Rmc2cTZ4RzhjcEcyLWV0RmMteUcyQkFjdHRpNFNIejBhVTdUZkpOOHg5V25jODJvcmR4eXZUUDhGOU9NY2ptRVhjUGkzLVE1MXIybVl6ZEtWOE5UUlRfNzdrZmFfUFF1VDdzNDAzNVl4VDJUeEJ2Ni01U0hOZ0FWQnJxdXVnUU9vVTQ4SlFzbmRmYk9jdHhfTV8yYjNUR0w3cE9pUVRtMm9aZDdOTkFpbU53VndDX1dmS3QyYjhJQkUxNVo0Y3didkVsWmFDQXBIejB6Tnd5U1VrUXd6QloxM2RWYmhXbGM3aDVpeWdHaVlVaDljVU8zVGhXVUE?oc=5"" target=""_blank"">Flutter Entertainment to Report First Quarter 2025 Financial Results and Host a Conference Call on May 7, 2025</a>&nbsp;&nbsp;<font color=""#6f6f6f"">GlobeNewswire</font>",Entertainment
"Jasprit Bumrah's wife Sanjana slams trolls: Angad is not a topic for your entertainment - India Today <a href=""https://news.google.com/rss/articles/CBMi1gFBVV95cUxQRnFscms2eTNwUkJNRFN6VjQzTDFkbE1vN0dKRTJGemthZzhGLXNwVnpxUEJwRUpUZGVqLWhKT3l5MGprc0RiV2haQndUVTRacXJXWFhBRC1FdUswUGt4emp4M3hZMld4Y2RGeVEzT1ZaSFp0c0hjNTY3VU9wdGhXbGdvOWZjcnhLaTZYVXNEeGZ6c2EzRGpZMHpxZlZ5eTFUNDRIUDZ4T3l5MjkyLTZfV1JkZWN1bjh6TDBtQWtfbzFHaWwyU1NsTTBuXzZDMzBSSEpCSUlB0gHbAUFVX3lxTE43cHVrVlMxVlJ6WVc3aVlFTFhFRnNldVNhUWNoMG9VaHZOVm9HM1JsOVFseF80bm1OX3p1WG83M191bFFKSXNBekVYQldWLWp1Sno4bUtMTmQzNUh5akNQbzcwdFVBUzNJNzFyRHZSS3RUckFWR1N6Tks0RXZpRk5kOWNJTEIzVU5pMjNFY0hLbWxVdTRNa0Z5WVFrNWhZQnB3MmFuejBwTGswTHY0V21rcUNVU05pdXV6TlFtT0VXMERrTXdRR3VGZUpkZ194SnJHcExWSEU0SF9qMA?oc=5"" target=""_blank"">Jasprit Bumrah's wife Sanjana slams trolls: Angad is not a topic for your entertainment</a>&nbsp;&nbsp;<font color=""#6f6f6f"">India Today</font>",Entertainment
"‘Our son is NOT a topic for your entertainment’: Sanjana Ganesan lashes out at trolls for mocking her son Angad Bumrah - The Indian Express <a href=""https://news.google.com/rss/articles/CBMixgFBVV95cUxObDhLTkZUR1dqby1BQS1hMExuZHRSQVVLSmNoZGd0ZDZGc2lZOVlJV3lfbEdZa0tBUEF3azFiT2FlbXZ6UWdtNVhnZ3BUMkoyOU9yVDFKeU9xdjZuOHV6WUVIenFjWUl2YWQzMmJVZW1iWEJicVJsNUxoZVY5bFFsb0pVWWhCRndXRG1zM3VkcE1aNTd5cERKMU42SHUzeTVfM09xbzFMTGRMcWNjdjJxSFhCeGdyQmV3akI3RG9GVTh1cWZ3SEHSAcwBQVVfeXFMUGVicjNsTWc2ajBnWnEyYlNlc3JEOEZlRTRRRDEtazFyU3ZfNWhjQjRwVWROLWtJNkJUenBlcjh4MmtOc08zUS1vOUhLeEZ3c0pDeEN0cWZxNTJoUTRNbWZXZzJEM2gxenB2VXJkaEJfbUliejNRc2ZVd01BcW5GMS1VUnN0NzFyZk9uQ2pCXzg5Zmlsb1ZKUG5TVnJBRWVqSEpYVlk1MzVfOGI1MVBJRklVeVExR0VqWXVGNEZyOGJaYnVuQW9lcHhsUTRM?oc=5"" target=""_blank"">‘Our son is NOT a topic for your entertainment’: Sanjana Ganesan lashes out at trolls for mocking her son Angad Bumrah</a>&nbsp;&nbsp;<font color=""#6f6f6f"">The Indian Express</font>",Entertainment
"Filmmaker Shaji N Karun passes away at 73 - The Financial Express <a href=""https://news.google.com/rss/articles/CBMipAFBVV95cUxPMFlkbEM4M1VmRnJOMk9MRjY5ZzMzNFJMZTdmbjA4RmJVZHFoQmxCeU1hSHlWNlY1eURxWUluUFBKTkxLek9CcXhxa25GV3YwTmlmSXZ2dkJHZHN4aFp0bEpCOVVjb0JyYjdSREtkdUNtN1NfVkJqMWV5M2s0WDlMd3Q0R0MzalI3YkJId2pWb0FhTDNqaDBFNEh4SlB1Q21wdzhMMg?oc=5"" target=""_blank"">Filmmaker Shaji N Karun passes away at 73</a>&nbsp;&nbsp;<font color=""#6f6f6f"">The Financial Express</font>",Entertainment
"'Our Son Is NOT A Topic For Your Entertainment': Sanjana Ganesan Sends Strong Message As Video Of Angad Jasprit Bumrah Surfaces - pragativadi.com <a href=""https://news.google.com/rss/articles/CBMi4wFBVV95cUxOSXNYTlJRY2xKSlpaVXg2VHdpZVcyR21tekUtUHY1bHU0RkxSOG5CMk9nTTExVjVnY2xOY2FBQmhoalVOVUNRSGV1Vy11aTF0UXdNNlQ4QWZSOW54XzkwcndoN2oxU0tkYk1OMlgzclpVdW9JNlExWWtkb0sxMW1Nc3hRS3AtSWZBZFhwaEFoWWVGb182YnI1TTUyeGlyZkVnQk1ZcjhPWFZDY1FnbWVWSTlxUjYtOXF4X0tTMmtQaHFNX0RRZUlHaXRaTGJJSnBKNHVVUW96OGF3YloyaHJ5OEtzMA?oc=5"" target=""_blank"">'Our Son Is NOT A Topic For Your Entertainment': Sanjana Ganesan Sends Strong Message As Video Of Angad Jasprit Bumrah Surfaces</a>&nbsp;&nbsp;<font color=""#6f6f6f"">pragativadi.com</font>",Entertainment
"IPL 2025: “Our son is NOT a topic for your entertainment” – Sanjana Ganesan slams trolls surrounding Angad Bumrah - Sports News Portal <a href=""https://news.google.com/rss/articles/CBMiygFBVV95cUxOZnUxMkJpZDR5MEpqQkthQlJjb0ZuOTluMHptQlRKaG1hZGhvd19xSDI4VmJ0Q3JkZU9GcWdIaVRyQzdBTTBJTFRXU2dhNmZyanhqaW9wYzY4Z09OX3NHYnU0MnREekVPVHE1TVNoRUNDZjU3XzlkdzNEZVoyTzk3SUoyNHpYcUhfNzhOTkNSYU5uZHI4WkltelhDSW56bDA4NlR6THZvbUs5VVFNd0JGMjBVa05USko5U2N5ajNQRjJnNFZnejJJa1NR?oc=5"" target=""_blank"">IPL 2025: “Our son is NOT a topic for your entertainment” – Sanjana Ganesan slams trolls surrounding Angad Bumrah</a>&nbsp;&nbsp;<font color=""#6f6f6f"">Sports News Portal</font>",Entertainment
"""Our son is NOT a topic for your entertainment"": Sanjana Ganesan slams trolls for mocking Angad Bumrah - The News Mill <a href=""https://news.google.com/rss/articles/CBMizAFBVV95cUxOVFRXbzRtbGNpUVd2bC01Sjdad0VBWjg2U3Y1a2VELXJFeHFENzlGUC1wNGV2bjFTc2kzU2VXOVRuT3hmeGZ0Ukh2b25menduRVpObWZ0RHdMakJCXzJNdVRQai1iLTR5bkdZSng2TUNzQnQ2dmlFZmdEMVlFWnRNbngzMjB2UEhFS3FKajRGa0h3b2V2eURrc0xIQlo1UEdDYnhHU3JOSlBKbFdHSVhaamVHbUtLR1lacjctbGxWYVkwVmRDWkoxY2dad0s?oc=5"" target=""_blank"">""Our son is NOT a topic for your entertainment"": Sanjana Ganesan slams trolls for mocking Angad Bumrah</a>&nbsp;&nbsp;<font color=""#6f6f6f"">The News Mill</font>",Entertainment
"Flutter Entertainment Announce Management Participation in Upcoming Event - GlobeNewswire <a href=""https://news.google.com/rss/articles/CBMi3gFBVV95cUxObzBuZkdzUS1iQUJTVENraEZCWUxTbHJERTlKY0hGR0YtZjRObUE1QV9HQUg1bXpYQ3hWTzZIdFhtaVhjWlZwRW9XUkl6Y3cyQ0RKN01CSnFNdTI1US1aUEJQN0ZxWm01UDlTNHFhSEtjUVhRTnpXanhkcGkzU2swV0RiQzNHZ2RiWlBSc01MSktOZ2JIYWNVZXpGdkZkRGVaaVVtQmREUTBqUXdKZDdXdkVBeHczMU9fQW9kYWphY3YyWFM5X1NqY0dkTVp3M29SZXBRM0xESVl6QUhwRmc?oc=5"" target=""_blank"">Flutter Entertainment Announce Management Participation in Upcoming Event</a>&nbsp;&nbsp;<font color=""#6f6f6f"">GlobeNewswire</font>",Entertainment
"Kesari 2 plagiarism row 'amicably resolved', shares poet Yahya Bootwala - Business Standard <a href=""https://news.google.com/rss/articles/CBMi1gFBVV95cUxNSmNyYUVSdVhUQjhwNDllckNEdk4tZi1MN1FaRUlOVVdPaUQtQmVFaHBXZExuTnB1ekMzOFUwNHAxNmY0T2dqZGNJaW1ZOWtsOWM4bklmUkllVWFhQWVBcGNkZU1mdURlN2tVRVFXT1FVUlRNd1hONFBiZU0wQjlTa0RfMklldjlvYVVFRVVhWlpicGZxeTR6RlRKYVNnT2tWTkVhNS1xTi1FV2NRSUJhaXVLM2RSMWhXS1p2bUlxOW1HUkVxZ0hNYlBYYzN2YnlFaEFfdFZn0gHbAUFVX3lxTE5ENm4tTmh1a3Fud05lUzFzYmduVnVIcER2Vl9Qdk9Nc2lFMTlxb2p0UklQYUlXMndWc1RXaF9EdVFld25xZm5rNFUyVVVDY0Z4VFZTY0N6TG50bm1MNkxTUlFNYUFEN1ZOZzhqY29GVXFTMnIyZDVhMWpMQlJYamczR1pJd3Uxb18tX2p2bUFuNU9UYWhHNUpmT3dzdjdlV3U0dDZMWmUwVjNjSXpnVkx5cnpCdjM5Nm95b0ZkZGF1X3RUa3BWS0JoZVhnWXFNYXVkRVlJdTZqd3BQUQ?oc=5"" target=""_blank"">Kesari 2 plagiarism row 'amicably resolved', shares poet Yahya Bootwala</a>&nbsp;&nbsp;<font color=""#6f6f6f"">Business Standard</font>",Entertainment
"Ajith Kumar, Shekhar Kapur honoured with Padma Bhushan for contributions to Indian cinema | Check full list - India TV News <a href=""https://news.google.com/rss/articles/CBMi9gFBVV95cUxOSzU5ejZ1d0Y1WWUyNUl2RVk1NDJzbktjNktMMm4xZjJrNHowSDQwYlVTQXJHcG91WmQ5NXJKWGdlR0tNb1d4Q3pyQUdZZ1J1NHN1OHpoWG9zRHNvelY1b0R0M2t2c01CSkFMU3lkb29qaS1LNFJod2NBZ3hlWFc0WUt4ckQtaXV2OEJaeEs3RnBxSFc0aDNoV3hpaEFBU0xiZnNpc2gwOGhEVTlsVnI3YTdfZHJ0R0stb092THVZclFabXBhc3drcm5fcFZmdWV0emdtcThvcUN1M1hKcmk5amJFTzZENFhpSGl2WXVWTkR2bnZIdnc?oc=5"" target=""_blank"">Ajith Kumar, Shekhar Kapur honoured with Padma Bhushan for contributions to Indian cinema | Check full list</a>&nbsp;&nbsp;<font color=""#6f6f6f"">India TV News</font>",Entertainment
"Happy birthday Samantha Ruth Prabhu: Net worth, upcoming projects and more - Business Standard <a href=""https://news.google.com/rss/articles/CBMi2wFBVV95cUxNLUdCQV9oc2hXMmtSV0NFTU15NlVhNHpzbVhGdEJDdE12LU9OSXI5ZTJjRGZLLXp2a0pxb2t4c0lzeHZGQzFQMXM0WTBQRmJhS08zRWltS3FXQ3kyRkZ2OGJ3SUhBX1NTTk9MOExSd0hrdlJVaU5WdWY1YjZaYjRDQmNSWF9SOGlIa3FUYlQxTWd4a3hHRzdUbmRvUmRkWTdVVHkzZkFFcTVzLU40OEs0LUVIaGE4dGpLWE1WeXZ0clFBVlVyaWloa3hLOW1HNE9zMnNKN2RkRmNKMVHSAeABQVVfeXFMUFpCQnBlMlZMcTdic001ZUs4N1Jnc09CVHFkY3phNHliNm4zdlJCOVRITkRfOXhkc01HLUtSR21WZzJ6QnVlQVNiZ0RhRmc0dnJTTVo5OXY3VGppUE5jVXZGaFpuZlg4aFhudHJjX3FCemVpcm5HR2NEc002MTlnaDYwQmZ2VU9YNkdfNjlRVVBNbWJWd0hwdTNsbW44QjhUbGpnTlVha2VTMnVVdWFyVzJadkU3OVczVV8zWDFERUR6RGR4ZWdYZ2R3bl9POTlFcEw5TzJLTTZ1WGhGNEVmQWI?oc=5"" target=""_blank"">Happy birthday Samantha Ruth Prabhu: Net worth, upcoming projects and more</a>&nbsp;&nbsp;<font color=""#6f6f6f"">Business Standard</font>",Entertainment
"Shaji N Karun, National Award-winning Malayalam filmmaker, dies at 73 - India TV News <a href=""https://news.google.com/rss/articles/CBMizAFBVV95cUxNV2FHbHZLRnl3NlVERW01bW5MMGFqUTVRWkFuTF9IR01XbDU4dTZia0puU1lFMkVvZkdoV0dxM2NJbHRia3R5X19idDhONXVFWWNraFNyQndnNWFUaUEtVUVLRmNVcW1EejIya3BBXzFCa2xOVU5sSVFWSjYyZkw5MTBIdGN0SmIwU1ZobER1d053bDVNNU4xd2ktZnE4Z2w5VnlQSDBPVWczc2JzenJwRWdKSU5VTGh3V2cyQ3BWZ2E2U0tMc1doaHNobDTSAdIBQVVfeXFMTTJBbXdUdXllY1pmRDFNcE5vTDNjODVsRWxGUDVxSEd6R2F4Q1lmVUQyQVNRVHdQcVdVdzFlalV4d1hQemtGNDl4UUlSZ3ZBVXdydlBOSmEwcldiajY4b1ZDenpSNFhYc3NBNjI5LU9LV01Ba21vcEQ4dElRU3dCODFYNGJHTE9vd2diWnVQNTFmRno3Sjh2XzhjblhGQXJtNDROb2cxOHZTaWY1VWZEQXZyUldIM213bl9hdzdKMUdzLV9qdmpvaEV1ZWNEVXRKaGh3?oc=5"" target=""_blank"">Shaji N Karun, National Award-winning Malayalam filmmaker, dies at 73</a>&nbsp;&nbsp;<font color=""#6f6f6f"">India TV News</font>",Entertainment
"Sunny Deol begins shoot for much-awaited Border 2 after Jaat's success - Business Standard <a href=""https://news.google.com/rss/articles/CBMi2AFBVV95cUxNclhoV0hFbHlYYkI3eVNHdnJHdUlrTTNLbU5PclFtbFR0SW51QTh4MGRZUm1ZOWdyeG1JbXN5NjMxY01vRFVzbXo3b190X1BUME5rcVhEV0UyblRlRC03STA2aFFhNlIwMVpLeC0wV3Z0dE9LRU1pSjRLeHRrTVVyTE9QTUpJSC1ZYkhPdWRXdlNuWlF1UTlvSloydkl1dDNXcHpCdHhfSHgyb3oyTTZxMklSMmJ6NEZhTjJGZDJ5S3F3cFdIRkZ6a05rTlVlWnJrd0wtM0E2bHjSAd4BQVVfeXFMUF9zOHdDTTZTOUFOemI1dkNiQlpFaGJJVUhwVzlOZjkwZFRmVEQzYUdrTzBIcWdLVXVPZTk5T0lWNWF6V1E4X2dRQ2ZsX25sYnhJWkZic3BFYnVMd2Y4bkotUkRCdWhxMkR1RXRGcEd0WTM2ZG5kQ3BVTXlELU12LTkxcC10d0dZNWV5ZzJQVDBlZ0cxbVV3ZjVmdml6QmEyNmcwM2hzTVdmUDJCV3V2RG5yYlUtTEo0amhXejVpb1ZJYUI5SEdJM1YyOFFZeGtIWjZ3QmJuaWdHak9YSUNB?oc=5"" target=""_blank"">Sunny Deol begins shoot for much-awaited Border 2 after Jaat's success</a>&nbsp;&nbsp;<font color=""#6f6f6f"">Business Standard</font>",Entertainment
"""Our Son Not A Topic For Entertainment"" Sanjana Ganesan Blasts Trolls Mocking Angad Bumrah - OneCricket <a href=""https://news.google.com/rss/articles/CBMi4AFBVV95cUxPU0hZNVlidFNGSU1kdDdFVkRhZFdmeTl4MkRnWWFuTmwzUWpyUEh6aEYtTHgtTGNMcEd2WVVoeEJSMnZoQ21naEJiamxkNjd6aFpsZVZObE5QUDFSMl8wZ0lETXg2Qm1uQk56bUNVUndkSlFVcGV1cC1BcEZuem1BN195WlVaQmFxRlJSV1JsX2ZGazhWd29TaFFZRWpfWGZuS2Z6RGpXdFpxamhiREJBWmJVNGY3ZDByTWR3T09qSTBGVldoSkhYU1drNm9DR1NHQzlPWDFjOUhDSkd1dXV4dQ?oc=5"" target=""_blank"">""Our Son Not A Topic For Entertainment"" Sanjana Ganesan Blasts Trolls Mocking Angad Bumrah</a>&nbsp;&nbsp;<font color=""#6f6f6f"">OneCricket</font>",Entertainment
"Nawazuddin Siddiqui on actors facing discrimination due to looks: ‘Did anyone make ₹20-30 crore film with Irrfan Khan?’ - Hindustan Times <a href=""https://news.google.com/rss/articles/CBMimgJBVV95cUxNdEpNTS1rbVYxS21GSTFpNFpfdFlOd3lQanByZFdnMEpwMDNaUE04ZGh1WVRYSnQ3UlhPRGowakxKc3Exajc2c1VsSGZDeEtESG1xVk5aMk9rRWt3TXhUVkRjbHd2UmNOc1Jpc204T2tyNWtxZF94WGphQktzUXhqWHFZY2RuejN2bjhaaDJvTEV5Y2c2cUQ1RklUTlc4TE5hVG1UbWVaRXNtb3NoTlkwMGI1aWVQM2N5MzRTS3gzYWRaUUdZa3lGUFNBOFFidTRvcWM2ZnlfYkJmMVozcGlJdDBvVksyb2VVTzE0d0o2M3Bya0h3OWdVLWdyTlhWUGRVT2xwS1pVanQzTmZpdmxIWE9OeTAtdjVIaEHSAZ8CQVVfeXFMTm1uZWtQMWtoRVJ4clNqT2x5NmozZWhFNGo0bDlfOTktOWZVWU9ROWRWNG4tUXRlZnAxWF9GdDg0Umw2MHkxTG9MQkdHMGFtcnRoLXVGeDFkZWhVeG1KVmE5TGZtTWpaNG1reHNNLVAtTGJPeV9GS1E3UmgzcjN6TEJaaTFhU1VMSlVmRWpOb3c4VGRqOHNWckpyVjBMRnJwY0lWMm81OWF3cUV2RVkwWmFGOV9LV3pqc0F0THNnZ3lnS1liSnk2akpDbXdWVGl1UUhkTXZEQ2RZZWhQVUNITXNvZ0hnTVdCbFM4RFZnT1JQc05MOW5tTElhZmNjYTZRZXo3SEhfMXlCNFRDZVo2MTBDSk16b2FMaEg5U0xyVDg?oc=5"" target=""_blank"">Nawazuddin Siddiqui on actors facing discrimination due to looks: ‘Did anyone make ₹20-30 crore film with Irrfan Khan?’</a>&nbsp;&nbsp;<font color=""#6f6f6f"">Hindustan Times</font>",Entertainment
"Our Son Is NOT A Topic For Your Entertainment: Sanjana Ganesan Sends Strong Message As Video Of Angad - Free Press Journal <a href=""https://news.google.com/rss/articles/CBMinwJBVV95cUxNbXRoZnBpbVJ3bVBXNGxUdENmQWh0dWotR24yNTZMOGFxcHBKbnRaN1YwZlBhR0tqaVR2aFp0ZVFwX3VoZjhObDR4TGljUFluMnhwczh4UHdDeTVBUVB1VmFGZHdrOWJiSjZ4eFVsZGFjTjEzU0pBcktDVGFSWkR2SW51M3ZMSWE1dkF4WXJCMjFZMHRuMll5Yi1pczQzUDdEMjBYaU9hajl0RFNsdFZYLXgxT21BWHFmdFBycVdFd2xDa1o1cnZTdHRxSFBCS2ZFRnFzVUlmc3ZVdVBWYktfSHY4U0VBc3N5cWdEN0s3U1ZXUW1FRk1ZTnBXWGxhSGkxcWxybEhpaXBBal9ZakpGcHF0QVJEUVkzLW1MQk9IUdIBpAJBVV95cUxNNDBoY29RMUpjbDNXc0d5dHJuczkxZlFVOHpJWmFkV1NjWDZhbVJUTVNQeThPblhjZ051aDVoLWtINzF6dmNjLXE0ajdjUlQyOWNMT2U3cXF3YjlYRldWdV84TjdMTzBKdk5CQm9jMVBiUlU4Y2ppdmk1dENjTzBFd21XZlhEMzNRYkZqcUJlYWhnVmhGMWJpLV80eGtISkxYUW9ycUg4aHFYdXFhQllNczBkbk9ObTFBVkh6TTBWU1U4a0czc0cxR0VXRFk3NmVVdFc0Q2pKQ0l4RmFZdFRad0xwbDhkODNjS09WWFB0M0EtblAtQ0VsQmhoSFJyaTlqWEJVMmhGV1h0eGRENVpnODE3dHFvNGFYc0tvOF9FNy05aXp6?oc=5"" target=""_blank"">Our Son Is NOT A Topic For Your Entertainment: Sanjana Ganesan Sends Strong Message As Video Of Angad</a>&nbsp;&nbsp;<font color=""#6f6f6f"">Free Press Journal</font>",Entertainment
"Zee Entertainment sells property in Hyderabad’s posh Jubilee Hills area for ₹99 crore - Hindustan Times <a href=""https://news.google.com/rss/articles/CBMi4gFBVV95cUxNVXdybzJiaEZybEVSZTZscmdiR1pPdF9PeG54Y2RpNm42UUNUZmFqeFBKLVFES2twR183a2VJY1FjM2RyZWhBMjUxV0NycUd4MEhGc0hDRDdoaWRYbXgzanJydk5fc0F5VGxHNWpuQ18zYWZ2Tm5XMVRsOFpGa3RSRlVRV0lBOXN2NFFkc1Q2STBJZGVfVU03cDVydlloTlI3b1NyWE9qeXh3a0RHTFhDQVN5T3hhSWI4dEoxemFwWlh0bzBZbk9KRnlheWRFdTZoZHk0c0NoZ0hOdFhWTm5YNGRR?oc=5"" target=""_blank"">Zee Entertainment sells property in Hyderabad’s posh Jubilee Hills area for ₹99 crore</a>&nbsp;&nbsp;<font color=""#6f6f6f"">Hindustan Times</font>",Entertainment
"Suits LA Season 1 finale review: 10 episodes and yet something feels unfinished - India Today <a href=""https://news.google.com/rss/articles/CBMi5gFBVV95cUxORVUzRUpybXlJVEpaWVNtMVZqbUpNRlZHMDhTSXVOelIzZWQzazlHS2JoaEFlSHdWTU4wTlNUdTk4SWh3akpSX1o2SHpJdmRHMkdKbVNLZnkyaVl0b0pSMGdLd1JZc3MxTGhib2NWRDVGcnRPNUdYa0cxMkQ0bEpQNWVLVklHQ2RiNFM0NHY2SGtkd1h5SXBWUl9HRFZjbGZHc1Z2cHdJZEpHVFhOV1U0Ty1WVjV3b0xBWWc5TGExY0xnVEVfbThSTkZMZ2JORVRaTTNzckQtdFBPUTV5REdoVnZnVEIwUdIB5gFBVV95cUxORVUzRUpybXlJVEpaWVNtMVZqbUpNRlZHMDhTSXVOelIzZWQzazlHS2JoaEFlSHdWTU4wTlNUdTk4SWh3akpSX1o2SHpJdmRHMkdKbVNLZnkyaVl0b0pSMGdLd1JZc3MxTGhib2NWRDVGcnRPNUdYa0cxMkQ0bEpQNWVLVklHQ2RiNFM0NHY2SGtkd1h5SXBWUl9HRFZjbGZHc1Z2cHdJZEpHVFhOV1U0Ty1WVjV3b0xBWWc5TGExY0xnVEVfbThSTkZMZ2JORVRaTTNzckQtdFBPUTV5REdoVnZnVEIwUQ?oc=5"" target=""_blank"">Suits LA Season 1 finale review: 10 episodes and yet something feels unfinished</a>&nbsp;&nbsp;<font color=""#6f6f6f"">India Today</font>",Entertainment
"'Our son is not a topic of your entertainment' - Sanjana Ganesan hits back at son Angad's trolls over ""depression"" comments online - CricTracker <a href=""https://news.google.com/rss/articles/CBMihgJBVV95cUxNUm82UDFpaEEzWmR3S21zUi0wX0syM29VcWUxcGxIaXA3bUN0NFhmTnpGcmZhWHBlbXc4ZkdLaWJIUXM1SWd1WWxJRUlXekItc1l4ZGF2dzFEWG1UdDRLQmlpRUlyajZrUW9hRlFLODVvekNvVXZhRWFjY0JZaUFubHU1MEMtMFVVUTZmOHlXc3FibklyMTQ3b1BDU3N2QlU1SzlkMmx4MXJZREJjVXU2dFZsdkhpLW9NN0ZpSEdKaTRLTXNjUWtfVVd5SWZxSi1JVGVwaVpIQVowYmV0UlJXR2xfTFBZY3Q4dUc4R2VLZkdNY3FCeWR5NnVjdlRVeERjWlRlMURn0gGOAkFVX3lxTFBDd3ZHVTBSZHdVSmI0WUp4ZEFSMDNPdDBKQmw3SGhqNHlkeEpDUkdBV2dnX1V0clhfNC1KNWdXbUI3ZWRtLVZ0TmU3M1dfbkVqZnE3TXJTN1VkY05YODFicUhNeF9HVVRVTGRhRHB6SnVlbHVyc3pvZTVuTHhERTNSWXRYNVFyYWFpalhLSTE4a1EtMEE3RWV4bzJiWTBTS0FzbEpCRlZRNzNFdmdySkYwVGJXa0hFM1l0RU4wWFFLOGkxRU01UjZsNTZzYjVQTmwtVlVNaG1NUHVGdDRlYUN1ZWxSZlZQbElZVVowaDEzb3RKNW5ja3A0dGt6WXlaZ0tYckFHdGpqSTZLdU1vdw?oc=5"" target=""_blank"">'Our son is not a topic of your entertainment' - Sanjana Ganesan hits back at son Angad's trolls over ""depression"" comments online</a>&nbsp;&nbsp;<font color=""#6f6f6f"">CricTracker</font>",Entertainment
"Gram Chikitsalay release date out: Amol Parashar leads series on rural healthcare - India Today <a href=""https://news.google.com/rss/articles/CBMi6AFBVV95cUxPeDY0bk4xbmEtcDBTWlpHMEd0ZHFNdnNDQklreG9lMmI2eE5iMmlCWDBoQ1ZoVmg4MG5DMGhXbzk1WTRrNk8ybE54cWdPUnM3bDlKRHI5S1B2LTJhNGtOU1lHU0xhOENyd1hqaFNZcVJTdlBRQmY3Q1pVdWM2NGM2X21Nc2hqTWZGSGZabzFKNUV1bVBNbGhYUnJGMU1PM3U5cjd6MFZCLVhraTJFWldlNFQ3TE9CS2pQejdjT3pqM0NMMDRCSC1MUjcyQUphdVZwM2xsNF9FeFAzQXJpell5NEJqaVZSaGpv0gHoAUFVX3lxTE94NjRuTjFuYS1wMFNaWkcwR3RkcU12c0NCSWt4b2UyYjZ4TmIyaUJYMGhDVmhWaDgwbkMwaFdvOTVZNGs2TzJsTnhxZ09SczdsOUpEcjlLUHYtMmE0a05TWUdTTGE4Q3J3WGpoU1lxUlN2UFFCZjdDWlV1YzY0YzZfbU1zaGpNZkZIZlpvMUo1RXVtUE1saFhSckYxTU8zdTlyN3owVkItWGtpMkVaV2U0VDdMT0JLalB6N2NPemozQ0wwNEJILUxSNzJBSmF1VnAzbGw0X0V4UDNBcml6WXk0QmppVlJoam8?oc=5"" target=""_blank"">Gram Chikitsalay release date out: Amol Parashar leads series on rural healthcare</a>&nbsp;&nbsp;<font color=""#6f6f6f"">India Today</font>",Entertainment
"2025 media and entertainment outlook - Deloitte <a href=""https://news.google.com/rss/articles/CBMizAFBVV95cUxNRDZuNk02ajVJWEE0LWpIc2lFSGlRazhGSGJjMjdFdFhYcjlsNEMwV2lOZW5fd2RMMXRJVWNhRUlHa3J2Wjlaajh3dDRsZTJUVjQzQTJnNVdNVWVSb3lKUV91bkhRYkJ6VDZGWWhDWkJ2dEVQZW00WjRXazh0dVVaLTVvYVBfSWthbzBvdGkwUEphblhodndCdjdaWkpKWVFtNnp2ZTIwT3kwa3lGc1h0U0dCR2lpbUxZUlZOTVljZWdNb2NfdzUtZWYxOVQ?oc=5"" target=""_blank"">2025 media and entertainment outlook</a>&nbsp;&nbsp;<font color=""#6f6f6f"">Deloitte</font>",Entertainment
"KalaRaj Media & Entertainment Pvt. Ltd. proudly hosted the Curtain Raiser event - industryhit.com <a href=""https://news.google.com/rss/articles/CBMiZkFVX3lxTE5fZ1dIdUg5VXQtMk9tR1JXRDhMOEtGQlh6dmFIU25uREpwUnJ1V2lvRFlHMFRrcG5CcXYxMEt3MktUMS1zaW5jZy1zWnphTjl2MVFIemRoTlpTU1lXYUpJS0RnM1RwUQ?oc=5"" target=""_blank"">KalaRaj Media & Entertainment Pvt. Ltd. proudly hosted the Curtain Raiser event</a>&nbsp;&nbsp;<font color=""#6f6f6f"">industryhit.com</font>",Entertainment
"Aishwarya Rai Bachchan lights up in Silver - Times of India <a href=""https://news.google.com/rss/articles/CBMi0AFBVV95cUxNS1dRWi1TZDhjQkRKNzZ2Q3E0MzVHSEZNMVFDSDVoOXJ3S01YRHdYRURQV0tnT0cyQ0U4bmlBMWhTMVZxSWJOVzNic0dGdFpTMDJVRHVVVU5HWkJrTGIwb09semI5UExZY2o2QnZ3Q2NuaWtkeXY5anBVclVMTndqbzNmQUpLN0ptcTBrV3RIZ2tZUV9IaWdESTJYVjZNaEtxOEVXdGJhOThNenM2VlhIZ3RVTjRuRk9lZ0drN2l4OW5EZldhalVOTTJ0amdkLUN60gHQAUFVX3lxTE1LV1FaLVNkOGNCREo3NnZDcTQzNUdIRk0xUUNINWg5cndLTVhEd1hFRFBXS2dPRzJDRThuaUExaFMxVnFJYk5XM2JzR0Z0WlMwMlVEdVVVTkdaQmtMYjBvT2x6YjlQTFljajZCdndDY25pa2R5djlqcFVyVUxOd2pvM2ZBSks3Sm1xMGtXdEhna1lRX0hpZ0RJMlhWNk1oS3E4RVd0YmE5OE16czZWWEhndFVONG5GT2VnR2s3aXg5bkRmV2FqVU5NMnRqZ2QtQ3o?oc=5"" target=""_blank"">Aishwarya Rai Bachchan lights up in Silver</a>&nbsp;&nbsp;<font color=""#6f6f6f"">Times of India</font>",Entertainment
"Zee Entertainment sells Hyderabad property in Jubilee Hills for ₹99 crore - Business Standard <a href=""https://news.google.com/rss/articles/CBMi2AFBVV95cUxQQlZWdkp2VHJlM1hlT1p5czBIVUtuNG54SFc1THBTTm00U2Jnek1iNjN6OEJhQ3NjdXlzaGNSUFQxb1Uyel81OG9hMXU3TExUZVlrS0dSd2NYdlVpU19jQkpEMDhqU0taTElnR3FheS1oZzdRaTFQOWt5Y21vZjY0TlZDWUltVVRtOXMtZHZ4N3BSZHdRUVRraGRTbzVTVjZuOGZrTGp0WmUxME5SbWJQYmtIRGxSTVNJS254czRYM01GWTRaZnZfUFpxVGE0MUdXZS1jTzlPZTfSAd4BQVVfeXFMUEl4WXd5eVhrakhEM2lqX3ZsQzlIdEtJYjhtUENWaU1GNVBMank1ZEllakFXYkJVcFJOUkc2SFktemotakJtbXJnOXBHS3IyMWt6YUFSdmpfcXdmbUxZSGdQVmlldDA5MUdQNEZkUUNjbFdIeVhDSVE5Y0l0UmxkVzNPejd4QUtZcEVXR0NkT1dpdk5qMXlzWFR2dGJlcV94Wm1TbmNNaS02Sk1YYi1xX1E3THYzcDdVQU9nOEJKeUtzVU5CbER2SDRpZHBqaFJEbHE3YkhTNHoyZllHQXpR?oc=5"" target=""_blank"">Zee Entertainment sells Hyderabad property in Jubilee Hills for ₹99 crore</a>&nbsp;&nbsp;<font color=""#6f6f6f"">Business Standard</font>",Entertainment
"Ground Zero box office collection day 3: Emraan Hashmi film continues upward climb, but still earns just ₹5 crore - Hindustan Times <a href=""https://news.google.com/rss/articles/CBMilAJBVV95cUxOVmNQMEJpd2RibGNlTHVMbFRwMXdKbTdfamdsLXcybFQxOGl3emRJdnc5a05lRG5ERmZCTFUtODNkMlJ3cW5MS0FUaDBXdzBVMFZzQ3RfNnNQSUotVW1qaEE0T0RsT1RNQmtTcWlyZ3ZkVEZvbnllNV9DOC1kaFdzbVY5ZlhHSUhRVE9EX2Z3Tm9UU2dIRkZhekp3TDl6NEt3RElUVHlBQ0JkbjMzd0lEVzVsLTBtRkRMcEgzTFMwUHNWV2VoSXloc2tBOFd2dmE1enBpVmloY2YzYlhoOG4tZnZUclB2WEFLYmxnTVVWUGRhS0tkbmxlTXRaSHpwTllOZjdMRW9VVUVyWkpmT3VCN3RjT2fSAZoCQVVfeXFMTjJjZWdaVUhSRmc4TXd0YzloMEE2czBDdlFuaUw0anZpX0tUeE9pQUZ1Tjh1LUM4Y1AxdnhhTHVfdEUzQ2w4amptcXpjTFRtN0lVSEt4MGx6VTB3TVk0NVI2cDBrS3NhSzktbFdaS0FUUUZoT1FPaVZlQ3QtTTZiUlJCQk1uUWR1SmQyR0pxbVlPOERZS0syZkZBWW1oUE5DSEk0WVkyQWxlWVFxWURHTnVPenE5MFV3SGNVWTZDNTl3SFJOdk9wNFVPQm9lekNmSVhYaGJLSEZsanlza0NOc085ZExYNmNrRGZXeXRGMXlYaHNmQjJoN2VOclBCaVhVTWM2WW9ic1BIbkNqR1ZPYlU4TThxREUxQmZB?oc=5"" target=""_blank"">Ground Zero box office collection day 3: Emraan Hashmi film continues upward climb, but still earns just ₹5 crore</a>&nbsp;&nbsp;<font color=""#6f6f6f"">Hindustan Times</font>",Entertainment
"Another Simple Favor to Bromance, a look at OTT releases of the week - India TV News <a href=""https://news.google.com/rss/articles/CBMiywFBVV95cUxNcHU5WGFiZjNrMHA4aVVLU21nN2JoUENadjYyVzhVRU12bW5qaTZnQWRBSjN3Ym1wSU94VVJqNEd0WXVPc2VmTDg3RTI5MlBmWWN3YTF1UkNHUGVKNmpLdGJpTDM4STV2UnhJelNraTlBXzVfM2VqQ1UzYzE3TFllZmYtWkVCNnZEYk9xcG1zcFZTeExDcXBHdERZM1VIZVFHVWRPaGd6aklVNVVjaTVnTGswZlVaX2lMalhUcHBGeEVOdndJNVJHaUpUNNIB0AFBVV95cUxPOFlma3BLak85UEpGSEVDTVVyRXphaGMyalBOcm9XWEJieEN1RU1TNkhNd0dITzJpVVNOZUxaVVNRWk1mNk9uc2tFbjd2N1I2VFVlTFJsWjMtd1lZM3pXdlZpdF9qQVh2STdGbjVpbWpiQjVMaTFGMkJYR0dCM0xBSEhYRW5HSXN5bFA1YmRSdl9GS1l1SEJyX1VUT3V2MTYybUdKcEpNdTdBbzBXTGd1UXZsMmRMZjFFQVRnOUhQZkxlLTFkMUZ5X2dmTzBxQVZ1?oc=5"" target=""_blank"">Another Simple Favor to Bromance, a look at OTT releases of the week</a>&nbsp;&nbsp;<font color=""#6f6f6f"">India TV News</font>",Entertainment
"Zee Entertainment sells Hyderabad property for Rs 99 cr amid strategic asset monetisation - Storyboard18 <a href=""https://news.google.com/rss/articles/CBMi2AFBVV95cUxOV2xKRkhtUVUwWTZfNlhfQlF4Mm0tdVF5RjgyR1Fka0hTWXJ4SHJTMTA3TTF3MHk5SUVkWFZLakphY3pBN1AtWVhsRlludWEyd2t0OWcxY3dpTU8tOW9HTVRKZHJuVVZyZTZqTzdENGhNZFUzTl93RF80eTlUbnlwbUtaMWswdnJkLUlvR1FTa29jQXFMUjNXaU1zZWNwX3VqS24tUkVCcjd5dDdaQ1FSNVpfNldwcUR4VFpfcGYtWFhvdjIwLXJ4STJMNnFUR2hTQ291NXVBdXfSAd4BQVVfeXFMTTl5OGY2SmVTMjVqc2p5WU4xYXhlUmJGYW5tVWZQSnNKSWVaZmZLU0k5Yk1KcjJ0UHlLSUpkaU92ZmRmSVBrcXlFTGk4OWkySnYydnlNUGZGN1dnekRWZ0hvRFF4NlJUOUYwZXdXZ1BWUVFHRG8wSHhWamltaTJWeTFJb0s2dk5FOE1uWUc1NDQ0Mk14SldHYlJoZDRTNTBiblVJQi1EaTBlNTkxdGdzd295MUlxTUtLbUpHM1hLUUswMFljSzVGQkdpQXB1UHdiV1JjdjVaRWYzY2xnUWV3?oc=5"" target=""_blank"">Zee Entertainment sells Hyderabad property for Rs 99 cr amid strategic asset monetisation</a>&nbsp;&nbsp;<font color=""#6f6f6f"">Storyboard18</font>",Entertainment
"Ioan Gruffudd and Bianca Wallace get married - Times of India <a href=""https://news.google.com/rss/articles/CBMi2wFBVV95cUxPSDI0U3R6a1Fsa1Q5OFVIc3VsVHdFSk9sWEI4aUNBMUpjOUNfV3dfZkVHcFQ4a1F0enozWGpEZlRPc0ExQXdJMlY2SzFMMDI3dXRGZzZmUjBHbzZ6VkFuQVJOSmtnREVCM1BvYVQ1NzluSU1sRnpZSjZhZXd1VWVqS3lORVdnYjUwTXNUWlVUbTlDcVdBb3dUSjNPZjc4VEptS0RIU3pUZUY3OEtVdFVTc2lxc1gxdWxUc09hbWZ2czJfTHNITjQySG5BSzBURlVISlhlTXNWU09uMjDSAeABQVVfeXFMTmo5MFo2TEFpS0VvTjAyX183YnFfSjlKMlpwWTM0blJKR2ZqUm1aRUFBLXc0dWVPT1J3QjdmX01xa0I0Y1ktcGFFQ1hScTNPNUMyeHAySHAwMFhJXzdQOF9xcG9MRlQ3Ql9rWk9WLUJUM0Z5OTVxcU1iVFpIbmdOT1ZNcGdiOUdEQjRXLUpWOGd0Z0p3ZS1ySS00QmlPM21YZ3gxNFNhTW14UDlJRkUwVzhUMXM5ODkwMmc3RUUwMl9laDdackV6aG04dEV1cTEwY1R0LXlacjU5cDFuaVdpZWw?oc=5"" target=""_blank"">Ioan Gruffudd and Bianca Wallace get married</a>&nbsp;&nbsp;<font color=""#6f6f6f"">Times of India</font>",Entertainment
"‘Laughter Chefs Unlimited Entertainment’ 2: Karan Kundrra's dish gets Chef Harpal’s salute; says 'I was c - Times of India <a href=""https://news.google.com/rss/articles/CBMivgJBVV95cUxPbGxpdnJRb1BwQjVYR1ZsZHdhdWh6eW1HN09EYUhhaGV4anRrdHBfWk5NUjNoeHZ5NE9MdVpNdFlKOUpxcEVXQ3EzT01seWQ0OGkxVDNfZDVZb1d1d1lQckdaSnpKbmRTekthRHhCRFJROUYwMGJVakxUR3A5TENGR1FFTXlXTTV2MzhKc3lPNGs0OEZvVjhLMWdJSEZtc0VaNVRJYnozMVhIWmVNcDVXcUQwZV9hOVdMMVhhdkRDT2VDOWpiOVgwcTB1cm11ekFtN2FjVGh5STBNTl9CbzJrbFB5YWFTLVhWSjNCXzIwOGlHOTdlT2JpSFlXUl9vNldvNGM5eEM1a2t4ZjlPdEEzbjdUOG5KTGFyMnlETGFxbFZ5NEFFamZnUzB6ZWdlZllOUFJkRXFha2x3UUp1SmfSAcMCQVVfeXFMUHhMRHpxRUhfem94WmIxcVdxWEFnWWgwT3hONTlmZmhtYWxIOWVtc2J4Tlo3X2VEVmxlX1hWWC1vRXp5MEc4YkVBTU1TZ0Z4WExjaF9FRThkV2xkcXJlTlZ5QXloVHBHc1Nyem4wYU5UNkw4Q0dzNTlvMFQyTHpWUzdHaHFzQWUwdU1ZczVVUmVEQXB6bWVBMXVuWDVhZnVkbkZINGFUdFdEV0ppVTBqN05XZHhNZ0htN1YtUnhyR1lFRHo4M1pyNGU1MW5nbVVobURSMTQyUXNnTTA1V2dQc2hhV1pvTjA4a1RhRGpHbkZPMUoya0VNTUxCTHBwYkN5cXJTSWFiNEgtRDhXV0xUVlFqbVdYS1RVYl9rT2oxRkhFaTRDOVd0ZC1FMkJ2d2dUakh2V2pWTzE1TFhZRXRwaEctSlk?oc=5"" target=""_blank"">‘Laughter Chefs Unlimited Entertainment’ 2: Karan Kundrra's dish gets Chef Harpal’s salute; says 'I was c</a>&nbsp;&nbsp;<font color=""#6f6f6f"">Times of India</font>",Entertainment
"Kesari 2 box office collection day 10: Akshay Kumar's film sees huge growth - Business Standard <a href=""https://news.google.com/rss/articles/CBMi3gFBVV95cUxOUVlWZi1YUGFaNTZpbWFOOHZLdi1zcnlyTmdoNlduMnJoUC11WExjZDJiQlJMckZobmk1b3ppcExIdlZwU2tTM3VPSFdCbU1KVlVJUEg1S05XOGhxNVVjUjkzOTlqWEdWRDlNN1BESG1OZGtmZFFsMm4tXzBCMXhfS1hpTk82TGlXUU5QSXFGd1VuTVdnZHZqLVhfWThxSVJvWmtNMmxkNnpNR0EzNElubFVqRGVQSnItT0o3cnRTaG9TdXhIUERxSFd6WDVwTjR4Qk1PWmhVeGJ1dTEzdlHSAeMBQVVfeXFMTmZselhsUTRKU0wtNHhRR3JSbnU1Zk5EaWl1cXptRXVhdEZjN1hNWHFxbkxKb0ZCR3BpYkZVWFRPLUJCTEVBcWxMVzloYUdwOTlJQkc4SVpuVVpkVUVwV2JEZE1aSVgybFNpRm1XR2Q3azlQcEEybW9fNnJZSmFjVjVMYTZMcDE2OTlzcXl1d3lCbGpwNnQ1MWNnZXBUblRwZTM4SlhidXI4OGhCeFA3c3FaMjhySHpvazNZNGlvNmhqeGlZOW1aT2tkV01FWWNKRm9aZkN5cFE3VkstT1ZyUmljbU0?oc=5"" target=""_blank"">Kesari 2 box office collection day 10: Akshay Kumar's film sees huge growth</a>&nbsp;&nbsp;<font color=""#6f6f6f"">Business Standard</font>",Entertainment
"Bumrah’s wife, Sanjana, slams trollers for making their son Angad ‘topic of entertainment - orissapost.com <a href=""https://news.google.com/rss/articles/CBMiswFBVV95cUxPVTFRTThtTTZsR01HZWNOU19xYTF0U1R0SHdxOV9DUjd3T01ra29ZX0JhYkh1M0NMRTIxTkRwTDN3ZEZGaEIydENlY1plUDNzOGhXeXZ6SC1tOE9xSENrc3dENFAzMTBBOG4zMHY4UTdQaVVKWldmaUtnNTE2UGJ6Vl9kLVAybk9jYmNVV0padnJaN3lrcWFYYi10Qld4bG1IT29KQmk1Y3BFbHJoaUpmTVd0a9IBswFBVV95cUxPVTFRTThtTTZsR01HZWNOU19xYTF0U1R0SHdxOV9DUjd3T01ra29ZX0JhYkh1M0NMRTIxTkRwTDN3ZEZGaEIydENlY1plUDNzOGhXeXZ6SC1tOE9xSENrc3dENFAzMTBBOG4zMHY4UTdQaVVKWldmaUtnNTE2UGJ6Vl9kLVAybk9jYmNVV0padnJaN3lrcWFYYi10Qld4bG1IT29KQmk1Y3BFbHJoaUpmTVd0aw?oc=5"" target=""_blank"">Bumrah’s wife, Sanjana, slams trollers for making their son Angad ‘topic of entertainment</a>&nbsp;&nbsp;<font color=""#6f6f6f"">orissapost.com</font>",Entertainment
"Ent Top Stories: Padma Awards 2025 ceremony; Kareena Kapoor labelled 'traitor' - Mid-day <a href=""https://news.google.com/rss/articles/CBMigwJBVV95cUxQWkI4d1JaNEIwUjR1MzRHN1E2S3dLVmxheENwR2FFb212OF9HOU9SS20zLWRnWDdJRXAxRWhLc2pxX3BxanRKNVU5SGdJS2dKQ0xIR3EtcGdOZFVua3FvVkNMakFyUnhXS0REUWZ6RkhZZjJkY0RGNXRldXpPTXFYS2ZINFF0cEtCaS1mcUZqdlIza1ZqeVZfczlHQlFPZkxVQUE4cXE4UjN1WG1Bd0xXUkZYejh4Wk9nRUxLVDRZQUoxbkhtZlVyQXpLY2F4ZkJPNGJXMHVEOHVGNUE3ajRRUHpWZ3V1MU5rZ3RGOFBDS0gtRE85aC1Xa2lIUkx1NkFFM3Bv?oc=5"" target=""_blank"">Ent Top Stories: Padma Awards 2025 ceremony; Kareena Kapoor labelled 'traitor'</a>&nbsp;&nbsp;<font color=""#6f6f6f"">Mid-day</font>",Entertainment
"10 Best OTT dramas to watch on long flights - Times of India <a href=""https://news.google.com/rss/articles/CBMi1AFBVV95cUxNbEJIZHJ2MFRvQ3l0MWdUY1RoWGo2eXkzUEVJTktGUnE0ekVwQzJPTkZXcVM2bFJNY2VLSkxMdVFUR3hZY0NvVDBDelBia25JMHY2cElZa09GS2k4cGtKWi0zUDV1M04yUnhYTzJKeWhVYUktS3VlNkptcTdkMU1pY2lmbVVlb19QRjlldnJXWG42Z2RhYkFPN2owT1NrQXo4OW5qVkQ2MmFxQnh2X1l6VHQ5cGtyZ1hCNjJLUnN0ei1JN0ZzQ0N6WHV3Z0J1OGFpZGxHVdIB1AFBVV95cUxNbEJIZHJ2MFRvQ3l0MWdUY1RoWGo2eXkzUEVJTktGUnE0ekVwQzJPTkZXcVM2bFJNY2VLSkxMdVFUR3hZY0NvVDBDelBia25JMHY2cElZa09GS2k4cGtKWi0zUDV1M04yUnhYTzJKeWhVYUktS3VlNkptcTdkMU1pY2lmbVVlb19QRjlldnJXWG42Z2RhYkFPN2owT1NrQXo4OW5qVkQ2MmFxQnh2X1l6VHQ5cGtyZ1hCNjJLUnN0ei1JN0ZzQ0N6WHV3Z0J1OGFpZGxHVQ?oc=5"" target=""_blank"">10 Best OTT dramas to watch on long flights</a>&nbsp;&nbsp;<font color=""#6f6f6f"">Times of India</font>",Entertainment
"AI Brief | How AI is reshaping content discovery and consumption in media and entertainment - MediaBrief <a href=""https://news.google.com/rss/articles/CBMihgFBVV95cUxNUzMzc0FFOVlZSUNlUkVWT3dISlgwTGJzekFUZnRnRE5SZzFqdzZVanpxaHRGdTBEM0h3TzRpOVlzUkNXT1dqSDh2LWtIVG5CZnBNaGdzdmhyZEdNOXFwZVp3TTY0SkVmQ3NlMUh1U0VCS3lETW4wRDFrREpqMXAxaWtyb1gydw?oc=5"" target=""_blank"">AI Brief | How AI is reshaping content discovery and consumption in media and entertainment</a>&nbsp;&nbsp;<font color=""#6f6f6f"">MediaBrief</font>",Entertainment
"Entertainment News - Ahmedabad Mirror <a href=""https://news.google.com/rss/articles/CBMickFVX3lxTE11N2ZBNUJmNDk1Y0RBd3h2OGJZQzNINGNoYXR5TXRaaElzWGI5czBLUU9aTFMtcXJ4ZUJNUUtlT3BXYXgtUGFaOFB5cUhCUE5mbERmY19XcGNneXZMT3RUZjZIVmNubjQ4ZG1Od2FBM1ZKUQ?oc=5"" target=""_blank"">Entertainment News</a>&nbsp;&nbsp;<font color=""#6f6f6f"">Ahmedabad Mirror</font>",Entertainment
"The Shifting Landscape of The Indian Media and Entertainment Business - thecore.in <a href=""https://news.google.com/rss/articles/CBMirAFBVV95cUxPN1d4eVY5SEVfRWZCOFByTTZvRXNiVDRfc0dOVlFyaEpGR3F3ZVg5SkVSYmI3R2NocEpZZVRKcVhKdGU0TG1acXZINHVfVDVxS1hHeUo4TkNNaExJYnN0OWxwS2hodHc1MDdWN2YtRDRWUzg5Z2Z2bUZoOFhLV296bmtJam5JZDNYVWgzSG5oUjJzN0VFNzJPLWZBUHdCSFU1b3RCaGVUNEVfR1Z3?oc=5"" target=""_blank"">The Shifting Landscape of The Indian Media and Entertainment Business</a>&nbsp;&nbsp;<font color=""#6f6f6f"">thecore.in</font>",Entertainment
"Media closes the border to Pakistan cricket, entertainment - The Economic Times <a href=""https://news.google.com/rss/articles/CBMi1wFBVV95cUxOV1g0eG9hN3lLV0RBWDlhY0F3aGRDSHJTLVZvNHVRbktXX25pUU1VRXhUOU9MTlRNd2hVN1FlSWV4UWVUbHlxbmt1Vm9mOG4tUzNqT3pFREhQZ0N0WkpJeWl1bnVlMzB4X2xDaTI5SHByM3dCTjRjQ1FfazB2S19FZDZkQWQ3VlpqZHZ3Z09QVlkyNVp4R0otM2hnbndBV2hpdldVcmp6R3RCOGc0QTVXNjQ1YVlyUVNlQ2h5OUhubHJtS0NPdHFXZThCSTlVVlRPNXNVSnhZY9IB3AFBVV95cUxOcVVsc0RVUzZtZGxndFc3M21hT2RsTlU0NGhXMDRyTmpjdlBNUmFUTGF2aWgzY3ZMVHdOdFA4TVF3OS1jZzZfNWxrdzJKM1lsckI5QnpBalV2a2xlVGRkbVdLcFhlMFBvc1QyVG1WMzJ2Z2MtUGNtbzFQSE42ZmNsWDRzNEt2STktbUQ3ZnpJcGxRajlmZWpKR2hQWk1LMVdsQVFUNzZPN3hockJKU3pmd2I5ekg2LXJSTU9uc29wRTA1a3pvVUtxN0tNRlVBRlpMRjN5cnFrUU9WV1NV?oc=5"" target=""_blank"">Media closes the border to Pakistan cricket, entertainment</a>&nbsp;&nbsp;<font color=""#6f6f6f"">The Economic Times</font>",Entertainment
"Jewel Thief movie review: Low stakes, disposable entertainment - CNBC TV18 <a href=""https://news.google.com/rss/articles/CBMisgFBVV95cUxQTHFfdUNSaExmMzdmZENEeVNUWE1FUlQwRTRUSFFyU0pFNGlTOWlPSUI1b1o2MmIyeFoxTm1sam1PQUlfNjR1Skt0aWV4d25JUjhfUnQyRmx5VGtXTEZiU3MteXEzQ3M0blJEMVVESHVXUUJBZTVFNVMxSGlCYWdJYk1ZZU1Vb3hIRGxualo2Q3IwbzFXQ2tXWUR1NGNPcWJqb2Z5OC12aTBxbEhlUmNSbmJ30gG3AUFVX3lxTE9ERXVBc2ppaElweXViNDVNTGJxb1l4dzNSRlhJbjl6RndxZkNlNEl2VGE0S1VaTEllQndKMzVfbDdWeHR4cmsyRkdmdXpWbVUyRkVzVlRCX3lYWU9aNnFheXMxb3lqSHhXNGNfVHNhS1EyYkVVVlcySDg0MDJjdDJwandmQXp1WGV1NlpuM1plNHNEVXc2bkFtM0lqMmhIYm5xOExlUDdLTXpaN09ZZmI4N0dwR3FIQQ?oc=5"" target=""_blank"">Jewel Thief movie review: Low stakes, disposable entertainment</a>&nbsp;&nbsp;<font color=""#6f6f6f"">CNBC TV18</font>",Entertainment
"So bad it’s good - The Financial Express <a href=""https://news.google.com/rss/articles/CBMiggFBVV95cUxOUG1jTVFNR3VBYXk3RFNXTWctVXlCQlR4Yl9aX0lFVnRERDBhMGExSUNzVTBDRUtxcHZ0Y0twbEtOVlZuZ1ZWZUNOV1lhdy1VQkg2UndhcGE0QzZyQkdDZkpIM3VKcnJwUmFfNm5fcHdxX011eEFHNm5QOXhpcm1jUVFn?oc=5"" target=""_blank"">So bad it’s good</a>&nbsp;&nbsp;<font color=""#6f6f6f"">The Financial Express</font>",Entertainment
"Elevating Fan Experiences: DNA Entertainment Networks Transforms Delhi Capitals' Home Grounds - EVENTFAQS Media <a href=""https://news.google.com/rss/articles/CBMiywFBVV95cUxNcVoxZWU4d3RQNVJUMzJod2h3N29VUTAtYmM1ZHFMTjNLS1FoaFpnZ1FJNUdnWFZQdV9NeEhXUGtCbXZMSTlwcWlCcEpzblAwNDNHRUVHd0hFUnpWaUZzai11OXFQR2RnMWVZcnBqMS1GV2JIYXZ5dWZ6QlR3cm5UbGdfUWNFc21hWjVlakVoWWVJSXlYUkwxMFM4MVNwZkhmZ3dxOGhvQVBsZ1NDUUowVTZ3bjVHaUtWZmNSQ2g5VUIwMzdWd3RmSXd3dw?oc=5"" target=""_blank"">Elevating Fan Experiences: DNA Entertainment Networks Transforms Delhi Capitals' Home Grounds</a>&nbsp;&nbsp;<font color=""#6f6f6f"">EVENTFAQS Media</font>",Entertainment
"Exploring 4 key sites for Thailand’s mega entertainment project - Nation Thailand <a href=""https://news.google.com/rss/articles/CBMiaEFVX3lxTE44T0pFdEk3YWl3d2QwLWsxa01VbGFVdF9tOENNUDljb1NWWXN4Y2tEZURISFMzNWktQWREOVg1TllQQmU5aDJEb0c4c21tZFo4REFUQWoxLUZaTkhtRFdSc2tFS2lqNlUx?oc=5"" target=""_blank"">Exploring 4 key sites for Thailand’s mega entertainment project</a>&nbsp;&nbsp;<font color=""#6f6f6f"">Nation Thailand</font>",Entertainment
"Deepak Pareek Wins ‘Best Show Host’ Award in the Arts & Entertainment Category in India Audio Summit & Awards 2025 for his Podcast- ‘The Chill Hour’ - Newspatrolling.com <a href=""https://news.google.com/rss/articles/CBMi-wFBVV95cUxNMElEREd1QkpiRmRWbzZXdUNobzBaamlZaVVUTWhoZ3o2aVU2OVZvM1VYYmY0Z1VGNWJoMFlJaUFNNDVsOW5Wdi1hZWlnQ1hGSHRPcERPZWhQLTk3SF95VTdlbVBvZ0Uzc1ZIWlpYZnBjaEROcGprb3U4VW9idk5YNUpRVGM2U1lHNmlSUlp1ak13YzhkN2dFMWs0Wk96d3lZOG83S1BMcmd4VE9EdlNfODk2WHdxVDhISG55UXdETllwRnI1blVGZFU2a0lFaGtJNVF6RXhTOThUR1N6RXR3d0tCakgyQkQxZGpjelZhU2pQQ3doMkNKQjFjOA?oc=5"" target=""_blank"">Deepak Pareek Wins ‘Best Show Host’ Award in the Arts & Entertainment Category in India Audio Summit & Awards 2025 for his Podcast- ‘The Chill Hour’</a>&nbsp;&nbsp;<font color=""#6f6f6f"">Newspatrolling.com</font>",Entertainment
"What Is ROAR, the New Network Replacing TBD? - Wyoming News Now <a href=""https://news.google.com/rss/articles/CBMi2AFBVV95cUxQeUp3OXhwRmI5bk5YUEtFWWphdFM1LVl6NmFTdHdPb2JjUVFVZzRDd2ZMSlVhMXk1ajdZZ0NTZE53SW4tUnhrTWJ4dmtvOTZuRHNLVTVYNDJmQnYtWTM1cmhjSW1nWW5oeGlJSTZ5RU1vQmRXUmJnVHhjanVqM3hyU2dwNFFJc1BCOTFabXNudTZoZ0gyT2F3ZUVpdU9BWnFqM3VuZE5kelZKMjlQZF9ZQ3hSTndEN0p2SkluZlp1WEZFRHZCM0N6V2s5Z3Z1RGU5Y1FKbzZ0V1M?oc=5"" target=""_blank"">What Is ROAR, the New Network Replacing TBD?</a>&nbsp;&nbsp;<font color=""#6f6f6f"">Wyoming News Now</font>",Entertainment
"G0VO unveils the GOSURROUND 999 – Redefining home entertainment with exceptional surround sound - Newspatrolling.com <a href=""https://news.google.com/rss/articles/CBMivgFBVV95cUxNVF9qZXF4QkIwZ1lOVXo0eEFlNTNiLXJKLUpvTC1OcjBfS092STYyeWVlOG5KdndQM1lXUk43QWJ2anRuWDhFMEJuVEwzTzc2MGREWFNoSndIVVVRQXI3NUYyOGdSSGdYS1VBb2M4ak1iN3VIN0N0ejBZc3Q2c3E5dXhCLXh3RmtSWlVJZEF6WnlzUnJ5bHhzY3lHeDdQMnJxNkdvSHRpYTd2TnhNMC1HcEpDNThWZ0NPbGZ4d3Zn?oc=5"" target=""_blank"">G0VO unveils the GOSURROUND 999 – Redefining home entertainment with exceptional surround sound</a>&nbsp;&nbsp;<font color=""#6f6f6f"">Newspatrolling.com</font>",Entertainment
"PENN Entertainment to add new directors amid board changes By Investing.com - Investing.com India <a href=""https://news.google.com/rss/articles/CBMitAFBVV95cUxNSmZYZkVVN3hBWnlINWdqbVAtYk80enk1TDloSGVKX2EyTE5HZXh5cEF2WElKQW5ydzVNMlJ3eWlkZHZyOEZtRlNrenpFQndaN2x0bXFEWnQ0emJWcmFTd25WRmJ2WDREWU9hWGNwQlpqTTZPekZ2WllpZTAxdjNDSW5UTUVaMFk0eTZLYkR3elNEYml3cWpfSEYzUWw2RWJLcXlsUkRiOWJUdlpHTll1VkxtOEk?oc=5"" target=""_blank"">PENN Entertainment to add new directors amid board changes By Investing.com</a>&nbsp;&nbsp;<font color=""#6f6f6f"">Investing.com India</font>",Entertainment
"Best desktop monitor in 2025: Top 10 options for work, entertainment and creativity - Hindustan Times <a href=""https://news.google.com/rss/articles/CBMi0gFBVV95cUxQZXo4cE83NzJzcnI0WFc1M2ZyN0wySlNQOEs2cWJmRkJZU050RXIwRmVfcUlSTWUtRUhfZzhINTZzeEZmOFZ4bG5ob3ZUbU9lUnhOSzZWM3V6b2cwMXpzOGVCd0s0Q1hXeW11a09hek84eVg3dTVCSkZKMl9aQXpsRkpQM0VQSWF5VWJiVGVudUZqZEJlLTA4bGc2Z1p0NGZpeFJ3WW11TTY5ampfOHNZQzE3R3NQSmRGc2V4ZTRRcmpHV1hXYWs1T3RkTmNDa2RHQWc?oc=5"" target=""_blank"">Best desktop monitor in 2025: Top 10 options for work, entertainment and creativity</a>&nbsp;&nbsp;<font color=""#6f6f6f"">Hindustan Times</font>",Entertainment
"Martin Scorsese joins Masaan director Neeraj Ghaywan for his second film, calls it ‘significant contribution to Indian cinema’ - The Financial Express <a href=""https://news.google.com/rss/articles/CBMikgJBVV95cUxQUXdCc09qMzhqZ24wcEtLWHBYWFl2QkhHcEN6TUd5a3FrcGVfeVpZTU42ZTEyMzdYSlhncmRhWkxZcjdPcGZXbTlzdndaOGVMWk9kbzNHeUhVTDVSQ0x3UlFaVHhOQV9IVmFnUlowOEUydTZYMHVCR1VibnJyUWItZXpmc0lCeXdQQnFHVHZFdnB3aERBa2JWNzFlOEkyZmEtYTFyWG1mc1hBNU8wQjRCS3VMeG1MV0lPS3FBZnAwUmNuOV9yeFJzQkR0eGhhN1ZKU0JnMVp5N3BpQWI3TFk1TmlZRFhBOGN6a3hmd2hNVWlQUWJ3WkFJQU9Lb2VtQ1VXWVFvcFJRd2ZQSVZoQmRXQkF3?oc=5"" target=""_blank"">Martin Scorsese joins Masaan director Neeraj Ghaywan for his second film, calls it ‘significant contribution to Indian cinema’</a>&nbsp;&nbsp;<font color=""#6f6f6f"">The Financial Express</font>",Entertainment
"Harbhajan Singh and wife Geeta Basra launch their production house Purple Rose Entertainment, writes,... - Moneycontrol <a href=""https://news.google.com/rss/articles/CBMikwJBVV95cUxNLThMOG9wLWYwbHpGWEVGQzM3d05YSGlqVnVJdGNhRmFzSFQxV2JsdzN3eTJZMnFTOC1PWUVza01wZ2d2SmpuWTJIdTRiSkZlaUpHNGRwUldjQVIwTmxTb3NFR3A2dVZlSDFzdkplNTNCU0tiWDVoNndoTjZteEIwZXU1ZThVVERmaXNSdGJDWks0T3lyVFB5MVBzaDg1bnVQUUxoU2lhSmtDQ3BMOFNLZVdxLTBNbWQ3cUxqSVFwdnozX2duRkhScVoyaXM4RW9XTFhaYmVfcklScTFEa1lZalNQWE1mZTFDd0ZONUxRb0VYVHd0UWkxdEtxUWcwUmJzdXJWX2YyQ0NVWU9xZGpKTHpQWdIBmAJBVV95cUxOMEZnb19STkkteVJvV1ZCZFQ0ekthbjM2YzdqNWdzTUl4dXZCclRNRDhXTzlsZXBMaXhDVkNnWURhZWZoZGN2a1BTSVluajA1VU0tcDNRa0xQVFpYLXFoZzlxQnU3SEdwaXotWk41ZjYyT08yd29JXzdtYjdtX080bWlvWm5Ubm14dktuQ1hYNFRTUS1ZRl9fVjQwTmdqM01fTkNaZ0J0OXhvVXVtS0s4Q0U3SEJLQXhjR24xVG5Rak1ZMEpEX3BWVWpZXzV2OGZXekxZbWc4WVI3N1o1eE5UdXkxellQYlBCUTJ3WmNjRTlvY1FORHRBT2NHb1dZay0ybmdwYlJNaTYxNUFfdlNLVGxXREZFd1hj?oc=5"" target=""_blank"">Harbhajan Singh and wife Geeta Basra launch their production house Purple Rose Entertainment, writes,...</a>&nbsp;&nbsp;<font color=""#6f6f6f"">Moneycontrol</font>",Entertainment
"WAVES 2025: PM Modi To Inaugurate Summit, Interact With Entertainment Industry Leaders In Mumbai On May 1 - Jagran English <a href=""https://news.google.com/rss/articles/CBMi3gFBVV95cUxNMXhVYUNlTVE1R3YwNmVxS2I1VkMtR1dGMTREdzZJYlJxYWtyLUlJdEctTXZELS13aDB3NXBfSUc3cnhISlI1X2FSdDBReVpoZnAtcV9tV3h4U2J3a1djczhfdGVSMjdXLXZlaFk4UkdKSTItN2NiQjBnamlJZDNmOEVwM0JPMDh4bFVCWTRpNlF3bHdvaGpraGR1T2ZGV3p1ZWlENDJ4RG5mV2lvQnlNQTBtTVFqRDBIVzFOMGxiZW1hekt0TVNDdmM0MXhFZnNsMGxxS05SdVlNWEtTVWc?oc=5"" target=""_blank"">WAVES 2025: PM Modi To Inaugurate Summit, Interact With Entertainment Industry Leaders In Mumbai On May 1</a>&nbsp;&nbsp;<font color=""#6f6f6f"">Jagran English</font>",Entertainment
"Subham Trailer: A crazy horror thriller with unlimited entertainment - Telugu360 <a href=""https://news.google.com/rss/articles/CBMimgFBVV95cUxQSTAtWkc1Z0xDNllsdkFCRWpYNHlkdF9uaC1McWtyckMwNlNXbXNGR2NNT3ZkUEpkdHBGSDM3Q05qMzV3RjZuSDY1YVRJcFQwME50MlFuTFdnMFRRMmZMYmpvYi1ZNk82Y3JDckdINFRDTjdTT0ZFSXRRaDFfZEJ1ZG1YU0FRMzZvQkRYM0JpenNad1FQTGxreHJB?oc=5"" target=""_blank"">Subham Trailer: A crazy horror thriller with unlimited entertainment</a>&nbsp;&nbsp;<font color=""#6f6f6f"">Telugu360</font>",Entertainment
"Netflix’s latest thriller film ‘iHostage’ has been viewed 1,51,00,000 in a week – But netizens are not impressed - The Financial Express <a href=""https://news.google.com/rss/articles/CBMi-AFBVV95cUxNcGdRb2VRRjdRcFJmeERJcThJVVFBWTNRNld0dkk2TVd0enBwX0VjeXVCbE9qNmxrUnZUSHhGb0pVNEh1SzhNVE1wUWw0NFJVZC1SU0o4dEhuc0Y4N0w4eGhyai1vSnc5RU55TDd5bW5UN0xEWWdEaUFFdzJneDJqNGMwT0h0NzZLUElQTWNKLUhTRTFrdjlaVlU0MktpUV9oTkY2MGlnYm4ySkxlUVpuVDZQcTZMSm9jZGpESXBmdFh4QjMwNFRaeEFqWkhYRkxKSHdwUkhqdXFXdWxycHFKc0ZiRkFnRVBZWWt4MExPaFhJOU93YkpYbQ?oc=5"" target=""_blank"">Netflix’s latest thriller film ‘iHostage’ has been viewed 1,51,00,000 in a week – But netizens are not impressed</a>&nbsp;&nbsp;<font color=""#6f6f6f"">The Financial Express</font>",Entertainment
"Nehha Pendse's gorgeous ethnic looks - Times of India <a href=""https://news.google.com/rss/articles/CBMiygFBVV95cUxNOHZXNUJFYi1fQkxiWVpvS3JNdmR5QzJUX2JmSEVXaHJFTGc4akYwNnNWS0RzX25mb1hud0lXOWhzYmVFT1FfS0ZCZEs3LWNPVkV5U20taUtFNWdjNENnMGVNQkdMMXFGbkZIUHBVbkJXUzUtM0hyWXVGRHZoUzR3bEpTV2ZVcHFCT0l1SGFpVzNSTnNvemdaOVFtYzZveWthc2hJVkV6Q3FnSFJwVHJTYVVqa1NMbld0ZFEyQUh2MEpkOUZJWkxrNTBn0gHKAUFVX3lxTE04dlc1QkViLV9CTGJZWm9Lck12ZHlDMlRfYmZIRVdockVMZzhqRjA2c1ZLRHNfbmZvWG53SVc5aHNiZUVPUV9LRkJkSzctY09WRXlTbS1pS0U1Z2M0Q2cwZU1CR0wxcUZuRkhQcFVuQldTNS0zSHJZdUZEdmhTNHdsSlNXZlVwcUJPSXVIYWlXM1JOc296Z1o5UW1jNm95a2FzaElWRXpDcWdIUnBUclNhVWprU0xuV3RkUTJBSHYwSmQ5RklaTGs1MGc?oc=5"" target=""_blank"">Nehha Pendse's gorgeous ethnic looks</a>&nbsp;&nbsp;<font color=""#6f6f6f"">Times of India</font>",Entertainment
"NCLAT dismisses IDBI Bank's insolvency plea against Zee Entertainment, allows fresh filing post-Covid moratori - CNBC TV18 <a href=""https://news.google.com/rss/articles/CBMi5gFBVV95cUxQWnVNa1hKSFdQUjVQQmtyNUdhYXRZX1BtSnd1Z1RHUE1SaFFsUnpnWG9MNmxDNHpseUNtcjRqanhURWtET2xXVU5nMElWSFp1VVloQ3NXLUc3cnBrMkhPazhWQ19JQ1RMQTU1M1Z2VWx2RGxfMDlxZ1pHVzlXbUpCU3dLVWpsY3FhVGRCT0xEaExGZXFTa0ZXRDBRNEpGcTM0LTZRYldvampISHFZQTVORFFEWTVNdDlXUWVhV051clBhSGdGcjdUWVNqZGZoTC0yaFFkcWlTeXV2ZDJscXZCUXdadEZjd9IB6wFBVV95cUxNUlhyOUV3VnpmaDJqVkVDemNIbjZ3TWZuZ3dvYmE3S0o3TDRZTDBNdkxsWkZiRFZlZVVWQ29ZTVJNcF96ekltaHh0bnFpWC1QT1FqOGQ4R1NuQXlKZEoyV2RQVDloanNMR2RvMjFnWEtSTWNOUmVRRXVHOEdwZ1laS1hpcWQ0eTFGMDBnVFdUX2VwQkhHcm9RS3lxVERqcjJHcVR0eXpCdkRJWDJSSkxWTWZTbTJmNlNDY0pEUWd4SEZuTG9yRVp0Rk5iZ2tGRFZNZVV5cEFPQUFBQXdNVk96NkhLN0UzZk1OdWVV?oc=5"" target=""_blank"">NCLAT dismisses IDBI Bank's insolvency plea against Zee Entertainment, allows fresh filing post-Covid moratori</a>&nbsp;&nbsp;<font color=""#6f6f6f"">CNBC TV18</font>",Entertainment
"Shape the future: The revolution in Indian Media and Entertainment sector - EY <a href=""https://news.google.com/rss/articles/CBMixAFBVV95cUxPeWVzSk9nZGhNYkxhZWlGd1lUcmF6V2pOWnI1QjF0ekhzaFlwZ0NseThXdWZmaGdNMzZvVFhwbHIzOEY5cXNVNXpJYTd6ZVdjc093cG45bGFJSFFERlRtMUZjVVlBOVJ5NkVzSFBLWmNISnBDSmw2MTMtLW0yY2ZaNXllUTM4d1RXZzlMZEVJVHlrbmV3ekVkZEVSN3VUeTI4ODF2ZS1xSGtwTnRQSmxfNkg4THh4T1R3YXpRVUN1enZPMERh?oc=5"" target=""_blank"">Shape the future: The revolution in Indian Media and Entertainment sector</a>&nbsp;&nbsp;<font color=""#6f6f6f"">EY</font>",Entertainment
"Lenovo Idea Tab Pro: Is it a reliable Android tablet for entertainment use? - Business Standard <a href=""https://news.google.com/rss/articles/CBMi5gFBVV95cUxNckpOLTdBOEtjZkFJcWdYRVZVZ1BTbllodThkTEhLaXZyS0ZiN0FIbVdqajE4ZEJGZGlXUXJFYWNaZk9iV0NTYWEwYnJhREtTUWZfS3M4bi1TdUxOMjhhYXZodVBkbTlMZnZqY3dhNDFOSHA0enUwdE5OR2M0WmQ0UklROVhyZGlULXo1X25KTTRfclhqUk5wZVhOVkFnNmQ1MU1sWl90VVltT2Y4VTBhTS1wNjc3eUh0QmJ2bmlEdW1adEJSQ2J3SUgydFFoWTNYTi1sZW5jQ3lxSkk2ckRaSHJ6dEVDd9IB6wFBVV95cUxPbzhtd1VQQlNmdUt3U0FGTkNsRS1WNVkyQ203bkVpVlpwT2xQSlM5X3NOb04wTWdpbHN2S0xiLTAtRy0wNUhlWmJwSGNQVEN1WFFSWGVFOUxsbGZpUmlUWk9DS0dFZ19zY09oOEl2Skh0ZDEtT3hpcTBxUTFuZHE3VHFSdVZzU2FhWEhnZmE1M1hBNmZCTjFHS0hjemhybEphZldvQUkwWFpBRTltUVUwMFRFRVpsTW1nVExFQjEyNEI5dExyRnhkd1RGRHZ5c3ByTUc1ZHZNdVpuaGd3VENxMzRyRTJhT3J4U2Q4?oc=5"" target=""_blank"">Lenovo Idea Tab Pro: Is it a reliable Android tablet for entertainment use?</a>&nbsp;&nbsp;<font color=""#6f6f6f"">Business Standard</font>",Entertainment
"Firefighters responded to a fire outside Spare Time Entertainment Center Monday morning around 10:15. - WLNS 6 News <a href=""https://news.google.com/rss/articles/CBMi0gFBVV95cUxNanl3bVR0ZjJCYjg5RHJ0elVvMmkxRTIxUEQzWVg3NG8yVGtrUUp4c3RmNFN6eGp6bzZrOEVVY0JKLTZYSVljZFgzTEZERnZBR2czYWdYSV9oeE9JVG1jOFlBblJtU3pPalByMFhtY2NVT29XX0JPU0kyajhzZWc0cHpvQVJiMUhHdkJFaTZGampLVU0tMlk2OGRJSldrZy1KWmxaRDYtNmw4Uk9WZ2tmWHVHOXZEQXdMT0ZkTkt4MGxGREM5cV90ZW90TjNCQXVURVE?oc=5"" target=""_blank"">Firefighters responded to a fire outside Spare Time Entertainment Center Monday morning around 10:15.</a>&nbsp;&nbsp;<font color=""#6f6f6f"">WLNS 6 News</font>",Entertainment
"Harbhajan Singh, his wife Geeta Basra venture into film production, launch Purple Rose Entertainment - DNA India <a href=""https://news.google.com/rss/articles/CBMi5wFBVV95cUxPOHZkeEk3OWs0b1pGSFcxd0NybGMyMUt1Q2FrcURCS1JqWFM2RUZnNjU3SmcwOHpwemdacndaUUpiVEpNMzE1TDRDa2JoUUJ2dWVNUDBxQmxaZ3BfeWVBdEcwdnYzNXV2UGNkZTNCWm92ck9IZVhNaVB4UHYzQVRDUWtKblJ6V28xM1Nqbm9KUU9Vb1FYOHZfLVJxTDZOLWVleDM3eUExS0pIcTNyYnI3TFloemdyWUFwNUd1cF9Mdl94Tm1XcU83ZDJUb3VfeFBWaUdVdG12X3Z4UkMxWUJFNzJTU1hIMU3SAewBQVVfeXFMT280Mi1Ec2tnOG5jeU1KOXpjemkxbnhhTVdJd0oxbmlSS3lqbFkwYndQcWREOFhIR1dFQzY2T0tkZ1o4S1owMWlIbUU0aVJHaFV3X2RfeGpmNFFtWDlkc0Z0eGtVRFA5VVNUS3JzQUZBeHJwc3dDX0ozZUZ0cUVqVzgxQWNzeTZoSlpJclJBN0RTSWF5NURRZVpRMXVJWGRTQ2hmRVV6NDM0OVJ1TmJLX1ltVlRJWUhJNnJFQjYxNGJpNEF0TWlYcHFPRzU5a3FuVnoxWVk4dTJYcndWakVVTEFMWGs0WVRqOUFLWFM?oc=5"" target=""_blank"">Harbhajan Singh, his wife Geeta Basra venture into film production, launch Purple Rose Entertainment</a>&nbsp;&nbsp;<font color=""#6f6f6f"">DNA India</font>",Entertainment
"Entertainment Unscripted: Teaching, Trending and Thriving with Chad Johnson - Daily Bruin <a href=""https://news.google.com/rss/articles/CBMiqwFBVV95cUxNb3VsSjNqMk1IOVRQbFZESGp5T1ktdHdmNzkyazZEVnQza3hGU3BmV2I0Y19JcUFVTFFJUnVMZUo0dFc3MWJIRmhzTGZBSHlnUG1fVHFlUEdlWDlxdmxHNGxZVkl1MEZlc19IZTE4SlNUcW13cnNTTlVXX1ZOUzRfNEllNy03aDdiYzBCLUpSeHRaZV9MWUVZekhEY29DcVMybUtSYWItUW1rZnc?oc=5"" target=""_blank"">Entertainment Unscripted: Teaching, Trending and Thriving with Chad Johnson</a>&nbsp;&nbsp;<font color=""#6f6f6f"">Daily Bruin</font>",Entertainment
"Accessible entertainment for India’s development - Mid-day <a href=""https://news.google.com/rss/articles/CBMipAFBVV95cUxNeTF5WGowcURjUEtOSUUxWHB3bzBwcTh0VGxxOHRLR2l5Ni1nMmtsZklEd0wzeEhvY3ZUbk1UTG1DSkk5bEg3dHlFWnoxYmMxR2Y5OVFMOS1Ja01lbU1CcUdOVlJlZUgwcjRyQ3A5X25wWDVkZU8zX2I5WHR0RGNHWFlCSnl6QlpTTExEVWM0UlF3SGt5TWtwRWRDMDhhRU9OcGZKb9IBqgFBVV95cUxORWNrcUtSR1pCWWVkSTY5OVc0MHVYaVFpX0U5LUV2anhWZWtoR3EtMHZlTWxHQ29UdlpHWERLeVh1R29zMEl2Um1KZW5XdktqSU9BcHc4aERzdDd0MFlpSXBpQnp0bFptMFZZZFpuVkFIUG1vc3RhLXZtaG1lMXlFeVBsWmxOb0hMcG9zdlBDVkpuTzQwYVZGazRUSnRaZXoydVdpRExvbkpVUQ?oc=5"" target=""_blank"">Accessible entertainment for India’s development</a>&nbsp;&nbsp;<font color=""#6f6f6f"">Mid-day</font>",Entertainment
"Greenwich Entertainment Acquires Cole Webley’s Sundance Drama ‘Omaha’ Starring John Magaro - Deadline <a href=""https://news.google.com/rss/articles/CBMijgFBVV95cUxONkxoQURISW9pbVd1SnRodjVtTVpoWXM5VzFOczd3Y1JTOHdUQTBTWlVtWUhoME5ZczVnTUN0YTVobkRIQ09Kc2ZQd1NZYmFfNmhGeUIza3FlR2hrTUdiSmxJeFVrR2g0MzB6ai1iazlEVHljbUdqUk5NazJXaG9yNUEzLU03ZDhTRm13ZEt3?oc=5"" target=""_blank"">Greenwich Entertainment Acquires Cole Webley’s Sundance Drama ‘Omaha’ Starring John Magaro</a>&nbsp;&nbsp;<font color=""#6f6f6f"">Deadline</font>",Entertainment
"Dolby teams up with carmakers to drive in-car entertainment - China Daily <a href=""https://news.google.com/rss/articles/CBMifkFVX3lxTFBocHBGT2dDVHRqTW5yMTJhV1dQd2lIa1NpTWhSWjZzVmxnc0VidkFTZkpVQzVGRGw1V2tQT01MMlFjbnV6aEk0cUlrNGZlcFN0T1Nua1liX2NCYThSUEdPb0RCLU5CYnZBbzd4QzJySnRWaGpOS3lzVXpIaEhZUQ?oc=5"" target=""_blank"">Dolby teams up with carmakers to drive in-car entertainment</a>&nbsp;&nbsp;<font color=""#6f6f6f"">China Daily</font>",Entertainment
"From chic to classic: Samantha’s stunning style diaries - Times of India <a href=""https://news.google.com/rss/articles/CBMi3wFBVV95cUxQQnZDV1NYeHQ4OHBpNmZ0ODg0ekpnR3J0STBUUURwbEU4bGtDbHR3M3M0ZFJGVU5sMDFtOHkwS1ZnTzlQRWN1VDU3ejFZSVFrM2phQnNJaE9xRkNnR0dXUXZxUWd0czRuVVN0QUtiOGE1Wl9pN3BJN2xnTlkyWGlib3BGU2V4RnhHNzlTTng4RXJXTzRra2gxM1JZYUtIZVNSallCUVFfLWc2WDJrdVpmNFU5TzhWSDlYbGJCa2p3YktYRkdNTEJ5NnBhcHQ2TzJ6clF5NFJldmM4LUl1N1FR0gHfAUFVX3lxTFBCdkNXU1h4dDg4cGk2ZnQ4ODR6SmdHcnRJMFRRRHBsRThsa0NsdHczczRkUkZVTmwwMW04eTBLVmdPOVBFY3VUNTd6MVlJUWszamFCc0loT3FGQ2dHR1dRdnFRZ3RzNG5VU3RBS2I4YTVaX2k3cEk3bGdOWTJYaWJvcEZTZXhGeEc3OVNOeDhFcldPNGtraDEzUllhS0hlU1JqWUJRUV8tZzZYMmt1WmY0VTlPOFZIOVhsYkJrandiS1hGR01MQnk2cGFwdDZPMnpyUXk0UmV2YzgtSXU3UVE?oc=5"" target=""_blank"">From chic to classic: Samantha’s stunning style diaries</a>&nbsp;&nbsp;<font color=""#6f6f6f"">Times of India</font>",Entertainment
"Srinidhi Shetty is never out of style - Times of India <a href=""https://news.google.com/rss/articles/CBMizAFBVV95cUxNRVZwTTYtemc4VmNRaGhhQ0lJNUZYS3lIVkxiQmlNamFIY2dDYzJ5YmQtX0hBd1BCd0Z3SjFxVmRjMGx4cFhUeFdfWGsydU1YZ2dycjdpR3lVYmRsMF8tMUkxSjVjcUQ5YzFHWEVoemtqWHNxRWFZQlFyMzZqemp5SHFkZ2VhN2pnMVpUZHZBX3hndHdxY1lMaUJoZDBpTU1EVk9RVXk0OGYzMmVzTjRsRk5FUU0zRmlxc1ZuaE9FQWFHSEpKcDdndTEwWk3SAcwBQVVfeXFMTUVWcE02LXpnOFZjUWhoYUNJSTVGWEt5SFZMYkJpTWphSGNnQ2MyeWJkLV9IQXdQQndGd0oxcVZkYzBseHBYVHhXX1hrMnVNWGdncnI3aUd5VWJkbDBfLTFJMUo1Y3FEOWMxR1hFaHpralhzcUVhWUJRcjM2anpqeUhxZGdlYTdqZzFaVGR2QV94Z3R3cWNZTGlCaGQwaU1NRFZPUVV5NDhmMzJlc040bEZORVFNM0ZpcXNWbmhPRUFhR0hKSnA3Z3UxMFpN?oc=5"" target=""_blank"">Srinidhi Shetty is never out of style</a>&nbsp;&nbsp;<font color=""#6f6f6f"">Times of India</font>",Entertainment
"FWICE calls for strict non-cooperation with Pakistani talent in Indian entertainment sector post Pahalgam terror attack - ANI News <a href=""https://news.google.com/rss/articles/CBMikwJBVV95cUxPWFJHdnlvWUJJVlhHaEdxMmdqRU9KX1BqT0xONkI4X3ROWHFDYzRVWjd3RFJsZExkSzdyTmtVMlg1RFdFb3ZaN1N3SE1HTnhET0hLejBReU0wYUdtNWZpV3R1Q1JZYW55M29FWmZFYkoxRVd5TWNQRWdFU0RwOF9XOGEyUUpKVXQ0ck1PMzZubWFUc2JZa3lQdkFXQ0ZhaEx2aG1IUTBOenV6aGtlQ05KYkRyNVl4Vkl3UzRyMUdKblRWVjJfZS14RFM2Vzk0ak9XQUEzSTBfcVBwN1VlWXJTaW5PT3lQeEFnNTBLcjlySUY5OXJpTEZmTHNDVHdNY0JJWGVCQW5QSmhFeXlRQlNPU1FjNA?oc=5"" target=""_blank"">FWICE calls for strict non-cooperation with Pakistani talent in Indian entertainment sector post Pahalgam terror attack</a>&nbsp;&nbsp;<font color=""#6f6f6f"">ANI News</font>",Entertainment
"'Sinners' sings a tale of blues and blood - The Statehouse File <a href=""https://news.google.com/rss/articles/CBMi6wFBVV95cUxObUE1RGhCeFl5dTY2V1V5ZTlnUGlsSDFzdkdJTXlxeF9ILVdxdXNBcWxyNXdpNXNvX1ZUR3RBX2dlZEtQRDExX19sRzRJR3FPSmFONVBscDAxbzdaMmpWMlJlQjJwSUpvV2NpQTVEM09lcEktdlJEODc1UHZJZWh2WldGeS1kd0FEbDNQQmo3UENNUXFtUkUwTmdmcHIyUjc3cWpzUHo2WFJMVFJLaG1IbkY2MVpJQ2IzUk9XVlkwVzBJUlRKa3hMa3lURFNod2pYeE93SmM3dGg2cENrNTJZVlp6WGVzVHl6a3BR?oc=5"" target=""_blank"">'Sinners' sings a tale of blues and blood</a>&nbsp;&nbsp;<font color=""#6f6f6f"">The Statehouse File</font>",Entertainment
"Just 2 Hours From Mumbai, This New Dubai-Style Golf & Entertainment Park Combines Sport, Food & Nature! - Curly Tales <a href=""https://news.google.com/rss/articles/CBMivAFBVV95cUxNQUUyMUs2dkxwbDlBWGV1dnpac2RmV1EtaWNrTXk0S1U0bklsakpQTWNTMF93MnJ6NVZsUTJxVHZVMUhGbWNWTkV2MVNXOGdKRmtTdnYtUlAzZjBsSHdoU2ZyR1BPMTNmMWhtdnFPRVV6MjhwYXVKVHN6ZUdQdGlMVlpaUnF0bTBlTFgtUjB5b2dpQlpSU2hWZnlaeDRlaWVPRG9HNTFlYko1RmZMSWd3UnhDcEpadFpPV1RpYtIBwgFBVV95cUxOZldzSkQxSU10a09nWlY1S0JKVG9saHY5cGRPSzdmRXFZRWFZaTl5bHJ5cTFNbU9YeDRmNzl6YVpvYy0wTmJlZEhEMXhkZFY3a0ptR1lBdUQzTm1PbVpQS1pSbWhMMmd2cU90cGxURTB3alZpaDJmU1d3cVlJaDZfOWktVE5uWnF3azE5OUs5b1A4dXlZVGhZeFJ2V0tCUlN4bjBoRmJ5RExCdHFCdjVneDRQamNOS19qbWk3NXk4X1pVUQ?oc=5"" target=""_blank"">Just 2 Hours From Mumbai, This New Dubai-Style Golf & Entertainment Park Combines Sport, Food & Nature!</a>&nbsp;&nbsp;<font color=""#6f6f6f"">Curly Tales</font>",Entertainment
"Subnautica 2: Developer Unknown Worlds Entertainment Reveals New Details About the Upcoming Game - IGN India <a href=""https://news.google.com/rss/articles/CBMi0wFBVV95cUxPUlJLOFpKYnJzOHM0eTREem9qN3oyYW55MklpcThsTEhCbUtoZ3pvZ1BObFNFcWlxa05wQ3ZTUVE3OHIzV2h6dHg0VDJrdi1FNWcwcVlEckRxS0hFVnhPVXk4TThmU2tJSlpaSUxkWTdCRE1YYU1RcXlERzdtLURzU1RrbU01dk1ONkdmLVFfQVF0aEdpYm9RblB5TmZQVk8xNzNtc2s3bHlVa2sxTVlVaEVSaWJyOXo5YTFPWWlMRWthLXR6MkxacFhZZzZRX0dUbndJ?oc=5"" target=""_blank"">Subnautica 2: Developer Unknown Worlds Entertainment Reveals New Details About the Upcoming Game</a>&nbsp;&nbsp;<font color=""#6f6f6f"">IGN India</font>",Entertainment
"Content creator Misha Agrawal passes away, family issues statement | See Post - India TV News <a href=""https://news.google.com/rss/articles/CBMi1gFBVV95cUxPRFVabHhyVklLNm0yVjZaSHpCbGttSlRuUjc5SXdCZ21QOFNuTEpLWDFzaVpTNW5mTHhsaVp6ZjlfQWFHZFk1Tlo0azZiSmMwekhmYURMMWwzcjRSTWpucVp4cDFESDF0dm9TX1pzYWhqTENzRTJCWU5oVVdqcHFMNi1MNXlOVkdOcFVXR0pLMld0T0RydkZMNC1yandDX1I4UW9mbFFnTEVGV0ZpSUo1S004Sk16UmVlanlfaEZXTm9GVGJza2M5b2s1NjJmMTc0ZllpbVZR0gHbAUFVX3lxTE5PdVYzVGZRV29WZVVPV3NGUkw4Z0haemVTNlZFR3Z6c1FuajJTQ29ETzdBTXdDWXp1MktXdklOQVBvT28tamxWZmhjNVR2djlPTnIwNWFhY1RNMkthRXZ4ejYyemJudk5EcDdQQUp0NjB5QnRWWjYxN1pfNUlSckJmbTJMX2FwSjVmVWdBaU1lVXFrcUpCS1ZsM3VwLWltSlpzbmVJSVgyQThFdHc2VDZfS3YxQTdudDVYVUl4cUdPNGtLSFU5ME1ieU1UQTJEMnI4OHI2UlJxRWQyYw?oc=5"" target=""_blank"">Content creator Misha Agrawal passes away, family issues statement | See Post</a>&nbsp;&nbsp;<font color=""#6f6f6f"">India TV News</font>",Entertainment
"Bollywood stars who are breaking the gender norms in fashion - Times of India <a href=""https://news.google.com/rss/articles/CBMi7AFBVV95cUxQV0VERHNYQnR5bEVHcHVnUGI2Y1lURDRaczFLWjJ1cU56STktVzdMSGtpT1lJOTRBbmVOX2dqMl9jZzVWanVja0hsRm9RWngwNzRHTW1WVVFTWXJmLVhxbklrOWdSNEk5RlVvSVFPdkdtS3Y1aGJIZFRSc1MtR3J4a2xaVGx0NFJhM0NJb3UxVlBHdWw0WWp1Zm5KOC10SER4SzU4Vmd2bGZENGswNzJ1TVBHaENCQWRFYS1fd3hiUWVFWG9vbHlWSU5QSW5FRjh2RFF5NV9waDVhNlVnOEVjUXlpREcwWEdsbDR0S9IB9AFBVV95cUxQRERuLVl3S2xIQ2tKd21vOWdUXzBfVm1SYWNlRzZHdzVxV09NQmJ4emFlUjBFeDktZWwwX0p4NU9jYmNqODZ6UmhJWUQ4V3NNeWYyangxdi1zakxCTEFYTzdzdnFwcFl1YTdxU2VZZmg4ZC1GWjEtLUhHeXIweVZNWXEwNjRRazlrbDVWNTVxaVRteXFCMmczLWp3WmFRY2s4SzBldWZ4SDdYam51Zmt3QVpnTXA0UFVqUFJYaFdIYVhpTjMzMy1ZUDg0UnZhWUw1V0tuTzEtMF9QbnROWTZCTjdLRjctdkJJdHM5S3ZKTkQ3NnNp?oc=5"" target=""_blank"">Bollywood stars who are breaking the gender norms in fashion</a>&nbsp;&nbsp;<font color=""#6f6f6f"">Times of India</font>",Entertainment
"As Shah Rukh Khan and family move out of Mannat temporarily, find out who it is affecting the most - The Financial Express <a href=""https://news.google.com/rss/articles/CBMi7wFBVV95cUxQTjJIX3IzU2s4Q1ZnQmpTRHFiSlhWUk9jczg5NVpqYktwR0ZSc0MwWnExQVBoWk1aRE52Tm9IcGJCVmRvLXJSMWU1M2VmbWtkNVRuem5yS09ERk9wOThya0RHMzY5bXFnb3h2V0hsS0NBTVNCM01EMzdEdW9jUVBpMkdiaWlXTjFDQlRla1dmM1hjNFE4X2xoN2hobmRkYXluUlE1YlBJOHNjWFdTeUJkVHNMYmFvcWNEa2tkZVZVc1Rid0Q4VWZ0b1IzMmlDZzNTZU1sZk5TWm01T0Z1R2w0MTV5Q29KNXFCaFMtSzBQaw?oc=5"" target=""_blank"">As Shah Rukh Khan and family move out of Mannat temporarily, find out who it is affecting the most</a>&nbsp;&nbsp;<font color=""#6f6f6f"">The Financial Express</font>",Entertainment
"Cheehoo: AI Entertainment Company Launches With Founders Rideback, Chris deFaria & More - Deadline <a href=""https://news.google.com/rss/articles/CBMijAFBVV95cUxOelFDN3FJaFBTMWp4d2d1NHBIeUlyYnpHRlJWakdYbVRycDhVX1diLXIzZFo2VFdSRmhRSmRhOTMtNXVDRXJ5VHlBSElMT0pOeEV4cUhCX0lmYk1veHhKSGp5OGRHWUVnLUFRb0hidjMzNmREV0ZuUEZ0amRETktEaG9vVUZuWXVtSUxyOQ?oc=5"" target=""_blank"">Cheehoo: AI Entertainment Company Launches With Founders Rideback, Chris deFaria & More</a>&nbsp;&nbsp;<font color=""#6f6f6f"">Deadline</font>",Entertainment
"Kesari Chapter 2 Box Office Collection Day 9: Akshay Kumar-Ananya Panday’s film sees jump, crosses Rs 50 crore mark - The Financial Express <a href=""https://news.google.com/rss/articles/CBMigwJBVV95cUxNbXl5bXZpSnR0bC1yX2t1MUp5Z3pDNnlTV3BzTTI5aXE4cVRaQk9YWTEySXB6b3oyTWM2dlJwLWtqUXlpY25qTHRhNmt4Z3NXZzV2T2FPYmZ4UXVKZGhzUThJMWxjYmEwbGpIY0wxYlYzNk9ETXloN1dFZldCWTJMS09KWGl2ckVZN0NmNVJuZ3dQLTVZOFZNMlhjcFVUYTRVRkdJR0JuUmZYckNUMXY2eXp2SlpJTXZOblItaWxsWWU3MGdIZm1WT2FFSmJsUUpOLTFYcVBXYXZCenhaQ0Q2dXM1VWdmVno1OHZlbHNycS1tSVJzSmNXVUhDcDVtc0l3SHNr?oc=5"" target=""_blank"">Kesari Chapter 2 Box Office Collection Day 9: Akshay Kumar-Ananya Panday’s film sees jump, crosses Rs 50 crore mark</a>&nbsp;&nbsp;<font color=""#6f6f6f"">The Financial Express</font>",Entertainment
"Caesars Entertainment Partners with Games Global to Launch NBA-Themed Slot Game - topnews.in <a href=""https://news.google.com/rss/articles/CBMingFBVV95cUxQb0NCWlc4NDFYeEx3aVA0Wk9hYnB6VU1XSkMtdkhIYkQwRzRJZ2tXR0FkaHJQUjhVY283ZFVkeEw3TkVzX2RPVnh4TUZjd1BidTIwcW1CcGE5T0kwNGtraGlHR1Jib0lTTWxjdlZlR1NJam14ZWVYV0k1SmJMRUZfSzd2TU1Ob2xRU0xYTmU0czBRbUpiOF9HTzkxTlNqZw?oc=5"" target=""_blank"">Caesars Entertainment Partners with Games Global to Launch NBA-Themed Slot Game</a>&nbsp;&nbsp;<font color=""#6f6f6f"">topnews.in</font>",Entertainment
"PHOTO: Magic Mel makes memories for Timmins kids - timminspress <a href=""https://news.google.com/rss/articles/CBMilAFBVV95cUxORHJTYll4YVBpYWNEQnoydFN0Unk4SWhUMFRRWGVFX0Q5SGxuQVlBOTZpWlRfZkVvVVJiLWhwUS04MklYR3pIMDlPNndxS3VrazctTFQwbk5GTVc4b3JldXRRZDNJR3BpUzBGZzZFdDRXM1c3aHRiRXdRT19ldTdla3NoQkRJZFJxREtXYjlCa091VUoy?oc=5"" target=""_blank"">PHOTO: Magic Mel makes memories for Timmins kids</a>&nbsp;&nbsp;<font color=""#6f6f6f"">timminspress</font>",Entertainment
"Maria’s In Bridgeport Cancels Events As City Makes It Apply For Entertainment License - Block Club Chicago <a href=""https://news.google.com/rss/articles/CBMiwwFBVV95cUxOX1ZJZ2JpTmMyMGNlOFFqWHpoWGJzdHUtYnoxblE3SndOMm16QWl2YnhfRVdXUVg2RDctc0k4ZHBCZ0xwdmpyZmZMTTBtVmJIYllQZlRhc3NzQ18zNWNnYllwMk4wRTNBdXE5ZFBWeE9FR0FEZmx3ZktVWUJZMGNLdER5SmMzenVWMS1ubTN6TXZxNWt0OFktamtSNjJ1dl9TYmVURHJ4d0lPNUx3SUp3LXZWV1NmTlp2TjJEUVJBdDRaV2M?oc=5"" target=""_blank"">Maria’s In Bridgeport Cancels Events As City Makes It Apply For Entertainment License</a>&nbsp;&nbsp;<font color=""#6f6f6f"">Block Club Chicago</font>",Entertainment
"Triptii Dimri Raises The Temperature With Her Sunset Beach Photos - Ommcom News <a href=""https://news.google.com/rss/articles/CBMipgFBVV95cUxPOU8yTG5wSFkwX3ZTS0FSYTIyUklXMlJmdXlQU3hXNDBDT0RJX0NfRDVpY2liYWxNTi1WTzNpMnVhQ3hmTThod0JIZW4yeFZmWHNGZnAwcldtYmtielI0Z2NNd2lnZ21vMnBOTkVZV3RsQk9sR0JMSi1MSDIzTExxMjBCQXBEV2tJdTJEX2RwR0dtVERxMGVfVDNnY0Q3UTZIdnhSNERR?oc=5"" target=""_blank"">Triptii Dimri Raises The Temperature With Her Sunset Beach Photos</a>&nbsp;&nbsp;<font color=""#6f6f6f"">Ommcom News</font>",Entertainment
"Entertainment Highlights: Kesari Chapter 2 Sees Huge Hike On 2nd Sat; Babil Khan Says Industry Broke Him - Filmibeat <a href=""https://news.google.com/rss/articles/CBMi5wFBVV95cUxPNW5LZ09ISHdLR2pJM1cxWmdzcnZFLXBtdmJKRnRkQjNCQzR6T3F4UnJIQnFLMjYwcWZ0ODl4YnFIU290akhzWUFUU3ZFSGE0YkRKcjZIMEtmMXdFZjZUa2dZUVpSWUhBejIxb3FxT0pIM3J0Z2NEOU9XdkVDbkQ5dm1OY0VMeHg4aVYyQ0psblY5V1Q0WHNJN2lXSjBaT0hRbTRlR1cycUZiekRyb3RsVGtnWU1xbDFJYUQzS3lkdkNoOXNpcXlHaFJ3dnVCN1lRSjl6S1ZSZDVUMC10d2xoT09peVN2aEU?oc=5"" target=""_blank"">Entertainment Highlights: Kesari Chapter 2 Sees Huge Hike On 2nd Sat; Babil Khan Says Industry Broke Him</a>&nbsp;&nbsp;<font color=""#6f6f6f"">Filmibeat</font>",Entertainment
"BARONE: Reality has a vote, in politics as in entertainment - heraldextra.com <a href=""https://news.google.com/rss/articles/CBMisAFBVV95cUxQeHpFajI2d2d0T2luX1UzeVFSUFJLUDhxTnpxX0taOV81UFM4ZG5xWHlwSEUtbFFDQl9jaHVqYzREMWZXQlUwTVBfZEpnT00yYzN0c1pLZVNJbkZWZ0VmU0JUZ09GcXVnZncwcXJXZE1HR1pRRGJxaDFOc21JNjQwQkx3V1d1bWhIZDdsTHVCTU1OZExDNThfOHhMcHFQQ1BnUkNwMDNrbEl2c0cteG53Yw?oc=5"" target=""_blank"">BARONE: Reality has a vote, in politics as in entertainment</a>&nbsp;&nbsp;<font color=""#6f6f6f"">heraldextra.com</font>",Entertainment
"Most Thais see casinos as essential part of entertainment complex bill: survey - Nation Thailand <a href=""https://news.google.com/rss/articles/CBMiY0FVX3lxTE9SMGZudTZLeDRsTUtnV2M1MHJQMXZ6TFNMVldNYldGYjM5R2N2cUlvb01ienczWXVDeV92Z3BfOGN0R3N2UVRWWkRWNWxXNVQ0MlJsaG9HQmZBWUZiVlZPaVZPZw?oc=5"" target=""_blank"">Most Thais see casinos as essential part of entertainment complex bill: survey</a>&nbsp;&nbsp;<font color=""#6f6f6f"">Nation Thailand</font>",Entertainment
"From The Friend to Taskmaster: your complete entertainment guide for the week ahead - The Guardian <a href=""https://news.google.com/rss/articles/CBMipgFBVV95cUxQUFlqYlo1aUtGRVAzR2M1dzlBa0IxWTVDSzhTZmliRnQxMG4tZGYzdlVrUm9iYVdPMWxBY3lQOVd2SUQ5cmFhOHBxak1Fd2Y0V3ZPbXZBcThEdjJESWNHOGRkOFlsWlpHbWtva2JnVWVadXc1WkQxbTFUeUR0SUhpOGhBc01Qb2FybnpUOHRSMFJpMTNGdmUwbXFJSnVDZDdidG1FLUpn?oc=5"" target=""_blank"">From The Friend to Taskmaster: your complete entertainment guide for the week ahead</a>&nbsp;&nbsp;<font color=""#6f6f6f"">The Guardian</font>",Entertainment
"ENT Highlights Updates April 26: Kesari Chapter 2 Enters Rs 50 Cr Club; Model Met Pahalgam Terrorists? - Filmibeat <a href=""https://news.google.com/rss/articles/CBMi7AFBVV95cUxQcnQ1NWJ0cExaRVlVb3BFZ29oT3hkQmpQRVl3NmNndHkweEQ5UzVyVTlldGx1RE54UmxSanppNEY5YWI5d25RU2IzQ0NtOUtzeGMxaVR3d2VseXgtZmZyUkR6SFNFRTNyYzFuRThwdXlPeFFNRXZUZFB0SEdjcVNDVEpDU3JwS2JyQk5NMldyQUYzeVJFQkdESXRnRWVWbTJmek80MV8yNmtLQmJzck9tWEZFSG4yOTJJbWQ0Yy1mSXRSVU9zRnhZS2hnNDdfTGlXXzVEc1JvejN2OUU4TVMybzBkYzdHWVRvQVh5Tw?oc=5"" target=""_blank"">ENT Highlights Updates April 26: Kesari Chapter 2 Enters Rs 50 Cr Club; Model Met Pahalgam Terrorists?</a>&nbsp;&nbsp;<font color=""#6f6f6f"">Filmibeat</font>",Entertainment
"Evolving third party landscape in India's media and entertainment industry - KPMG <a href=""https://news.google.com/rss/articles/CBMiugFBVV95cUxNUEd1WTJwaVFBblpVT2t5RVJUMDhudDB5eG9nMjQ0b3c3S1VXR2NTWXNkaklWZExyY18yTlBwZnRIX0Y3cE1PUDVrNlZzNWlzN3JmVWRkdTZWVFlTVzYwazZEbDk3M3RJWktuNjN3RU1rdDJIS3hhMTFVT2UtU3JPU1dTRzR2RWFFM2JqR1RKM091R2JHdjFFdzJNRzZVSFFuQWNuYnF6b2NTUjhyaU43a1R2aHRTWWtpaXc?oc=5"" target=""_blank"">Evolving third party landscape in India's media and entertainment industry</a>&nbsp;&nbsp;<font color=""#6f6f6f"">KPMG</font>",Entertainment
"Penn Entertainment to appoint two HG Vora-backed directors - NEXT.io <a href=""https://news.google.com/rss/articles/CBMie0FVX3lxTFBLZEMwQkFON3BkeDVBcTNtNXowZ1NLY1FrVFFBY2ZKZ3U0WnRCNUdHMVAxb2d0cmFuY2Izck5fUDJ2V0t0YlNLWTlpMms2MS1Jb054c0NnSlIwZE1zNHRVT3hSLTNVMVJNbmlGYlo2VXFUakR5UmZFUFdCYw?oc=5"" target=""_blank"">Penn Entertainment to appoint two HG Vora-backed directors</a>&nbsp;&nbsp;<font color=""#6f6f6f"">NEXT.io</font>",Entertainment
"dentsu Sports & Entertainment Trends 2025: China Focus - Little Black Book | LBBOnline <a href=""https://news.google.com/rss/articles/CBMiigFBVV95cUxQa1NiMl9sWFl6YjRyUE00YjBQZjdXaFFWXzZQclpRcFV5S3FtdXE1Sl8wcUZlOS02SERsTXkzUVdQSTU1V1JaUjlRSWhGTGZCWFVMaGNCTnB5a2lwNlNiRmJhNUpIY285U09pM2c2REdRY1hBaHRMQnJKc3JWbmRyMEtVU3dPa0xTY3c?oc=5"" target=""_blank"">dentsu Sports & Entertainment Trends 2025: China Focus</a>&nbsp;&nbsp;<font color=""#6f6f6f"">Little Black Book | LBBOnline</font>",Entertainment
"Bharti Singh's Demand to Join Bigg Boss 2023: Anticipating the Entertainment Value - Filmibeat <a href=""https://news.google.com/rss/articles/CBMiiwFBVV95cUxPY19IS1dYajZGZnF3X050eEVOTzRpdm92RVBIeWpIaGEyTUZlS19FcmVWemtLZGlXZTEzNHBHV0NqRGNDT0FFRmVaandrTklmbzJLV19iZlJnUENGMExqcG1oeEl4OXc0Q0R5VHBJdzI3d0dPRUNNT2tTSUUwR2Y4MXpCR0JBbHc5VENr?oc=5"" target=""_blank"">Bharti Singh's Demand to Join Bigg Boss 2023: Anticipating the Entertainment Value</a>&nbsp;&nbsp;<font color=""#6f6f6f"">Filmibeat</font>",Entertainment
"Entertainment Highlights: Ground Zero Hits Theaters, Kesari Chapter 2 Crosses ₹46 Crore At Domestic Box Office - Filmibeat <a href=""https://news.google.com/rss/articles/CBMi7AFBVV95cUxORTRFQUZ3ZEI0YTRWcHk5NG1kLUF1M3NhQ3JJdEhobFRLMXRSSUFUN3FuZnU4S0Z5QXl6NGpkUmtibzJkUmQwNEJpVkp0cGpZM1kyOW1Ldm94eWw3eTJnTW85TGpqLWFaZy14VUp2Znd5VFhtNnFhVlNRMHg4d2JrTG9hYTFUbEo3cUd4SUNydzl1RURQUTdLelZ1Q1JBSWR6ZzFESDNmZHFaWnRXSUprZ3VOeEpHSWFmZVN0QjhjeHFmRnBPUjBvd2dkS2duemwtakcxV05SV2VReW0xU2V1OFhjVnZvYUMzZWExMw?oc=5"" target=""_blank"">Entertainment Highlights: Ground Zero Hits Theaters, Kesari Chapter 2 Crosses ₹46 Crore At Domestic Box Office</a>&nbsp;&nbsp;<font color=""#6f6f6f"">Filmibeat</font>",Entertainment
"Rhea Chakraborty Shares There’s No Shortcut To ‘Healing’ - Ommcom News <a href=""https://news.google.com/rss/articles/CBMilgFBVV95cUxNUXlSd05oTkE1bEdQeFkzTUFHT3UtZWhrVHA3NmY4WW9FaG9VQzNaWDJZQnpjOXZJUy1KUExPN0ViZmY3Q1pDUnhYRXFuZFF2SGE5WS0wZ3FhMmxPZC1aYmdNQ0FISy0wQkJBSXZITlBmMGhPeEFvSXN2X1RuWm5zRHlodE04NXRvOG4xTnRZa1ZsdTZuM3c?oc=5"" target=""_blank"">Rhea Chakraborty Shares There’s No Shortcut To ‘Healing’</a>&nbsp;&nbsp;<font color=""#6f6f6f"">Ommcom News</font>",Entertainment
"What your earwax can reveal about your health - BBC <a href=""https://news.google.com/rss/articles/CBMikwFBVV95cUxNMldCaFdOOXVGNV9PRmlUc3kybjlhdzFfTlQydGw0dEZjaHZDcGU2X01XdjlVeVpzQmgtNWdvSGZRdHNoZjJoSnU0WHFiTm0yaUxVLWhia3NBOVZ1cnF6VVZyNUlJbmxYUG5aOUNCSG81STBxcmJ3T1dzNWxXNlNUQzUzRi1nZXYtUVRBUHczQUJYMDQ?oc=5"" target=""_blank"">What your earwax can reveal about your health</a>&nbsp;&nbsp;<font color=""#6f6f6f"">BBC</font>",Health
"Liver Doc slams Paresh Rawal's ‘dangerous’ urine-drinking health hack, calls him ‘WhatsApp Boomer Uncle’ - Hindustan Times <a href=""https://news.google.com/rss/articles/CBMilAJBVV95cUxOS1NjNDgyTmdMV2VMWHV0N0NJRnZkdGd3NXlpa3ZqZ0ptR18xYkt4WjNrV1JualhkcVM4SUVFTXJXU3QxNURadTFFZDRlVmRTLTdkcFVKc0dvNTJVS05QcldOandSckpPWEE5b21mZ0poNUZLOGFKLVpwZ1dmYktneFpXZU51YmFKal9zcFRnZERWMWhYRndhZGU2SmVaUXM0Ri14bngzaUpiVFRNSE5SWjE3TGI5eWs3VWVOWXhOU05GeHRXRkp6N2ZKdXhVT2M4T0F4TDdJVnpxendmU01BY2pIWHNBZWtTZmo1UkV5TWxLRjBqSUEyMWdJMmVhU3o1aGt3cUNXcUV6NVpTNHZ6b1hGZDY?oc=5"" target=""_blank"">Liver Doc slams Paresh Rawal's ‘dangerous’ urine-drinking health hack, calls him ‘WhatsApp Boomer Uncle’</a>&nbsp;&nbsp;<font color=""#6f6f6f"">Hindustan Times</font>",Health
"World Day for Safety and Health at Work: Why it matters and how it began - Business Standard <a href=""https://news.google.com/rss/articles/CBMiwwFBVV95cUxNdE5pZlFUOWhLX3ZabU5DMW5vTE5iaFBuUkV2dl9DY0FJTGptLVdOTFp6eGdaaV8wdzctT2hOb1RxeF92ZXJIN1RMdGVCeWRjVHN4dnZjQllSNV9PSktMZjZaeldGVXhmNGw0U2JYeFdCaUVHUExwSnU2YWJBRTBWN3BHWVg2aUFrSjh3WmxVOUVYVWZlUmhJaXFUeU92MlUwYTRnMjdqbTUyZjlrajliMTB3R3JOQ0dlOHpSbkpPQ2p1QnfSAcgBQVVfeXFMTThVc3F6WV9kY08xbEo5VUk1cHRSR3FJS202UmFVYVllcXRXNDE0d2F0amdBYlZxeUZWZFZERU1idFh0ZEM2WG5ydXdLOVEyWWF0Sk5nTTJoZHdpRkFDMGd5M2NiNUZOYjI3ZmVrNWtQZUhxbWx0NWFKMC1jRUVUa2pNYllXazVFUF9zUE5QZUN6QnZ6Yi1PMHdlMzZRc0FUdE1jS2hOSXgtdk1CVUJvWGF2VFpPby11SHczVTBRSUFwOURrcUhTYzU?oc=5"" target=""_blank"">World Day for Safety and Health at Work: Why it matters and how it began</a>&nbsp;&nbsp;<font color=""#6f6f6f"">Business Standard</font>",Health
"India’s 2-decade-old Central Government Health Scheme HMIS decommissioned - Healthcare IT News <a href=""https://news.google.com/rss/articles/CBMitwFBVV95cUxOM0w1TV9xQ01ISjNZSW5XYWlKWm1fcVVKeHBabXZlVkZVZGZ3ZnZLOHVLdE5BcFlTd25IVVZxZ05vYTlMa2ZNOFNGWnlSaGJNaXp6Zm1Jd1lTcDUtemxGVXJhXzNFTWIxZXNBWUNaMXkyZmt1Ml9QdEVqX3dBLUVBYlBLa1hIVEMwdWpRQUNaRkJOdjBESktpdnEwbGRZclV1dzRZRHMyc0lZSHBHakEzQWx2YkY0enM?oc=5"" target=""_blank"">India’s 2-decade-old Central Government Health Scheme HMIS decommissioned</a>&nbsp;&nbsp;<font color=""#6f6f6f"">Healthcare IT News</font>",Health
"Delhi Government Launches ‘Vay Vandana Yojana’ Offering ₹10 Lakh Health Cover for Delhi’s Elderly - The Sunday Guardian Live <a href=""https://news.google.com/rss/articles/CBMi4wFBVV95cUxOdkJrSFNtcGZoaE5qTUxBT1Vjd3Y4Rk5sUWFDUW5wUWVaWjlOM0xQZjNVaXY5eWI1NWNyQmhTS2tMUnVBazlBNzdhYzl6VDI1RDluOFpZWGhCdTBtSVlxelJ2OUdlM0Q5bDIwT0N2aGtrSXVpM2Z5SnBjS0ZuYXBlbzNsTERVTU1sWXl5VmhsX1pSMkZMY2VSNDFlOEJybDZ1NzRYRTZIaHZmTFBqWTY1SzhVY3A5amIwYVN4UDVPT1hPcU81a0lreDEyYXo3cU85ZFcxZ24zczFaYUZhSEU0dTZLRQ?oc=5"" target=""_blank"">Delhi Government Launches ‘Vay Vandana Yojana’ Offering ₹10 Lakh Health Cover for Delhi’s Elderly</a>&nbsp;&nbsp;<font color=""#6f6f6f"">The Sunday Guardian Live</font>",Health
"Healthcare Delhi: Ayushman Vay Vandana Scheme Offers Rs 10 Lakh Free Cover to Seniors - Deccan Herald <a href=""https://news.google.com/rss/articles/CBMi1AFBVV95cUxOVXdzMHBuY3hYNDg2cnJ2VHB5SUZVM1BjQkVkU2FEcnlYY1hOX0JwVjBsNmZXZ3puUF9RWDRMY283dXE2R29rQXVYYWRuS2hEOENMM2ptc2x2Y1E5WUhyWG1ZY2ZhUUhEZkhJOEFDOERsMEZXclBVSkhYS25VaW9wcWY5eloyTDA0ekRlYzNwSER6TWg4ODFpNEFqT2NfU29NWC1HLVRreDVnV2NsSWhvUUxzaEVrdVRicllXcl9KS3Z6SUQ2MG51NVVpSjlINURlbjd0OA?oc=5"" target=""_blank"">Healthcare Delhi: Ayushman Vay Vandana Scheme Offers Rs 10 Lakh Free Cover to Seniors</a>&nbsp;&nbsp;<font color=""#6f6f6f"">Deccan Herald</font>",Health
"Delhi govt to hand out health cards to senior citizens over 70 years today - The Indian Express <a href=""https://news.google.com/rss/articles/CBMiygFBVV95cUxPVjhGNHF3azJlcW9hamFLazgxTnpzV3RVNGE2QmhpY0FyQkQ3d3Z5Uk0xQmxoNmdfZG1ZeG1abks5V1YtbTB1MGxVTEtlQ2otYTlOU3NUaEJlcVJvMTRlSm00TmMzWGplenFoQ3pIU3J4LWxVS2MtbVpkRS1lR2o4Z3FXclY5RjVpWWhyZmZrTGxCcml2UGNmcTlZLVhoRzJJZzdhYzNsbm9QQzlTQ1V5OWtySFRDdDdTM2hNbktRMHhaSGk4UElyRDJB0gHQAUFVX3lxTE1fS3lKRzl4aE1DdlNWOG1LRnlQMnFaZ2RPUXJ0N3k4bDhJYjBfNEYwMGMxRTVENExYcy0xdGFiSTZzOTR1Q1pWVENEQThXV2dkWTlMN0hFNkx6bFhGUWpYRVQxWThVN1ZfaWhFWjk5VDhMS2ZCWWNLckttblctZWhQeDBzMG9rVFJaSU02MkpYNDR2dmg5REVRUlNRVTM3TEdnck1BdHQ0bGRFZTY3WWVuaHBuVVNOUW1pdnVfWldxd2w2dGdhZFg4LTJ1T0JlUlY?oc=5"" target=""_blank"">Delhi govt to hand out health cards to senior citizens over 70 years today</a>&nbsp;&nbsp;<font color=""#6f6f6f"">The Indian Express</font>",Health
"7 Ways Your Pet Is Helping Your Health - NDTV <a href=""https://news.google.com/rss/articles/CBMijAFBVV95cUxNNlBNbGh2TkdMOGhMb2hlOG1qM1JWVW9fcV84aDJRQTR5ZzlTUllJSXk4T2ZDemxCb2Q4M0ZCVUFZZy10MXRGX3dIa0MyWmVvSjQ1aVloQ0hoU3J2QmIydHZpdWxlS1RqaGlMeVhtRDl5c0Y5UjR5UDFvM3VHTnpmRHd5Rmszc0RtWVBMQQ?oc=5"" target=""_blank"">7 Ways Your Pet Is Helping Your Health</a>&nbsp;&nbsp;<font color=""#6f6f6f"">NDTV</font>",Health
"How Pollution And Heatwaves Are Harming Your Eye Health? Expert Shares Safety Tips And Precautions - Zee News <a href=""https://news.google.com/rss/articles/CBMi1AFBVV95cUxNRkN3Q3B0UHJUTVNaSUxBaHFZZXZPdGc4SXpXNkhxWHctd1JCYzNKdWs3NTJ6LTNCUEhLY0tfb0xfX3Z4LTBLd2FWVEQzOEVndmxFT3BvLUpLRTQtOHZYV1FaUWc4TkVSeWxGMkd5eDVhbFNabWV5ekZxWlA1N01KT0I4SnkzaDQ0d3pBaGxEY19zZnhsT1NpR0JBUmlITXRtb1NMS0hnc0pNQl9aUVVTck92dlZyUWN5S3FnV1ZCODdZeHhpeG9qR0NyWU0yeXdMSlZOa9IB2gFBVV95cUxNeEZXTFA1V3huS3FaM0pqS29XdnJHb2JpMWxnQUZpSE1ZXzdKR1JtSmRsNF9sT282X1NuUnd1Y2xvNlZmaFlselJtRXJRbmZjeDNVSC1DVkc2VURhck50NWt3eVFLalpvY0NIT0xja094ZENPWEV0eU1aQXNXRURidlF3QWI1dG9rWVU5b1FiOHYxdjRyNlRGTWdiLUc3dmdQc3N3cGpOVmlZQ3VyTFQxUVNoTDIyeXJraGttUnRoa3ViQkJHMjJ4MEV2LWU0TE1oZjFwSmRrRDN6QQ?oc=5"" target=""_blank"">How Pollution And Heatwaves Are Harming Your Eye Health? Expert Shares Safety Tips And Precautions</a>&nbsp;&nbsp;<font color=""#6f6f6f"">Zee News</font>",Health
"With Ayushman Bharat & National Digital Health Mission, India is better prepared for next pandemic says World Bank official - Mint <a href=""https://news.google.com/rss/articles/CBMihwJBVV95cUxNQU41VFFJQ1VTM0lzMng2ckRqZjIzeGREeVlhbzdqNU9zR3JoZkRvSngxbEwzaXVWNDNTYnkzdklIOVRkX1M1S2JsVlhocHdUcDI3SmVQUW55T1ZOTXlpRXhSbTRzWmpYREdwU3M1XzVIWDEtVmEyT19wQTJoZ1FOZ2tJeFpVbDJUdmFvWnhGRUlaaUhOQlJGT0dFZzJMMFFzTGtnQXNlWnVEUlEzTnl2cjZHaDFFWUxXc1U3aHhQNy1KYnlFTVMyQlRCMzJZeXVfZ0FVcy13aElfV1VMTTV5alI0dnZKdjFIdHQ5ei1hY1I0a1g1bXliTXRXZ25tVGJkekhXMGY2Z9IBjAJBVV95cUxNdkMxMXhQbEVpV0t4d0F4dVUwREowWWd0TDR2ZTVsckl4N3lNUHZsb3JHVGJlUFdOVEFpMFZYeEU2M0tpQ3JFdGlzTDJLRi15WnkzWTR2WWNlay1vNGw0LWE0RjRBQ1l2c3B1TURTdEd5el9ZaDJwM0stRW01aWV6aWxhYl92Ukh4TnhmUTlTUC15bjlEdDhReVlrNTZlX0lTcWxKeE9ENGVlWE9xR0RGQlVNRGE2WTVQQnRnTE1OY3Bib0U3Zzh4V3FDcE1BYVd4eERuZThqNzdqVEl1aGxqdk9Wa2lfM1Fkakc2SnpjVkVQM2w3aG9YMWxZdVFOcW5Gd0RLLU0taVEtekJP?oc=5"" target=""_blank"">With Ayushman Bharat & National Digital Health Mission, India is better prepared for next pandemic says World Bank official</a>&nbsp;&nbsp;<font color=""#6f6f6f"">Mint</font>",Health
"Aayush Wellness Invests Rs 25 Cr to Expand Preventive Healthcare - Rediff MoneyWiz <a href=""https://news.google.com/rss/articles/CBMitwFBVV95cUxQUEY1ZUh5UXlzR2Q1UHVJYTRzQmR5akItcWhlTGNiS21UbHRFbTJ6b1pYaDZxOXJoaUhIUVVRSVNqWkdPXzQtOWlCTVpEYTY4bjNWQkZXbFBoRWoyaUNtc19LWFdzSWxBRGZMbUpsWHhOdllBWXlRZnUyQnllR0xKaVExcHlaMjNHbFo0dVgzT1lyTE96bzYtNGs1TlNjQTdWanBRcDlCUEotQ3lJV2JMc3pmZTJBbk3SAbwBQVVfeXFMTmRkNGgyMFd0VW0wNjhtNWZ6RWtGR2l0aENscmRYQ29NNXdKR0NzbE1pTGtnWFliaU4zc1ZrZEpBWnpKX1ZPV0N4bTVzdEkxTVBMbWV3Mk1PeTFxWG1lQXEyWFNaMThtWVI5ckUxWUx5eW13MUtPMm9jV0ZRV281WFNlNTNlVEU4QU9MTWhQSE9icVlNaWhVelFLR0xtZnVHVWgwekdBNWFNOW1EV09hUEhQRFpTRlBZRExzNVc?oc=5"" target=""_blank"">Aayush Wellness Invests Rs 25 Cr to Expand Preventive Healthcare</a>&nbsp;&nbsp;<font color=""#6f6f6f"">Rediff MoneyWiz</font>",Health
"Revolutionizing health and safety: The role of AI and digitalization at work - ILO Live <a href=""https://news.google.com/rss/articles/CBMipgFBVV95cUxPNjBBTERWRWQtMXB3X21YZ01CMVV3MWVIV3BoeVJXR24yZVZIZE5lU2pMemgwRzQwb1A5Y1JlWlpEaVNsS2plbzE1a05hRk9DY2FESGlSbm5mUEMwU05Fb3dQMlNocHd5MVV0ZVMwR0ZmTDViSHhpamFQcWhTSjJJeHJIUXRMU3FkZXpDNDhkN3E0OFduNUJUcG9IY2dqYk5jOEFQaGRR?oc=5"" target=""_blank"">Revolutionizing health and safety: The role of AI and digitalization at work</a>&nbsp;&nbsp;<font color=""#6f6f6f"">ILO Live</font>",Health
"World Health Summit in Delhi Takes up Traditional Medicine and Trump-Era Financial Fallout - Health Policy Watch <a href=""https://news.google.com/rss/articles/CBMiwAFBVV95cUxOd2tWSTIzcWFVYlZfY2IzNzBMZFVOdEtaakVDYmxRZFVLaFk5LUJRRHRnLXBSQ191YVR0OXgyLTN0eTR6SWo5YmtkMTRzcnMwT2VpWFYteFRyYWY5VHhoMXBocFdKbVpZaFBvbUt6enZXRFRZemVELVAwX29QcDc3Z2lQRV8yM1NZY0E5SGVwYk5OdGpNNzhJZDUyX1dnUTBkTXdXVGx5SXczZ0dSbThJOGdTQVZtZ0Y5elVUU0hHcF8?oc=5"" target=""_blank"">World Health Summit in Delhi Takes up Traditional Medicine and Trump-Era Financial Fallout</a>&nbsp;&nbsp;<font color=""#6f6f6f"">Health Policy Watch</font>",Health
"Launch of the Quadripartite One Health Governance Community of Practice - World Health Organization (WHO) <a href=""https://news.google.com/rss/articles/CBMi2wFBVV95cUxPUmNCM3RPQnJ1ZW51TUFhVTlVUTBiREJTTkk2M01uYVhLVld0MnVFRmRQR0dBY280ZkpBaG5GYUludXVWZjByV21wdEZjRUJLdUFaeHVvdG1tY3JEMDJKMDRwOXZ5RUl4bnhyWk1QQWY3VF9fOFVra2N0TjU3ZnZ3QzZtS3dMb0x4bFlCdXU4aG5WUkRfNmRWdkJhYXhZYnV6WXEwWWo5NFdzRWp1c09iUmdzVjVWTWdVLTFDR3RSdTZrRlAzekx2QUJpcDdRSTFhaWM5TmlUMWJLYkU?oc=5"" target=""_blank"">Launch of the Quadripartite One Health Governance Community of Practice</a>&nbsp;&nbsp;<font color=""#6f6f6f"">World Health Organization (WHO)</font>",Health
"Datanomics: Ayushman Bharat aims to bring healthcare to the masses - Business Standard <a href=""https://news.google.com/rss/articles/CBMixAFBVV95cUxPeE52enRIWWxTOG1tZHdHVm9QODhiWlRqT0ppU3l4blpMWjhoR29UUjNGNWVuVWdNSHhiY1RFLU5JOU50akN4YjBvNVQyZUkwVVBQblNOT0NUNlJPeHJkRGpEc3BmY2RoTXdrLU15UDRuRlZOUDBpYlpxLU9fOVZ0UC1EbmRHVzRRalNGN1hrZjBLOUdKNkpqdWlQTjhCZTkwMGVMd3FycTN0Zy1McXZOa3FkWmVudXU4cjNVMVFDeDZDZ2xn?oc=5"" target=""_blank"">Datanomics: Ayushman Bharat aims to bring healthcare to the masses</a>&nbsp;&nbsp;<font color=""#6f6f6f"">Business Standard</font>",Health
"Why are health insurers sending private detectives to claimants' homes? - Mint <a href=""https://news.google.com/rss/articles/CBMijAJBVV95cUxQUEJwWHVmVVZESnQtVWpuZDV1dVpTZ0d3WHFVNlBSRExhbXF6Z0hEVmtJbVpGcldtZnBkRVNoSlh2cW9nWnBJWG5ybXpxam9zOVpfcXVFa013bzhHSUZNSlVmZDhoT29hZVR6MmluS2lTOHFVei13UmoyOU9WazJ5ZEJ4VlZGdE91LUMzc2owdW9CSlp1UTJMYmJ5dUJfZUtsYUFrNm9DT2FWTi1xT0NVd3Jqb083b0dOcEJwdjBkQkdPejZvZVc0ajUtTG9JdVR1NTBtYjN1TDg2d2Y5YkRoQk9MalRmc1RPLVNfMVVoU3lNd0czWGg2WEFwbkFrTklRYkRlZm9VQ25tU3RW?oc=5"" target=""_blank"">Why are health insurers sending private detectives to claimants' homes?</a>&nbsp;&nbsp;<font color=""#6f6f6f"">Mint</font>",Health
"Ayush hospitals to come up in 7 districts: Health minister - Times of India <a href=""https://news.google.com/rss/articles/CBMiygFBVV95cUxPUk5qa2hxME1HaUNUVHJTQWNOM29zQks0LXVISjYxclczVFdkU2MyUTZfeFBfSEpBUEJzSFpVNDVoVHBRaWhRX3ZWN3VpSXhDcFk0N29FNFFpRXpfRmtPN0JSVkFOOXV4T0h4ZGpfSkx3R0NrREhVVnlhOGRlSlEzbVVsejNwUFJoMFdSVFJqN3NUS1RQQl9qcVdfdXE2bl9qZXV5Y2dCOEhWYmhJcGRhSFNPcmJNb1BXMDNQQnhQN0J5RFJNc1h2OF9R0gHPAUFVX3lxTE1xek5taVlFMEhHQU8xNlNla3JMXzRjVjhtQWNick9CQ2EzOWV1akc0V2xUYU0wYlZ5VzFjZ29nZVEzZ3gzWkVqMV9KeVdyTTFXYlpLOHl6a01TbWJUR25fQVlSQnNnOFVHRlhpWU4wLW54cXNfcjVGeFpPTWt4SmVhemFrNXg5ODVFd2FDcFNWQ3BmNWNjQXRBUVFqQmNRVDNqRVk1SnY4NGczemRWblVTSkdqWWprQUczVC1rMXJNSHJxNEMwcUpjM1owTDFvcw?oc=5"" target=""_blank"">Ayush hospitals to come up in 7 districts: Health minister</a>&nbsp;&nbsp;<font color=""#6f6f6f"">Times of India</font>",Health
"Poor mental health in children is on the rise – what can we do about it? - The World Economic Forum <a href=""https://news.google.com/rss/articles/CBMimAFBVV95cUxQcWN3VUpRWXhqN1RTUWZnZGI0Z1I0eFZfX3ZlSzBLWU5jZkd2OXZBRmtfLXcxNkJMcmM3NGpPR0xRZGJLRU5zTG9fZ29qbG5fdEFIUDAwYkZvRkNYekhEamp0TFd0dUNxcjVSQmxBVHp0S2czWnlGdE51NWNDSUxHeWlVR1RHSnZZX3NsNlJhUEtub0tMUDAyQw?oc=5"" target=""_blank"">Poor mental health in children is on the rise – what can we do about it?</a>&nbsp;&nbsp;<font color=""#6f6f6f"">The World Economic Forum</font>",Health
"ASCI modifies influencer guidelines in health, financial fields - BusinessLine <a href=""https://news.google.com/rss/articles/CBMiyAFBVV95cUxNVVk5Ynh2UFFraFRRTDdDOVVZUzAySUtwQzlLV3NzRC1XWEdJcllBNFU3SFNtRTZhNzREVnJTNWZsNXNkTnc3bUIyajFiVzVrNjNCYXNGbVdHVm5CVjNSZDVveURVd3VEejRJbE5BQ3E0Ym5ZekJpWlNtTTFmVzlFSXN6RDNWUDFMajFqSzlBS2JrNEhzbEpKYWppM05VNVRqaExqZWxOemtGTlJNdTVOc3BZUURxMjRWTlQ5THZ6THFNT1ZqWm5lUNIBzwFBVV95cUxQZHdkNTRaNXQ0WVUwZmdKdXhCZEZpZlBHX2VreTZxVk5aTTRIVkVMOGdsOEFKeGVNbXZNR05QTDkxYlRoVm90cWJ4WmZyMm5EOXBtWFlpd3BoeHJveEhiMF9HbWZhd1NxNXBYemJoTFFxNWptbGZXQjV5N0VIeHZuMHl0OXpxMl9XbS1ndTVoVkJINFN4X1dPY2I3M2hIUUxNeE1vWml4SW52akZyVTMxSmd5YVFIOWJVWG1wSXlkRExoRWJTVUs5ZDZJcXVrN00?oc=5"" target=""_blank"">ASCI modifies influencer guidelines in health, financial fields</a>&nbsp;&nbsp;<font color=""#6f6f6f"">BusinessLine</font>",Health
"One in four female genital mutilation cases now carried out by health workers - UN News <a href=""https://news.google.com/rss/articles/CBMiV0FVX3lxTE5Cd1luOGQwVWhja2NSMmFUU1FWRFdNbWpVeWV3cFpMXzRDNTNKUnQ5a3pqeHBTeDU5R3hoX3JfQ1liVzJ0RnlJaTVhOWxzYmtjanhCQldqMA?oc=5"" target=""_blank"">One in four female genital mutilation cases now carried out by health workers</a>&nbsp;&nbsp;<font color=""#6f6f6f"">UN News</font>",Health
"Best exercises: 10 health benefits of seated rowing routine - Moneycontrol <a href=""https://news.google.com/rss/articles/CBMizAFBVV95cUxNY2JwME05ckxaT0xMNzhqRTA4TTFEX19yWkNSNXE5R2t6ZWFtaHpTZUNMcjRDRTlpM0p2V3dZZG0zUzNMWFNWekljYUFmY3I0SHJTOUlPQUVJV0hXc2lndGhiYjhYR0ZHMlFlcDU2MkJQRFFYeW04UG4zLWJVR3ZiTHh0U2xDS3ZkRFRTM0FIcEhuOFFqQzRWRF8zSnZwVnZVTWhyYzVZM083VWJYWU9oTkNkWm5wQnliUmk5ZkFWdTRUeUlLSUE1YWRaSFXSAcwBQVVfeXFMTWNicDBNOXJMWk9MTDc4akUwOE0xRF9fclpDUjVxOUdremVhbWh6U2VDTHI0Q0U5aTNKdld3WWRtM1MzTFhTVnpJY2FBZmNyNEhyUzlJT0FFSVdIV3NpZ3RoYmI4WEdGRzJRZXA1NjJCUERRWHltOFBuMy1iVUd2Ykx4dFNsQ0t2ZERUUzNBSHBIbjhRakM0VkRfM0p2cFZ2VU1ocmM1WTNPN1ViWFlPaE5DZFpucEJ5YlJpOWZBVnU0VHlJS0lBNWFkWkhV?oc=5"" target=""_blank"">Best exercises: 10 health benefits of seated rowing routine</a>&nbsp;&nbsp;<font color=""#6f6f6f"">Moneycontrol</font>",Health
"What mental health issues is Kai-Ji Adam Lo battling? Vancouver perp's family called hospital psych ward before attack - Hindustan Times <a href=""https://news.google.com/rss/articles/CBMiiAJBVV95cUxNcjVnLWlfRGRDMHJTOVB0ZUstX2VORGNGbDVKOTVERTJhcS1qNVltVWV1aG5ZeERSNnQ1VDRZZm1ZVjJIbTQzdFl3d1U4NnhCYlcxVG5IbHdSa1VBcE9SMHpmR3BYanlKeHBUVl9xeGJVOEFNR0VVcF9UdnhnZmdRYVkzZkVhbm1jMDdXd2lCbzRfRkJJczF6SHJPM2o1cExBakY3bXVJS0ppSlpna1NnRW1HeWpEVGZBWW5kWFFrNEtCNE5TbVlxUUlCdnNBNEdpSjBpel95bHlhS0h1RzV4MFlUQ21NcnhUdTN4c1RjZlhJS1UtbGU4MHZRd2llWFpGOHU0bkRvVjA?oc=5"" target=""_blank"">What mental health issues is Kai-Ji Adam Lo battling? Vancouver perp's family called hospital psych ward before attack</a>&nbsp;&nbsp;<font color=""#6f6f6f"">Hindustan Times</font>",Health
"One in ten patient safety incidents in hospitals due to poor communication – new study - The Conversation <a href=""https://news.google.com/rss/articles/CBMiuwFBVV95cUxOM2xPeDZIcXBmVE8xTUtNb0FDTzhBdUZlbF9EeV9KWjZGbkJFTjMxdzFtdm1IZDgxOXlHOGFPQWN4c0Nnbk5ySmpXY3hmb3VvYVVGV05wdnBZaGp2TFdsQldXQ1NIUE5fU05VTGx0bUZJbzJDUDJLTFdxeU5iTk9XWlhmWDlvQVhOR2NhVGNjQ0psSDlrNDJBM0E5Tk1HMXBza0NwYmFZQkduT3hXME45ZGdRLTRaOFdNMS1B?oc=5"" target=""_blank"">One in ten patient safety incidents in hospitals due to poor communication – new study</a>&nbsp;&nbsp;<font color=""#6f6f6f"">The Conversation</font>",Health
"Incidence of diabetes at 10.4 per cent in TN, says Health Minister Ma Subramanian - dtnext <a href=""https://news.google.com/rss/articles/CBMivgFBVV95cUxNOGk2cDFYU1luYkdlay10MG9RY2FmN1kzZFkxWUFtcGNRYXZtYTgwVGpTek93bUxOeDdXbnBvanROS0RybmpvTndGYmFfSHl4b0xncTcxNjVEdC11dzNFTmFOUEVDZFJYS3ZpVEJKTVdiRFhIMDU2M2g4T0M5Uzg4ckl3Nm9zem9JTkZzYks3RFd4TW9yZTAydWphanFJQ09kdWg4YzAyMmxaZTdnZW9xaEN4NThOSTVJa1QtLWZn0gHDAUFVX3lxTE9PelkyLWR0bFg0MXN5eElWQzNuNy1OZ2x1UFRHTDZGME9CcmhZQ0kyRF9kbkZ1MVFLVklUWmNsdTNfekxxQWdudk0yT2ZMOXNfUkVwTDRhUWNrS2ZjT21GdzZHc3RHRzRONmtpMXJxZFhKQUZCWUpCVVFkRWZpbE5tMllaTE5GcU1UdERMeXZRQVd4NmtTMzFKSmhsZXN0SlM2aHdKTXlWaGRQaGVTNXhfZjl2ZlVyZWFUZ1d2NHNlZElURQ?oc=5"" target=""_blank"">Incidence of diabetes at 10.4 per cent in TN, says Health Minister Ma Subramanian</a>&nbsp;&nbsp;<font color=""#6f6f6f"">dtnext</font>",Health
"GOARN marks 25 years of advancing global health emergency preparedness and response - World Health Organization (WHO) <a href=""https://news.google.com/rss/articles/CBMiwgFBVV95cUxOTklJNDhOTEJ3M2hQMHducFFoUnBXRmlSZ1ktd2lrXzNMNTVkbmpBc2pSX1BROUliNzdOYVVpemhNMWs5ODQyN3h1MWMyQlY1b0NHNnV5TDJMSmJ5dUVUM3NfdlBYTXZOclJJNlh6NERjWWV6b3Uxay1pcUpyUWVWVHBMSXYtaUJZeFhkMHU0ejhzd0RZbjhuaGNOWFFQRTM0WlExSUR2SUNEUFZPUnQtUGl6LU9aLVhCSG9YcEJIQ3lydw?oc=5"" target=""_blank"">GOARN marks 25 years of advancing global health emergency preparedness and response</a>&nbsp;&nbsp;<font color=""#6f6f6f"">World Health Organization (WHO)</font>",Health
"Ayushman Vay Vandana: Delhi launches ₹10 lakh health cover for elderly - Business Standard <a href=""https://news.google.com/rss/articles/CBMiwgFBVV95cUxQUjZLcDVXRW9GVVdfNUxkSzlvNEdrNjQ1Wm5TNGRZWVk2NG1RRVVCYnk5M08ydjM2cmdRZE9tbmZmbDBjRm1jSG9vZjVPclE3Q19kVFdjYXBxc2Y4WFRuMm81S2RnT1lPRkNxOF9Nd0Y5VWZfcmJpeGJRNEJNQno5MFF1bk5EbmZhOGVDN196SEVxSlMwRFZIOXY0bmJEQTE5NXdPb24wcm43THlEblZ4bHotTFJXV2ZRWDFxTEpEZHVLd9IBxwFBVV95cUxObV9SRGdzUXRqRWdpLU5PRXl4TTVFa3RVQkdJc0pyaW1qOW1PeFVUakV4eUN2WVc4Zkx0ODZKYWxqQldWYVpSNlBvMjhjMW8yTTQyUVZZMzB6VmlJVHpTNU9pb2QxYWtYOFFwZ1M1MXBoc3VVTGYtWVQ0VE5JYWJCZ2cyZXFxWWk3M3otNkhacU9hSy05NzFsUzhDWUg3bVYyVmpDNzlEdGVMcXhPRHBoNkZTQnNTcVlFR1dTLW5MQ2xDOHRMR3lF?oc=5"" target=""_blank"">Ayushman Vay Vandana: Delhi launches ₹10 lakh health cover for elderly</a>&nbsp;&nbsp;<font color=""#6f6f6f"">Business Standard</font>",Health
"How Microsoft CEO Satya Nadella helped company's software developer to turn his son’s medical battle into - Times of India <a href=""https://news.google.com/rss/articles/CBMivwJBVV95cUxOQmM2UVJWVHN6bFBWX1d4UFJfdXpKUHdXdU9fX0p0WHRFZEQ0Ry1LWDN2alFFaWswNm9HTkFxX2piQnRIWE9FZVpDdk9WNHJpX3lkWmc2WHprVWpjcUhwT3YzWjB2QXpKMWlITS1kamY0LV9DS3A2OGQ5OEJ6VWExM0tSNkJkcmdQV1J6RDZRVTdZb3VQUWFKbkFxT1lfX25zb3BtZVRJeWpDZ19ScnlvdnVQaFR5X2hBZTBLMWZmMWxUQzFVejR5QTVSZ1A0Mmt5OHNlN1YwM1k2LWhnU0s0RnI0VjItYlV4Z3lmT3BvNWV3dzlkUW5Fd1VfWjFJLVZDRFdBQTNDSTdhWVlSMWl4OXZ5VzN1WVp1YWxXZ21zTmRxR1FxQ2JvTEg0aU1QX3pIZTkwSW1QTnRzT3BoMktB0gHEAkFVX3lxTE9nZ3NqMWNsM1FodVdDdkJORy15RkFKamxqN0xTd1A0a3ZaU3k3UW5jdXlGSzEyZWdzZFM0Z3BMNUJodUFBazZ2VHFSNU5lYzhqbnpHS3J4SUtZVTMtN0t3Y2tWVDczOEVpM0Fxc0kzUlJILXJ2cG85NWpLZGFxZzJjM0FRREFuVzhuLXRFNk5fQ1FHZWJvbjlWNG1ITDNMVUkzbGJ2X0ZEUmhmWU5jWGJrTFNQaHhuMUppNXo4YWYtd1Q2aGViQ2tjQkZBaXVZckFqamFKaTc4TmxGenlqdFAybEJwc29KNWhHUnc0TlJRSFdwSG1MYXFRR1hTN0h5bzVaVDh1RU5vUkpEUGtQaDFKclRHd3pQR25zZUVYLTY0Ykk2VmpCbDU0UzhsTVJ1TS1vQlBJWkQxR19ESWtzS0tvcXBOUw?oc=5"" target=""_blank"">How Microsoft CEO Satya Nadella helped company's software developer to turn his son’s medical battle into</a>&nbsp;&nbsp;<font color=""#6f6f6f"">Times of India</font>",Health
"World Day for Safety and Health at Work 2025: Date, theme, history, significance — all you need to know - The Indian Express <a href=""https://news.google.com/rss/articles/CBMitgFBVV95cUxQaTQydG83WTdyc0hYSnAzYTgwbTBBWjI2TjA5bWpqaWZQSE01aUhkRl9CYkd1eEZOU042MVhkVzByYXRyZ0ktYVZBT1BfTGNic1ZNYnBLalhPUTkzYVh1ZU9pUXp4Ni1NNUotTUhXRGZsbWdjUjdkOFE5OHRWTzROb2JBcEo0Z05md1ZGa2NYbzQyWVZrN1VXM3gxOG9GeDJjYTc5dGpMLUhYMkF0RHBhM1FBZXR4QdIBvAFBVV95cUxPdEtDWWVXaHJlaHVyeWhJQnN2WGsyampGdkVpU1BmeDdpRTNLZzJxQU53ME8ta2Ixa293OVFFNVYtZUs5QUpmRXBuVGprX3RKLWw2X2Vjd2llYVBzMHF4NjBIRUlWTDBSNzI1d3ZoYy1ZbjJ2LUJjMkxUN1JuX1pIYjJvNHYyUVpsQzFCb1lNQVRWdFd2Yk1ZZlYzelBQZ0x5NGhIeWJyTFJ4ZjFQTVRqR0NfX0RfVFdQaTZSRg?oc=5"" target=""_blank"">World Day for Safety and Health at Work 2025: Date, theme, history, significance — all you need to know</a>&nbsp;&nbsp;<font color=""#6f6f6f"">The Indian Express</font>",Health
"Ebola disease - World Health Organization (WHO) <a href=""https://news.google.com/rss/articles/CBMib0FVX3lxTE1LWlBTeEVVLWhMYW9VWlY2dVZiaVV4bzUwaFFCVkRLNktMT3ZJTGMwLXlqRlVldjJpcmt2V0xRNTBJSlJ2N2VTQ3VFSFhEUFU0d3NHa1VHNkloU2ViVkkzMDdyZUlFU0lhYU82SXBTdw?oc=5"" target=""_blank"">Ebola disease</a>&nbsp;&nbsp;<font color=""#6f6f6f"">World Health Organization (WHO)</font>",Health
"Taiwan’s Health Sector Is a Success Story the World Can Learn From - The Diplomat – Asia-Pacific Current Affairs Magazine <a href=""https://news.google.com/rss/articles/CBMinwFBVV95cUxQNl9FYldnNFYwVjZVVEtQdDdLb2t0S2l2N0JpRTVNRUNSQnhKSWlZRG43anJyRDl1VGIybkRoZkdja1BOMndjbnNUeGhadDJscVNZUnVfaUxXUmVWaTRGTUplbkNOTEQzMmR5SEE3Q0ZLS1JCeGF0QkwxYmRXVTIyVVAtNkZySkd6bkhSRERVTGpab0dkNlVCeExPSjU1Slk?oc=5"" target=""_blank"">Taiwan’s Health Sector Is a Success Story the World Can Learn From</a>&nbsp;&nbsp;<font color=""#6f6f6f"">The Diplomat – Asia-Pacific Current Affairs Magazine</font>",Health
"NEUPATH HEALTH TO PRESENT AT THE 2025 BLOOM BURTON & CO. HEALTHCARE INVESTOR CONFERENCE - Business Wire <a href=""https://news.google.com/rss/articles/CBMi2gFBVV95cUxPMVItQXpNd1N1a2RKanBnNFlvemh2WWFUZllMaDJla0FZYjJ6RjlLcmgwdE5QQXI1RzFGUU1IQjkxMHZDaW1BZVRzUzZ6N2tVLU9Obl80TTBKdFBfbEszWnBHdGJ3SnRpaFBHZms1MjZLcVZJNmdSeGM3RHg3Vmd2OXZaa3BSb0dsRXAzOWs0Q2xjRDVVRXhTWlJXSWYwTmI2R0dXN3Z1WUJ6c21FMFBvaHBNMU0tRTZKbXhoc210eE9nQXdJZHI1WTZVR2RBTURfT0lwMloxbG00Zw?oc=5"" target=""_blank"">NEUPATH HEALTH TO PRESENT AT THE 2025 BLOOM BURTON & CO. HEALTHCARE INVESTOR CONFERENCE</a>&nbsp;&nbsp;<font color=""#6f6f6f"">Business Wire</font>",Health
"WHO releases new guideline to prevent adolescent pregnancies and improve girls’ health - World Health Organization (WHO) <a href=""https://news.google.com/rss/articles/CBMixgFBVV95cUxPNS1ZNS10WmRUUEViRVBoSklwdWdqd25EOGM5QzM5MUZEM0czdE56UHlxc2t5RHdGY2FDcEdNQXFaMUFrN1NWVkVDbVBRNU9xZTVYZTJoWW1icmJlb2dBYXdRSDJFY2pSS3FHbUxVcWszVDhCd3IwM2pQWmJLVms1ZGVuUTVTMEcwbzFQYWtmZmh5YmVUZFB2S3dZSDIxYWVxZHJreDd5ZlhFUk0xUXZ5eldaWExLM2FyNHpBWXJUd2JFbmlickE?oc=5"" target=""_blank"">WHO releases new guideline to prevent adolescent pregnancies and improve girls’ health</a>&nbsp;&nbsp;<font color=""#6f6f6f"">World Health Organization (WHO)</font>",Health
"Perfios makes fifth strategic buy with IHX, extends tech stack to health insurance claims - Moneycontrol <a href=""https://news.google.com/rss/articles/CBMi6AFBVV95cUxOWVFzaS1xZy1XZ0Z1X1RwX2RzSzNOT2NacGZlVWZ3cTVIRXVLandDeDdBY2ZmQmZEaVpZYUdJeGZ4amc1b3dudUszR3JyekNvSDlaTjVjaURGVzdQdmNRZFZNRkw4SHlQT0pucVBJMDB4eDZzRWlvWjBleGVVMkZNMkU2UUp2ZzVLazAtUjVSc0JIeDZDN2tpWFZhOE5RNE5Zei16elYzaHpJS05rMFJxN2hhUFlqR0lUcGRPYTBKcTJGaFpESjZzSHFkTFhUdXJNdkowYnk5dEs0Zk1oaDdMNlVRSG9GNVNV0gHuAUFVX3lxTE9LSnMweDM4MEJLTGQ2aDNGdzFobEdrWE1rY05aMDNjMjJHbEdXYnNiQ2pZSldHZjRSTVVObTZ3enZDOE4wazl0VjNsTFZNenhaSVpjWlA0bG9FUnRzeDJCYTlTUFZraG1VSTJQY1RSNmQ5Q1Z6cXFad055bFlmb2t4RXlGdWNKMmdLUVlNZzRSME1fczdEZUdYeE9oUDdPcW1aaTl1bGMyUzgzck9QTEhUcHZLU2lmREJqa0VZNkwxNE1HaG9NMUFOVzJhd2hSdXdnWjlUNVlpdXA5VTVodEs4c0JlSHNoVlhHd3pNT1E?oc=5"" target=""_blank"">Perfios makes fifth strategic buy with IHX, extends tech stack to health insurance claims</a>&nbsp;&nbsp;<font color=""#6f6f6f"">Moneycontrol</font>",Health
"Social media's 'ice bucket challenge' makes a comeback; this time, for mental health awareness - Times of India <a href=""https://news.google.com/rss/articles/CBMi_gFBVV95cUxPdXFPSkJ6RG9ENXhfZHdabW1Panh2VXZCb3hnWnhhSndsTnZXS2dHZ3A3dm8taU9DdEZESDhzTlZLT0FOUVExUzNtRm1qTmlOc0FBeHBZS3NLa1lRdDNBdFMyOWZBTW5yaFNZd0pZRHdXUm9wc3RjelRCVkg4RzNnZE55YTZIeEF3dHJ1Y0F1MWJ5STczNUdfV0NxVXZiRkZUX2pLanlMMVZVdm9yY0tuOGJsU0Nub21ZdFF1dk5wTkpfMXBpaHc0RmhpNDBoSW8xckdDRkVIc2kyek96VEJDZmRzWXg3ZHdjbE13My1YU0w1WUxwQWp0bzFzSnh0d9IBgwJBVV95cUxPLWRUZ2FIQWVqNGc4LVdHd2s5YnVyMmZSd3dybklYdlIySkk4NlNrdVd4ZzB2bUU5UzZVMldTUThub2tSdjJzMk1TOS16bXdWRHlYb0YxQXVieDdnU1RhdTRXWFh2MGF1b1lvZUdYV0xueFNFa2xnWklPNGZlNWtSWnYyUUdpZjM5UGhDc3NSbGpSVXhMaG1hZ25LWW9Eb3hyWEJLTFIzUVBHVWZQcjUtc3ZjS1FOQXkyNnlqYWt1eXdmTURKWVp3cFlfcXltZC14aTZIRjljbW9VMDVUcUIzQ2dzdzVXQzlWVGNpeVZDTUctbXdrTzBZenFxQUM0bDlsMm5B?oc=5"" target=""_blank"">Social media's 'ice bucket challenge' makes a comeback; this time, for mental health awareness</a>&nbsp;&nbsp;<font color=""#6f6f6f"">Times of India</font>",Health
"Breaking silence on women's health: 5 common gynae problems and symptoms you should know - Hindustan Times <a href=""https://news.google.com/rss/articles/CBMi6wFBVV95cUxNb1hoQmpfdG1sU25Qc1Y4M3NxRkh5aHUxUXBVeHMyOW1CT2ZNcmt5LTdTZFJpdnNWVUhJTlVOVENIcHRIZVd6c2p3ZndYa2pkX3Fma21fcjJwei1IWEpWQTIxOGpBUGlqc19raXdJbENmVFBzb1c4R3kxQ0JOdlp2Ty1oT2Z1UVRRSDZGYXN0UFRUMlV3YXBQVEwtaTI2RUppZ1R5aEU1RFdoN25lQVhhWnExckdTVEJ0STN0Nmw4UDRXQnFCS0l1Zm9KSzFscVkxdS1pQ3BUVE5kbmNpamx3eXZKaUx6WTZZOHpR?oc=5"" target=""_blank"">Breaking silence on women's health: 5 common gynae problems and symptoms you should know</a>&nbsp;&nbsp;<font color=""#6f6f6f"">Hindustan Times</font>",Health
"Exclusive: Wolters Kluwer Health announces expanded partnership with Epic - MobiHealthNews <a href=""https://news.google.com/rss/articles/CBMipgFBVV95cUxPLXNneGRfMkhtSlljTTV4ay0wemFNMWxCVmVHek5DQW1QckhraWNSZm55QkRRaXZWLXk5YlUwSzhvbW1lOF9PTUdZQ056eFhTUnZ1dmk5b19BVkFrTDBkN1BieUtIdWVqSWJJeFNzNUZaN2lkbThQdG91YW1VNUMyclROUkoycGZWWE9QcWxUdnZSY1UyZ2ktTlpTYUZxZGVpaVFKTEtR?oc=5"" target=""_blank"">Exclusive: Wolters Kluwer Health announces expanded partnership with Epic</a>&nbsp;&nbsp;<font color=""#6f6f6f"">MobiHealthNews</font>",Health
"Seeking novel approaches to harmonize animal health and welfare in modern aquaculture - Global Seafood Alliance <a href=""https://news.google.com/rss/articles/CBMiwwFBVV95cUxOcm43Z0NNQmpxdVdiRURSelFUM1lCYXdMMUJYcUd3Zl9XbDdUNFRHUll4YUxxY3MwQ2VkdWFxMjBmR2hfSUUzUFV6QnU1MU92eTUwNFdRNS1DdWJIV2xjVnRHNURVYnNtQjViVDhBbnRUN3dnYVFUZU1IZ05YLTU5NWVTcktOVm5aX3Y3QVdxTG1pQ2VHNmxuUEU0Qks4amVwQ0pWdEZkXy1uNkhQekhQbXBoN0lOSHpKVE9VWjdzazdrZDQ?oc=5"" target=""_blank"">Seeking novel approaches to harmonize animal health and welfare in modern aquaculture</a>&nbsp;&nbsp;<font color=""#6f6f6f"">Global Seafood Alliance</font>",Health
"WHO issues new recommendations to end the rise in “medicalized” female genital mutilation and support survivors - World Health Organization (WHO) <a href=""https://news.google.com/rss/articles/CBMi5wFBVV95cUxObUprMjhrM3BDbF9tRGQydGtrYU4yd25aeUtNc243MFdyMGpKS0Rqc185ZHk1SWFyMjRRQzRxWnFaWmJRMVYydmZLUGVuVWZGR25ua0RpU0xnaldlTndCSTdZOVNONk1EN190SVhkd1pUMUhjdC0xMUhIZGFSU2o2ZnE4bS0zTk9ZY0U4QllHUEpPcG1xUnJzVnRmcDJHbFJkU2FZcUp2cXVoTFNyNFNTQkZFS0hfTjlRV1huOEFpQ3M0RUtaN0xOQTFzSTNTWjhadmJLcGdTRnE4cEMwcXdSYVFyRE1lcGs?oc=5"" target=""_blank"">WHO issues new recommendations to end the rise in “medicalized” female genital mutilation and support survivors</a>&nbsp;&nbsp;<font color=""#6f6f6f"">World Health Organization (WHO)</font>",Health
"FMGs in Bihar Urge Health Department to Release Revised Internship List, Practice Hampers by Administrative Delays - Shiksha <a href=""https://news.google.com/rss/articles/CBMijgJBVV95cUxNTkV6VDhpSUhUbXdfWHYwUlVmTTFRX1p0V1ZkZFE1cTB0Y0xNSXhzYVpoaDN6alR3dWtqcmY5SjNtclpwak5UcXpOOC1NVnN4MlBPOF9pYW4zQno0X3hkSUZoR0phaVE2N3NwblE2a2NHbzE3SXlQd0lBMTdEcTJGbXpoaUszZ0ZWN3czdW5EU2JxMFRXLVlLdVVEM0ZfcG84YzNDUFFOblN1OGNTc2pyanQ2Skd1QVV2V1R6eVNiLWZ4T1J2RzZSUFJwUE1IQWNKUWlxdHZvbVRoemZQUy05bFVON3Joa0FET2hPdTZrT0xEemFwUWh4aXJSSm8tVWZhR240SHd5X2xpc1g1cXc?oc=5"" target=""_blank"">FMGs in Bihar Urge Health Department to Release Revised Internship List, Practice Hampers by Administrative Delays</a>&nbsp;&nbsp;<font color=""#6f6f6f"">Shiksha</font>",Health
"Miran, Welnes merge to build a powerful health & fitness app - Wamda <a href=""https://news.google.com/rss/articles/CBMiigFBVV95cUxOV0pjTXR0ZHBLN3l3S3VPZGxvaGFJblRUQ2RLaWJtYzRVNzQ0YzgwQ1MxUnpQS29kYWZNMVdsazFKOHdIWkU0R2VTTVU4dGdUNUVvN19sUVRINXVqODJxVEZXdklRSVFJR09SeWlna0NjVnBEdE0yMFdpb2xwQUl0NUc4d2drRndJRWc?oc=5"" target=""_blank"">Miran, Welnes merge to build a powerful health & fitness app</a>&nbsp;&nbsp;<font color=""#6f6f6f"">Wamda</font>",Health
"Digital Health Networks Partners with Questex’s Fierce - GlobeNewswire <a href=""https://news.google.com/rss/articles/CBMiygJBVV95cUxPWTJWQU9tNkVXV0UyTHpaWFNNTlpRYlVOWTEycWZYZGFvM2pKcWs5VVZqM3cwNlRqbFpoQTR1UjB6aVo3LVVPMXBQcEtKOHN0TUI3OVJUUTVoa1N1TlJCSDZ3SXoxTVVodFhvTENla1otVUM0ajFpcUNGcDRTQ1VVRHdiME96dEsxTjdYMTlfdFZidHI0akRmLVo3QjhTSFNJMHMwY3dlUG9SRWJOWmN4b1UxbEdiWVNMWTVucFpzYnJQRXhlUVlaSU9ELXVaQ2lhTEtqekZDMUtjVlpSMTYyRHRKSnQxaDhjMU91d180MHN0QnhzcGstQ0ZvSVk1aWlqeWM4VXloMWRMbzJRYjAwbUFnOVcyZ1hRakZHZjdZc3duSDJ1dkl0X2lNcE1DN3VpLWtoLVlHOTZZZTFUNnJJWDdRYVNzT2hSQ0E?oc=5"" target=""_blank"">Digital Health Networks Partners with Questex’s Fierce</a>&nbsp;&nbsp;<font color=""#6f6f6f"">GlobeNewswire</font>",Health
"Brain rot and screen overload: How your phone may be wrecking your focus - Business Standard <a href=""https://news.google.com/rss/articles/CBMiyAFBVV95cUxQcnVrWDAyV2haWnp1WGdOV2JDSU85eDNkUlA0Tk8yQXR5WWZmbmhCVFkwOVhlbHlTcjhVMUpIREhBRWdxUUtlM0M2SmlCQWhYVUc3a0I1SFl4YzBURzFrZm9uVHlLcWpyZkZfZm1jRTZneld4ancycUFlVHduRl9WVFdlVjY2ZTF4S1k3X1Y1bkFjZHhDMjM1cGZtYThDY2xEWHNjMVZpQlhPcE9HbFFBeTVJQ1V4bVo4UWVhZkp5M00tZjNDeHFIT9IBzgFBVV95cUxQOWRLM1dvVC16QkIteXFpdHlIYmJMWXZ4cExBUW9tNzFrRXV5elZqOXM3Zi1HaEtrT0llZXVhdnBaRDZRZUpFWU9CaEZOY2JmVEVwNDFnaWpDOW5iZkVPZFJSMnhoMjV0dlpCWG16QWJ6RmtZVHgwQS16ZGp0RldpMXdZdDBqYlFfUnRUU1hoUXdOdEl0OExfQ1dJQ0pTWVBpaHM4U2MzbHljX0Q1cm1RMTBSRmpOSVVEd054S3hGUGxJcHU4RWsyeWZDNlZfUQ?oc=5"" target=""_blank"">Brain rot and screen overload: How your phone may be wrecking your focus</a>&nbsp;&nbsp;<font color=""#6f6f6f"">Business Standard</font>",Health
"Nandamuri Balakrishna, AIG Hospitals chairman D Nageshwar Reddy among Padma awardees - Telangana Today <a href=""https://news.google.com/rss/articles/CBMirwFBVV95cUxNQjJDUUV3ckktOUNpaTU2NUhUR0FLY1RPYnFBY1JXMThwSTh4QVlLa21jdHcwNVByLW5lUURUeGlkMTZwVVlwekIteDdSRGRjQWRrMFFJanlPODNVWTQ5eUdseDdMNkE0aUFVSzNtaF9yLXRqenVvQ0xKVHpkOXphMHJvcURqNDQwaXpBQ2ZKV2oxVlJ2bi1HSXNac21Sa2hIcnVPUDdFdHpNQTFOZU9R?oc=5"" target=""_blank"">Nandamuri Balakrishna, AIG Hospitals chairman D Nageshwar Reddy among Padma awardees</a>&nbsp;&nbsp;<font color=""#6f6f6f"">Telangana Today</font>",Health
"Delhi Launches 'Ayushman Vay Vandana' Scheme Offering Free Rs 10 Lakh Health Cover to Seniors 70+ - Adda247 <a href=""https://news.google.com/rss/articles/CBMiygFBVV95cUxPTXJKaGtKY3I3UUkxMU1GMU1NQTYyTGpJeW9IMEdCSXZzSGhwQnBmeTc0SlZ5OVdFbDhnd3pGQjRsNFFUanNsTkVOTUdfaVdpRDM5OXZXVEtHSm1zc0VXUmVHR2RfSE1rUkFIeFowbUQtNDB6bEpIaUtSdGQyb1FRcXNZaEY0Q3dSay1mNUJ0YS10WExWdzAxWWI5ODR2MDN5ZGNxVkdsZVRkY2lmZExuSXN2Z0cxMFZFZ1VhSm51dGJXUERMNmtzQWtB?oc=5"" target=""_blank"">Delhi Launches 'Ayushman Vay Vandana' Scheme Offering Free Rs 10 Lakh Health Cover to Seniors 70+</a>&nbsp;&nbsp;<font color=""#6f6f6f"">Adda247</font>",Health
"Actor Jethwani case: CID police could not question IPS officer Anjaneyulu due to health problem - The Hindu <a href=""https://news.google.com/rss/articles/CBMi_AFBVV95cUxQZkE2MDgtRlVIU3FUa203WmUtdHZOaUtMTUp2RVJOalQ0TTZZRzhnSTh1VVl0ZmhNQUItdGpoZ0diVGtkcS1RSVdtOTlkb29KbUFfXzdIc09LNE9UdG5RR19sRlJSbUZkNTExS09Ka2JNODFFcHdqdFJmZjhiczM3cG9WMkw5WHRVeG51c21NRVRHci1QcENOUHIxNGJ0dm8tM05MRk10ZUVEQmJ2SnBiSEI1Q1cxZkp6cll3UElXU05NVzBzMzQzemE1b29CczBnaXlfQk80QW8yMS1Sa1RWdnhIdHdCTldJZWFQYTlsRXE5NGdLaTF4YTJhcDXSAYMCQVVfeXFMTkR5anpGQ29JVmFoUFFpdENDY19vZklUUHozZ1NBd2RyV3VwOWtfRXFYMGIwelJMdzBIei1mNzlRMjZZQVRVdVBMTlM5QVdHTm9zdU4yUzE3Z2F1TUF0ODhQZENGUVF3Q21UZ1ZHc3FRamM1NE1DR0w4Q192X3N4cVRhSGl3N1BkVmlVbGEzV0tidy15TjFFUTRydGtvMldQWV9VYndnNUNqT3RvWEVJaWJSU3R6SDhYemhUTVNrOXNReU5ibGI2TmhKNlZoRHB3VXF0QmVpMUsyZnNYNjU4bThrSkF0Q25EdktvQm9NblBXUFBDSlF6MWl2OEJmaTNxd0llMA?oc=5"" target=""_blank"">Actor Jethwani case: CID police could not question IPS officer Anjaneyulu due to health problem</a>&nbsp;&nbsp;<font color=""#6f6f6f"">The Hindu</font>",Health
"4 Health Tips for Night Shift Workers - Hartford HealthCare <a href=""https://news.google.com/rss/articles/CBMihAFBVV95cUxPenFrRFA2TFlxeWRHanZjaDBaZXBWb3ZyVXcyMDVkLUpwQW1VczduZ09hel9GYWZkLXp2T0d5cjRCU3NDMk5aTFR3U2xhUS0tNURTSDlkenpsRzdtTDN6Q1JFdVZ2b1FXb0xlMnNBT0xLU0x5MUZVRjY3OWhMaHVBd1VnZng?oc=5"" target=""_blank"">4 Health Tips for Night Shift Workers</a>&nbsp;&nbsp;<font color=""#6f6f6f"">Hartford HealthCare</font>",Health
"Annual Public Health Global Review – 2024 - ReliefWeb <a href=""https://news.google.com/rss/articles/CBMif0FVX3lxTE0xMHlad2ZqZzhkWUR1dHQ0S3dWVlFWRlJabURWcy1hTGdJN1B0SEtHaW5IUE5Ydjl4a1pOWHFnMnVmV2dSQTlXanZlcGpfbFFKc2cwXzVXNWJqencwN2oxd250VmxNM3FlWERiRENSVWtPNU9QaXZLUWtPZlVCV2s?oc=5"" target=""_blank"">Annual Public Health Global Review – 2024</a>&nbsp;&nbsp;<font color=""#6f6f6f"">ReliefWeb</font>",Health
"New German health minister appointed despite limited healthcare experience - Euractiv <a href=""https://news.google.com/rss/articles/CBMiygFBVV95cUxOcE05Y2RkLS1JVTc5cXYzbEd2SjhtVUFjMS1jVmZtSGZXd2F5ejQ5ZldYT3N0MVBwbmhMUzhyZU8wbEFzTnBUWjFCTWgzbjVNY1BrUFRlaW9MbnNmZnJrTHdIQ3k5V0pKQjJMMXZaVTZPb2drMVowc205RVowYURZcWMteGlBRXBQVGpBQWtGckMzbHljV2hDeWVTMlU0eW9ESWphWnM2RTRUdDZSZFVxMzhyLUluUHBRQzhJemZfd3dYa0ZmeHRiVWRB?oc=5"" target=""_blank"">New German health minister appointed despite limited healthcare experience</a>&nbsp;&nbsp;<font color=""#6f6f6f"">Euractiv</font>",Health
"Under the Microscope: Health Insurance Claims and Privacy Breaches - The420.in <a href=""https://news.google.com/rss/articles/CBMinAFBVV95cUxOUGUtTmJHWklwVEVrejJRLTZLN0gySjAzY21LY1otMkRPMTUxWFJHSnVTZ3lmaE5SYU1BUk1HdmVGckt1bVpBZnhKOHdfRC1wcUZiRHM1RHI3RFRJUHNwa1JzUHYzMXVJT2I0cHE0N0ZmTlRzeGlYUkdWWFQtTmNHTU9QcGd0WHp2andUM2R2S2JKV1JQWDNoMnhVUVg?oc=5"" target=""_blank"">Under the Microscope: Health Insurance Claims and Privacy Breaches</a>&nbsp;&nbsp;<font color=""#6f6f6f"">The420.in</font>",Health
"Australia election: Can universal healthcare be saved? - BBC <a href=""https://news.google.com/rss/articles/CBMiWkFVX3lxTFBVVzdlSVVqQ0dfdTJKWEFoV1hBSW0tUUZOLTNNQ05KWXhWMm1YVEh2RHNjZkc2WDdncUdiaDRLamhtbkZQNW9ad0VoOEVaS3RHb2RKc3NFN2hrQdIBX0FVX3lxTFAyT2ZCc09SVGp2SzVDdGFMQXlfYUR1OVluSTFGQVhBR2V1cG95U1A2Qm1fM0d3VVlvZUFhcWctcTdhMGQ4VlRuSzJFcVl0cUZ5N3RiX1VSWURDNTdLMlNJ?oc=5"" target=""_blank"">Australia election: Can universal healthcare be saved?</a>&nbsp;&nbsp;<font color=""#6f6f6f"">BBC</font>",Health
"Curant Health Launches PlanPlus™, A Specialized Division Dedicated to Health Plan Member Solutions And Business Intelligence - Business Wire <a href=""https://news.google.com/rss/articles/CBMiiwJBVV95cUxORUZlQkNBVEY3QWpaS2xzR3lBSWdMZHZlQ0c1SHVoTDJ1dHdiT0U5aldDYi1Yb1NMZTNWSkVPTTJwMmQ5Nmh5QTZ6aWhCTHEwV0oyYzc0RXRMTDd1ZWtKZmZZVHVldUtYVDBCNmtIWHczWjZrNUhVMjE0TWVjRzBJZUQzTkp3U3IwRkhhdllMY05MMFJDdWM2bUV4ck9NSUFfREM1MmtpZkttRnYyaGd3dEppUC1JbTFTSlg0VlBJMjBZZG9odmVmc0llWmNTRUtfNmVlbWYwdm1Fb1YzaERSWTZDWHkwNFZoTHl0dGZUMWRJbWZHRTAxVXdHMnhWeHA0ajlhTTRqN3Q0T0E?oc=5"" target=""_blank"">Curant Health Launches PlanPlus™, A Specialized Division Dedicated to Health Plan Member Solutions And Business Intelligence</a>&nbsp;&nbsp;<font color=""#6f6f6f"">Business Wire</font>",Health
"WHO calls for revitalized efforts to end malaria - World Health Organization (WHO) <a href=""https://news.google.com/rss/articles/CBMikwFBVV95cUxNRDVnNFlKQWVlVW5jSzRPVDJtVHNNWnNnUkZDTTZ2UXliM0I5bk80SWF6S3RtN3hxVnBZbFRHUzF0M3RzbHptWjJVUXB3Q0VRTW5jTklGdkZfMXplS0kyYi15bGg5RGFsN3hpNEJmdG1nN1B4MEhzTklVZG1WeWY0YUQtd1UtRW9RVkRpT0FMOXZHdW8?oc=5"" target=""_blank"">WHO calls for revitalized efforts to end malaria</a>&nbsp;&nbsp;<font color=""#6f6f6f"">World Health Organization (WHO)</font>",Health
"Alternate Solutions Health Network Notifies Patients About May 2024 Email Breach - The HIPAA Journal <a href=""https://news.google.com/rss/articles/CBMi6AFBVV95cUxPYktIaEJuT1phcERtV3AwRi13Szc5MTl3MF9Db2FQQXJHNWQ2bDZSTW5tVzZsdUV5TEtKc0VjSDc2QjBUVlF4WEl1a2lXMkgzTVBiaXN1Z2NTQnhYeVRXeUNCWmlIR2dXYUp4UVEtd2lNWUsydXJza0g1aGcxV2t3Q2hCeWtPOXo5dHp5b2ttLVVHOUNaSDBQQ0VRNGdyUVJfM1E4bG1lYVAxaHhYWnhLOVQ1U3JNUEpvSTVFV2R3ZmRENnJKcjNWZGJMYV8xZFhtQThfR0IwOHdFblVXTFlHTDM3QS1wN2Vf?oc=5"" target=""_blank"">Alternate Solutions Health Network Notifies Patients About May 2024 Email Breach</a>&nbsp;&nbsp;<font color=""#6f6f6f"">The HIPAA Journal</font>",Health
"How PurposeTech Backs the Top 0.5% Founders In Health, Climate and Future of Work - The Recursive <a href=""https://news.google.com/rss/articles/CBMiqAFBVV95cUxNOXlnZzl5NUJPNjdtc2VYWGNCVE1mU2NkVExnZGFkWVBGaF9zLWdVLW1UdlEwVkV0ZGRvTUMyeGtpZFB1UHVWZVFTY3BDRV9NUjlrcGM0Q3ptOVhBX1RISzFLZ3Bjck5NakhkalJRWHRuRkU1aGl3ZVJPSDFHSHNHeEhrWG5Bc3BnYmxacHlBNy14YktBVTkwUTYySTJLQlRFdDVpa1k4WGw?oc=5"" target=""_blank"">How PurposeTech Backs the Top 0.5% Founders In Health, Climate and Future of Work</a>&nbsp;&nbsp;<font color=""#6f6f6f"">The Recursive</font>",Health
"Adulterated Food Threatens Public Health in Gadwal District; Inspections Reduced to a Formality - The Hans India <a href=""https://news.google.com/rss/articles/CBMi1wFBVV95cUxON2RodzV1ZGZ2dXFVZ2xvd0xqazhpQUFTYUhUS1pvNmpWY0FHR3JNemllT19SODdWZWg2cXIteWdYVW9LNEE1T0E0QVJ4cHNNNFRDMFJ4b2pVWTJHRllKVWZadWdNX3VOSXR5Wm9sQlFZOXFLdnc1Qk1tRnFmc0pqd1p4NHVtNW5wZFpvMGVTZVNtaTZXeDZfVlI3S3hhNndtQVRLTlFmSTYxOVRzZWRFaVh3eDhlUEhGamtGRXFpSlZQQTUyLUZvcDlVR2NTZGVsTjFtY3FnVQ?oc=5"" target=""_blank"">Adulterated Food Threatens Public Health in Gadwal District; Inspections Reduced to a Formality</a>&nbsp;&nbsp;<font color=""#6f6f6f"">The Hans India</font>",Health
"One Health - World Health Organization (WHO) <a href=""https://news.google.com/rss/articles/CBMiYkFVX3lxTE9lVU9yLWFqWlBSSWVQNDBQenZxOVpEUmdhckZvdTNhOFQ2OThnd1lFSllmYWtNMHlhTF9fZlhXcjFjWlR2d1g3WnFjNzBmTTJmaWQ5WDAwbVVndzdsdWNnX0FB?oc=5"" target=""_blank"">One Health</a>&nbsp;&nbsp;<font color=""#6f6f6f"">World Health Organization (WHO)</font>",Health
"WHO Member States conclude negotiations and make significant progress on draft pandemic agreement - World Health Organization (WHO) <a href=""https://news.google.com/rss/articles/CBMi1AFBVV95cUxPaGJnQW9hQTNIY3lLbXA2YkJHV0NJUmkzZWVDZ1lmNl92ekpiMy1wamZCd2hvOHRZbmtzc3Y0R0Z4YmRRQzc4RDBIblk4dmZoN2lYUTBjekQ1OTVzd19FdW5xTThlYldMZGNLT2QyTWNKVDVNT2tMRWY1bnVhc0pqbGxUbjBtQkNnMEpZWjFhcGd4U0FDaG9YZk9EWTRGLURIWU0taXI4YnI3RDJFbHlfTllSOEh0Vi1EMFVKTDBBc1ZCczNGdVJRckJ1LURaaFM0cmkzYw?oc=5"" target=""_blank"">WHO Member States conclude negotiations and make significant progress on draft pandemic agreement</a>&nbsp;&nbsp;<font color=""#6f6f6f"">World Health Organization (WHO)</font>",Health
"Is Sunflower Oil Bad for You? What To Know About Using This Seed Oil - health.com <a href=""https://news.google.com/rss/articles/CBMibEFVX3lxTE1zaVFzR3J1RGtvQjZnc0xFVU5lbFdvc1dLbl9FQUJYZlNTTF9iWFdRNUV6SVZNY2NMdE96QXpqYkpIM3NPZ3hMVUlCQXhKam55TE16eHdYNjd4Z3Nob3VSX280cDRvWTgxeVA1Vg?oc=5"" target=""_blank"">Is Sunflower Oil Bad for You? What To Know About Using This Seed Oil</a>&nbsp;&nbsp;<font color=""#6f6f6f"">health.com</font>",Health
"5 Places to Turn for Accurate Health Information - The New York Times <a href=""https://news.google.com/rss/articles/CBMihgFBVV95cUxNOHU3RDhTa191SWVnOGw3WjBNalNCVHRGbHV6ejF4ei1uZkFrSURzajJkdnhrSU1VOGFvc0t1aHBOR19qTms1WXotREdTaVFiVHk5LUpjaV9yM2VuaXRrU0dBM0lkNE1CNWFWWGxHOTE2eWI4VndIRG1hRXJfTTRLZS16VU9mQQ?oc=5"" target=""_blank"">5 Places to Turn for Accurate Health Information</a>&nbsp;&nbsp;<font color=""#6f6f6f"">The New York Times</font>",Health
"NFL Alumni Health Taps Datavault AI’s ADIO® for Health-Focused and Interactive Web 3.0 Activations During Draft Week Event - Business Wire <a href=""https://news.google.com/rss/articles/CBMiiAJBVV95cUxNUHpOcENTbmdRTU91ZTZUNjBuRHV5anRuVHFqQkY2TXVubDlZT0Nra2trNU1DRlNDZFhyNXRQbjVGLTZfb3ZpVm05UUFWMDBoZVJFd3JmTW0zWEdYM0ZnZ0UwN1E3cHJBMmtVcEs4QmtQblNGUFVPZzd6bmJGcTNIN1RiWktWM3g0aWdJSEtUakJOWlYwWlVBNzI3bTM5My1WUDB4ZUtsR0JsNmUtU1FlNjF3TkJ2WWpwZl9pSVVOOTV2YlpuR2Nlb1VPelY4UlVxdGRqQ1U4T2hmVEJSVmlMcUo1bHI2aWJ3YUdMYXZxSmdzSHVfcUtmWXNOYUdxVVBMWjUxdGZDblQ?oc=5"" target=""_blank"">NFL Alumni Health Taps Datavault AI’s ADIO® for Health-Focused and Interactive Web 3.0 Activations During Draft Week Event</a>&nbsp;&nbsp;<font color=""#6f6f6f"">Business Wire</font>",Health
"Palestinians work in UNRWA health center, Gaza Strip - Xinhua News <a href=""https://news.google.com/rss/articles/CBMifEFVX3lxTE8tWjJBR3pjbnpJVU1DZnV5N2g2dGlCOVdJV20wZlJDTVBzb2lRRXVOeEltLWp5d1ZSWDlhcFBXNlVpaXRyQ3BTSHY4VUVfMmpSTE5uVUNWSHlDamZybmF4STZXNjVoN1lkV1M3eEZPb2ZqUkdYNUFqeVpxMDI?oc=5"" target=""_blank"">Palestinians work in UNRWA health center, Gaza Strip</a>&nbsp;&nbsp;<font color=""#6f6f6f"">Xinhua News</font>",Health
"Vetlife unveils mental health support guide - Vet Times <a href=""https://news.google.com/rss/articles/CBMinwFBVV95cUxOYUJIWmJJSnpMVHAwT0VkbXdFc3Z2cDBJS3NZY3NQaXh1cTM0UVdwRUg5eHVmcVBuNkhxbDljNlJGMTdXRldtUDBPdTE5c2QxSkxxR3lqNXJjR1k0LTJmWEwxNkRFc3djc2J4X3dKS3d2UHJnN0RIUWt3d2ladDVyUHRVY3RLbGhId1V6eEhkUDdnT0xMX2FueXF4U3ZjbDg?oc=5"" target=""_blank"">Vetlife unveils mental health support guide</a>&nbsp;&nbsp;<font color=""#6f6f6f"">Vet Times</font>",Health
"World Health Day 2025 - World Health Organization (WHO) <a href=""https://news.google.com/rss/articles/CBMiYEFVX3lxTE9ZczRSbl9GZmdCZE1qR2VKOWZGLXB6Q3dtNWVQeWIzdktrc0dCdG1ocmxvekgtQ0tFWlVsVHNic0FXby1fVDJlbk9hNnFWamZpZVVQcUV6cXZaYk1idC1EcQ?oc=5"" target=""_blank"">World Health Day 2025</a>&nbsp;&nbsp;<font color=""#6f6f6f"">World Health Organization (WHO)</font>",Health
"Who is Kai-Ji Adam Lo? Lapu Lapu Day festival suspect with history of mental health problems ID'd - Hindustan Times <a href=""https://news.google.com/rss/articles/CBMi7wFBVV95cUxPdEg1Z0twLU9mR3dHLUgzUlZjWnozQ2RWWVBnYjdmSENBcWRHdDdVOWFZcEN3ZERrd003Qm5nNy1JM0hKQVAzLTMtTXBaY0VRSE5XVVhlM2RtN2FVU0pnZFhYNWUwWFlOUE1mOWF0REE5YXpYTDRGWm9NVGlSeUpnYUdHUmJGbWp3RG55YWtaNkRXM0pmN1FuWUszUjdnWHp4RGFYVVRLck1aZ0xGVE5RMU12UDVEdTNZV3V2VUhwZFVfQkFYQzY4cEF4UzItZ0ExVHBweVRzcTJWdENFbDZKWkNEUmhXWjY1RWZpNjdXSdIB9AFBVV95cUxPVkRpbFZRVVp2ekFhaG5oQkVMZ2Jla1RVY05DM2I5LThHcmJZUFprSnlsSF9PeHp3MjZZeklBRk1Oc3BUckllcTNRSGQxY3h4b1cyYVRYMDAxSnpid0RGNk5SYkd2UmRGbWhjMU9WRFBpdmtlY2VQbV8yNzZOR0k2RDdFT3hWaWNFLTA1RjdqODZzSDFpdmZkdnRWSGROc3lXamhwRHlnNXUzNUl3cVJlOTY2em5DdHdqaXg2NHptVVgyTTlmbEdMcElMX2NqblFNaEQ4NzRrTUlYdlF0dUwxUE81VkFvLUlWSnc5WkJqQ1lBYmFM?oc=5"" target=""_blank"">Who is Kai-Ji Adam Lo? Lapu Lapu Day festival suspect with history of mental health problems ID'd</a>&nbsp;&nbsp;<font color=""#6f6f6f"">Hindustan Times</font>",Health
"Healthy.io Acquires Labrador Health, Advancing the Future of At-Home Kidney Diagnostics - PR Newswire <a href=""https://news.google.com/rss/articles/CBMi2AFBVV95cUxNUmhIWXllTnFiaHVheS0zV2RzcnBuRjl3bzZ1cTBoa2JwMHFWY1VMMWZoZ3lTZ0JNSEZYVzFRMFpBMTB6OFJzQmY3NzZuUTNXY293NElfMFdWQkdnWEE4aVFGNXNDOWg1ZjItM3U3ckNiNFlMSmJwbkZ2TGVzRW00OVpTWVFtTFdoSEVtN1Mza2dSRkd5eHlCNEFwUUI3M2FlcDNQcWtpR2tidkVELVRhQTBNNjFsU3dYbnJDWXEyNVZVbkZlWkszU3c4VVJPaEIzNGxBeElhcmE?oc=5"" target=""_blank"">Healthy.io Acquires Labrador Health, Advancing the Future of At-Home Kidney Diagnostics</a>&nbsp;&nbsp;<font color=""#6f6f6f"">PR Newswire</font>",Health
"About One Health - Centers for Disease Control and Prevention | CDC (.gov) <a href=""https://news.google.com/rss/articles/CBMiW0FVX3lxTFA2T0JqRlJvZ08yS3Jab1pLRE5sQXlmMGV6LVg5WVZOc0EyTTE4LVRNOGJkRjcwZTY4SDdGRmJ1amd1bjJUbXNIaHpOejd3TXM2WXo4YXFFRENzaGc?oc=5"" target=""_blank"">About One Health</a>&nbsp;&nbsp;<font color=""#6f6f6f"">Centers for Disease Control and Prevention | CDC (.gov)</font>",Health
"Investing in the future: How better mental health benefits everyone - McKinsey & Company <a href=""https://news.google.com/rss/articles/CBMirAFBVV95cUxQY0ZkQy1sNUkyanV1cGlhTGhJZ1dsRW1OMHJLZEl1QzN3dklMTHBaUHdnbnYtM0xhTWZUSTdmYUtxcmhMWExQeklUeF9ZdUZLREl1dm5qejZSTEc4YklSd3E5X3N0NmRGVHYtWE5OVXlQZFExbmpNTklUQU0tTHFLbXlkRkFwbkw1ZlZvMGJfTWlKMjN0LTQzUWF3VmNVdjhJN0JGSlRlNWdNa1p4?oc=5"" target=""_blank"">Investing in the future: How better mental health benefits everyone</a>&nbsp;&nbsp;<font color=""#6f6f6f"">McKinsey & Company</font>",Health
"Discover 7 surprising health benefits of nose piercing - DNA India <a href=""https://news.google.com/rss/articles/CBMisgFBVV95cUxNemFpaUN3UnpRRTVVak1jNmFfaU04ODFZc1ljcFhSaDdua29OTjY4QktENzIxb0ZxcF9DY0liVkpPa1dHVXhyMEZWTmZLR28wVU9yM2oxWEdmYjNsb2J5Y1NMcnJxdGVKVVM4QUpCb29nV0FGWXgzMTg4NW1Ed0pLVlVrZzNsVHZ2YnhfVl90a2RkR2tnRjB6Rk51aUdodG9mZUw5TWFFejM5V2ZqYkg0emln0gGyAUFVX3lxTE16YWlpQ3dSelFFNVVqTWM2YV9pTTg4MVlzWWNwWFJoN25rb05ONjhCS0Q3MjFvRnFwX0NjSWJWSk9rV0dVeHIwRlZOZktHbzBVT3IzajFYR2ZiM2xvYnljU0xycnF0ZUpVUzhBSkJvb2dXQUZZeDMxODg1bUR3SktWVWtnM2xUdnZieF9WX3RrZGRHa2dGMHpGTnVpR2h0b2ZlTDlNYUV6MzlXZmpiSDR6aWc?oc=5"" target=""_blank"">Discover 7 surprising health benefits of nose piercing</a>&nbsp;&nbsp;<font color=""#6f6f6f"">DNA India</font>",Health
"Crew Studies Space Biology Advancing Health in Space and on Earth - NASA (.gov) <a href=""https://news.google.com/rss/articles/CBMiuAFBVV95cUxNT1pzRGsxTmd4UlVKS3RySlNUV2JFdHhoUVUtR0pSYjNpOG5oTFNmNEZuWlJfc2ZQbjVHbzZSenBTdUpOeWZxZXpIWVYtaE16dV9VNG5NNzc0VnYyR1EzTGpQRHNMT2FTZW51ZGR1b1V1bVZTMGljam5vU0xMTjZyZkVjN0cwU05UMU5jMVhDcFVZd1FoMjRkZzlDUFRyZ291eEJRNkhDT2E1dnZvdUt5Z29pZ2V4dWNa?oc=5"" target=""_blank"">Crew Studies Space Biology Advancing Health in Space and on Earth</a>&nbsp;&nbsp;<font color=""#6f6f6f"">NASA (.gov)</font>",Health
"Health Care Roundup: Market Talk - WSJ <a href=""https://news.google.com/rss/articles/CBMidkFVX3lxTFBkWHBQM3FLalBRWFlfMmVsQWUxVkVraFljVE9LVTZXV1FmYnlBa2RzdWExeHlqSFpLUmRFV0Exb01INDBJWmN4RE9saHVJOFpkOGNIeXdNdlBCZ3RQZTN4WVQ4MWxfOUd0bHhvdzl1cU0xVG9lRnc?oc=5"" target=""_blank"">Health Care Roundup: Market Talk</a>&nbsp;&nbsp;<font color=""#6f6f6f"">WSJ</font>",Health
"U of A research opens doors of access to youth mental health services - University of Alberta <a href=""https://news.google.com/rss/articles/CBMitgFBVV95cUxOLWZST3ZoNWh4UzNZRU9YTlNXc2Z3X3R3UFV1MEtvUGFNSVJaMjZYa1FhSnFVUFVzRmotTUVaeXJTTjM3cDJsc21yekM3bzhYSTI0STFtbDE4M2R4bGJyN0xpc19vVXVsRG9xVUhNeHp3UlpxUEVaNG93SHhTVFFLYVEyazZwUXZUd0x1WG1mazRobzdpVEhRakZZaXRSblVfRmxta01TRXhmMjNWcGFQY1dNQ1lkUQ?oc=5"" target=""_blank"">U of A research opens doors of access to youth mental health services</a>&nbsp;&nbsp;<font color=""#6f6f6f"">University of Alberta</font>",Health
"Financial stress can damage your mental health. These steps may help - NPR <a href=""https://news.google.com/rss/articles/CBMijAFBVV95cUxNY2lBcjV6Yi1tV2NsR05DNmVpdnFrRFZad0pESXhQZ1VjZkp1Q3hpX19YRF9QZmd4QVVfVnBBWENiX2FZLWxIYUlfanpmWkJKOTgtaXEwN29IQTJrSGwwRFhXODFjT1B6dFJ1aU5PbUZEb2xiUlpSYmZlMW5CVkMtNlFDSkNyVGN5c3NxNQ?oc=5"" target=""_blank"">Financial stress can damage your mental health. These steps may help</a>&nbsp;&nbsp;<font color=""#6f6f6f"">NPR</font>",Health
"Special Report: Trust and Health - Edelman <a href=""https://news.google.com/rss/articles/CBMifEFVX3lxTE5HUld5WmtJcDZ1YXM0aFk3NnpteExoVndjQ2tORjV5ajJ2MXlaTnZFUkdMTTNud1dUMTAzYmxFOC0yZVFNQ2RxSFRaekI0U3Vhb1VmdDJBWVJ2aHAxLWg2dmRYYlBKck1BckFfQ1NMMDF3RER5enFPTjZwbkQ?oc=5"" target=""_blank"">Special Report: Trust and Health</a>&nbsp;&nbsp;<font color=""#6f6f6f"">Edelman</font>",Health
"US doctor warns that eating chia seeds like this can land you in the hospital: Safe ways to add this supe - Times of India <a href=""https://news.google.com/rss/articles/CBMilwJBVV95cUxOS3JNV0pqS0g3cFdScmU4bTdTcG9kT3Ixc3pURlloZkdRNlB5RE5ObGNXd25WMGV6cVd5TWpNdXExQW9OZ1AyTlZXWm1EVExjcHhZLWZZVGEwaW50MGdveTRvWEdoUmZKVzlsbXU0MzBsNEx0cGFpWDNkQVQ4eXBfcGh5QUgyU1Q4T19Xako3NFI3R1pVOWlzWnJSd1E4a2FKT2xzejVzOXZuSWhWM3B1enFXLUtXY2EwUHA5X1dySzR3TzJ2bk1XWDl2U2d6RnhuTk8wbWM3Tl95UTZlR0JrbVNXRXUtc0dPQnB4WnFsU0dMQXYzenFCbEthbEw3SmRfZjBGc3U1S1N4VjR3SlphOVl1YlhSNzDSAZwCQVVfeXFMTjV2ckpZMVVBNlZ2Nm1WMWJ1bHl6S2k4RlpXeHZmZ09QLThtYVV0T3lnOXdSOEVZQlJFY2YtdUZEUjI2WEVXekJzLVdub0oxM1hUSDdqOVU4NVBLNWtianNxeTV0ZUtZM1JpbzdsMWpza19aOTE2emhNLXBROG9lU2w5WnVQSEpzeEJuQWpaUXotM1JaRDFlZXFUVEtRMEZJQ193UnNxSjRvcEVfNUcxY2RtWXRVMUZLWDJud3RUNzZhdnpHZTlMZW90NmRVa194a2k0dzk4emlYOXFQUzVHUVhrUVZSMTk1ajRUa19iaFltZ24yLVdLQmNZWHlWY2F5TUliNHBzcnVnTEE4MHdEVWdhQ09pMHpneGRwY3U?oc=5"" target=""_blank"">US doctor warns that eating chia seeds like this can land you in the hospital: Safe ways to add this supe</a>&nbsp;&nbsp;<font color=""#6f6f6f"">Times of India</font>",Health
"As a diversity grant dies, young scientists fear it will haunt their careers : Shots - Health News - NPR <a href=""https://news.google.com/rss/articles/CBMi4AFBVV95cUxOSVZmazgxMTJlRDNnWnEyYUhoY3lhLUpscC1NTjlJNDVEVV9TX0FxWGNzQkN5WTQtQ1R4eE5zTGxDeUQ2Ykt4TlRyZ3hMSUxEaVNpaEVvZlNjeksyODFHVUlfcWt6M0hzQVNzb1BsX1JJNTFVaElNaldxWmZtQ29BSEZRVGdmeGFCOS1aRV8tVnRIcHRydG95dVp0SV9SRHNVV1cwSk9FZ1ZoNzVVSmtFc0tXQkRVTXpuNzUzVTl6RWN3UWY5NUZMbTVCc0hIdjhHLXdhaXBnVExvT1pTOUJORQ?oc=5"" target=""_blank"">As a diversity grant dies, young scientists fear it will haunt their careers : Shots - Health News</a>&nbsp;&nbsp;<font color=""#6f6f6f"">NPR</font>",Health
"Trends in health care spending | Healthcare costs in the US | AMA - American Medical Association <a href=""https://news.google.com/rss/articles/CBMidkFVX3lxTE5ZVUhTQk82SkdULXZvWlBjYVhCb2w4X21HUHVILUZsWDF4U2lDM2tiMkpGNzJDTllVSndVMUEyc1FPdXZyUUc0V25keUkzNTJ0bjBBYjE4Sm9rT3psNGlINEsxTFFDT3hpSkdUbDQtQzBrcnVucVE?oc=5"" target=""_blank"">Trends in health care spending | Healthcare costs in the US | AMA</a>&nbsp;&nbsp;<font color=""#6f6f6f"">American Medical Association</font>",Health
"Pager Health(SM) Expands Commitment to Help Health Plans Grow ASO Business, Appointing Jill Kirchner as VP of Health Plan Partnerships and Growth - PR Newswire <a href=""https://news.google.com/rss/articles/CBMipAJBVV95cUxPWGI1anF0bmllRFpndXZwcGxxVXF6OXUyYVQtWkkxX3BJUmVVZmNVVlZidXlhM1lOc3NhTGdjN2JVMW9ZbnZGVTY0U05GSEVaNEJlYWNjRlJpdkxjTzZ0Wm8xV0dETjVCVEJRLU01am1TTU9seVNic0RYOVFJMUU5M2VBSk0waUljdjFqMWdlSmJZWkxMNzlFSTVTaFJSYlFvZTJULW9RRGF0TUNjSXpiQ2tpSFZxOGc4ZFdKY3R3VnQyejRXYUJnSUtCeC12eE1WWkJXZXZYTUp5MHV1ZkFleENJRTJ6aGxFLWpiN3BMaFNRREtzWHQtZ2thYzRoLVR5eWxWTkEyWFJrX1Z1ODlCVGRnRzRJbnlLaExBMU1HRzRKN0Jz?oc=5"" target=""_blank"">Pager Health(SM) Expands Commitment to Help Health Plans Grow ASO Business, Appointing Jill Kirchner as VP of Health Plan Partnerships and Growth</a>&nbsp;&nbsp;<font color=""#6f6f6f"">PR Newswire</font>",Health
"GTCR looks to exit health tech firm as bumper sales spree continues - Financial Times <a href=""https://news.google.com/rss/articles/CBMicEFVX3lxTE5XS1hrczd3S3lpaWFZR3J1cFNXX214OWpaOGQ3Q1ZVaElIVl9VdHE4dHdoSlR3Mm1seV9EV05rLU5ibC1VNG1FbnJ6a1F3UFZYQWZsMFJhNFgzQnpHcWl2Q3p1ZHN0emd6MlB3WjRYOWk?oc=5"" target=""_blank"">GTCR looks to exit health tech firm as bumper sales spree continues</a>&nbsp;&nbsp;<font color=""#6f6f6f"">Financial Times</font>",Health
"Health of Brazil's ex-president Bolsonaro has worsened, doctors say - BBC <a href=""https://news.google.com/rss/articles/CBMiWkFVX3lxTE9pMU52dE9aS3VxM0M3dmJabGhRZGVPLUY2bXZJZGNSbzZESEozdHZQRjdLRllTY2FqbmRXdVJoRWVRT1A3OHN6Zm9UcUdCcFJRLXlSYW1DU3hNd9IBX0FVX3lxTE5ic1FhVzh5XzdhWWcyMHVPbFR2a0U5a1RCM0tScURyWl95Vm53Ql80X0RuLVM0M2VJejU2M1JMSkRNQ3YxZzVnSk5jclRvZFR2aWxGZHlnVnZrZXd0ODhV?oc=5"" target=""_blank"">Health of Brazil's ex-president Bolsonaro has worsened, doctors say</a>&nbsp;&nbsp;<font color=""#6f6f6f"">BBC</font>",Health
"Chhattisgarh pvt hospitals are gaming Ayushman Bharat PMJAY. It’s the state with 2nd highest frauds - ThePrint <a href=""https://news.google.com/rss/articles/CBMizgFBVV95cUxNY2JXWmI2MThGbXo3MWJOYnFmdUQ1b1VPR1hlRDRSYmJaTFFCalhWUDJjdjU2T01LV2Z5bzNWN1NRSXI5RVFzRlNWeWZMOTVsUzRudU9JcklkSHhkWlVFN3ZhLTN0clBTdVVUc1lIUHF4RzJYUklxS1MtZC1hMXdLUkRwTmxPeE9qdFhXSjBYR2lLTnFrcjNWeTJfNUxUdFJmc0QtTl9JVzBBa2E0cnlvRlAtNkg5MzlkOTB2NFpDZ0tqUVpCS3R3Q0Z3Vml4d9IB0wFBVV95cUxQNG5KOVBrRms3VlNpSnhqWEZEY0pYWmM2dkQ2cVFRNjVuN1NSWWRGc3Q3cnBrYXVjNzExaXJqT1dMSVg0WlF0T1ZRYnRWaGlKVUNxZVphRVprNkNVMWh4YWtjZE5JOFNkMWthRjFfaE5hRml4cFgzajZDcUNjcGhsQWRkYnl5Um5IT3ZOTmtuSl8waERPV0I4ODg1aUF5cFdWV3NVcTl0b2pMdWFac0QyNUVDR0lMTGZWY2pfYzRqSXhwYzFuQW16Tl9yc2VBbE9zQ0tv?oc=5"" target=""_blank"">Chhattisgarh pvt hospitals are gaming Ayushman Bharat PMJAY. It’s the state with 2nd highest frauds</a>&nbsp;&nbsp;<font color=""#6f6f6f"">ThePrint</font>",Health
"Hoarding a UK mental health emergency – Birmingham group warns - BBC <a href=""https://news.google.com/rss/articles/CBMiWkFVX3lxTE84bEd1NzZsOGFjSjlIWGtZY1VnYWlSU3E2UXFrdmRiNGV6eDBrTFhvTDFmd0pyTXd4SzVXcWUweXBJaXcwWTBmbnBLTnlnY0VlMlNqTUhwRnBXd9IBX0FVX3lxTE5zVzdWTVZXZHR0cnhoOFFGdC1UOHI5bFhBRG9qU2kyYkNrTFphX1JaTkdQdFZwTU1PbWhseEIyeVRGNjRoMldfWG9fSFA2S3ZEbC0xTzdBRW1qbWRidVJj?oc=5"" target=""_blank"">Hoarding a UK mental health emergency – Birmingham group warns</a>&nbsp;&nbsp;<font color=""#6f6f6f"">BBC</font>",Health
"Lapu Lapu Festival suspect: Vancouver man, 30, had possible mental health issues and was ‘known to police’ - Hindustan Times <a href=""https://news.google.com/rss/articles/CBMi9wFBVV95cUxNSU1KelF5NUlqZkpSQVFDcW9PbjBKem1JZUtQY0tLcGQ4UmEzQWRaUVhxTlIxa3lJeUJJWmpCQ2hBX0ZUMDZvOXZhaC1jVDBwcUJxdHRDRF9qRmYwYXhBRWc2cHBUTVZjRUFUMDhCTnplZ0h0b1hhYkZIT0stTDkzRU85bGdHeWVFR3MxbWlOREtrODVIc2MydHZMX2JyZDd0c2NXXzB5RllpOFN2cHdLb3BINjFGaVRKTlREZ1VNSmRUbjBwVnlQYm9GcTkycmRPU1BvWDhob1BJV290Sk82QnVudDdxSmxJWEljMTQxN0QyeXVWc1800gH8AUFVX3lxTFBJV21ZX1dfWldsaFNYV1JYb01SMkNTclpOM3hwSU5wWDVKVFRXQlJSX0Y4UW92b3hEYUZwaGhMcFN3QmRTNkNNUmpROUJhc1RucnNQTF9LQXh4Y0hlT0EwSjIwWFNobXIxX3l1THJfTERORndwV0g3dmlBS2s1TlR3TmZPSmtjUDczNzAxNWk2d2pfVmk3SV9qSHpKWXJrTlJycUpfMUVmVXY3dE9ZQU93ZlQtS2otQ1FMejVBdDVuaXFXbzFicldXN0ppV1VUU2h5MVlBcDFmMjFZWmwtbjRRcnRvbTU5NWRIX0dUVHY3X3U0NU9oZjRLUXZmWg?oc=5"" target=""_blank"">Lapu Lapu Festival suspect: Vancouver man, 30, had possible mental health issues and was ‘known to police’</a>&nbsp;&nbsp;<font color=""#6f6f6f"">Hindustan Times</font>",Health
"Weekly Health Horoscope Predictions April 27, to May 03, 2025: Tips for wellness and balance based on eac - Times of India <a href=""https://news.google.com/rss/articles/CBMiowJBVV95cUxPVUo0MWtYNDhkbVUyZVpRV1drZV8tNkU1Z2JidGxkWnFCLUUzaTdFdDJ0ejk1bERXWDBublBhQVpKV2VmWmgyUW9rU0VXMkhFNHh6d2JWUHNPbm1kWjR1UE5JRGRpVzk0ZWRsZmJ2Y1dLYzJaZjdXaERreGFVTWs1YncxdkhoUEV1MUFjRmVrbXhVSVNmUGtjR0JBOFhfRk8yaTliNWN6WXM0MWpBY3gzRF9WdnNNSzBabFcxZDRHWUo5cXd1b0dTZDNmUW0ydGxJZzNMYkprZkhrelV0STAzY1lETVNCeGlmODloZzhjdXNvdXlYU0ZOQlM4WU16cXNGT1E1RTQ1Yk45MnZTMFhMRTJXMXhUdE9xeDNBXzlzZkxWcjjSAagCQVVfeXFMTjJaN1pacW5scG1RS3gzUXYzWFhCb3F0WEo4RGlOUjBicW9nWlZaa2tndFdZYWVzTXdiNzl0WEJnS19RSmNGTVZnMXBpOXVqa2YzQUdETnRoTjA4Mnh0b0VFd1JwMlpBQUlwY0Fra2J0TDdFdU4zSXVWdkdlUVJuc3FaZlpjeUt0MnZneEdyS19CMmN6REFQR1dqTmhrUVFTZXBROUk3SllON3VVcGhnMXJHNm5sTHpqY3h1LXBCUWItemZlZGhDclBlQlB2Zl95bU55SDltVG5jTlMzM3hEcUFYdTFlMnZjXzlocU9fekV5OWY3cFZjdFRlU2NISFRLT3hOT1IyR3BtQmtKaGRvVkNwN2t0SGJDSmZDZnN2ZEY4S2s2Uk5VZnc?oc=5"" target=""_blank"">Weekly Health Horoscope Predictions April 27, to May 03, 2025: Tips for wellness and balance based on eac</a>&nbsp;&nbsp;<font color=""#6f6f6f"">Times of India</font>",Health
"How California sent residents’ personal health data to LinkedIn - The Markup <a href=""https://news.google.com/rss/articles/CBMiqgFBVV95cUxQNjRKV21SZEd1aWJwaGliQnFDZ1JsbVpHYk52VkpVaU9mSzRTTzNxZ0JQYS1BOHJLUGc0dkxia25YdDM1M09iSXJVWkZwLVRVNEs4cWFGLUM5SzBPN1N4VUtGRTdkRTVEQ1ZHVWhCZ2NFc01FanlHZG9UdlBHNEJEOERld0FtN09pX1BNWVpCWm1PVmlCcy14X1BreUEtVTY2MjRmSXpyMzE2dw?oc=5"" target=""_blank"">How California sent residents’ personal health data to LinkedIn</a>&nbsp;&nbsp;<font color=""#6f6f6f"">The Markup</font>",Health
"Countries are already experiencing significant health system disruptions – WHO - World Health Organization (WHO) <a href=""https://news.google.com/rss/articles/CBMiuwFBVV95cUxNUGx2NENxV2pSbG1sUHZMUTlWaXZnYjdJYWhOeWNPaF9vVHltT0ZwRGEtTHAxUnBWeENHTGJMSXZnRXc3QThxQjlEQUNTSDItV2J5Wl9jOWJMR3lvWkhrbUZhc2VLWVVjb1NGS0c0U0szN3BPQ1R6b1J4OUQyazhxWkhVQXc4b0NBS2pzaTBkSDY3RFg5VTBuVkh4ajZLN0dwcmYtUWtwbDh1c0N0a1I4ZExqX25SSVNCOXdR?oc=5"" target=""_blank"">Countries are already experiencing significant health system disruptions – WHO</a>&nbsp;&nbsp;<font color=""#6f6f6f"">World Health Organization (WHO)</font>",Health
"RWJBarnabas Health and Rutgers Cancer Institute Appoint National Leader in Cancer Center Administration - RWJBarnabas Health <a href=""https://news.google.com/rss/articles/CBMikAFBVV95cUxQMHdDLW5BMkhySUR0aDBiSnE0Wm1QUklDWm5DamhDVG11WnltUHJzcHh0dmx0VmhvNU5tRUhJdFZ4QWNDQUY3bFRSWXB2eGpzLXlwczVjdkFkdXVHSmZtR0REOHZtYmNoelEzOFdPTlZQcXRUeWlGMTUzNE4zemRxd0NGcGlhMWdyOGRnWUlmbkQ?oc=5"" target=""_blank"">RWJBarnabas Health and Rutgers Cancer Institute Appoint National Leader in Cancer Center Administration</a>&nbsp;&nbsp;<font color=""#6f6f6f"">RWJBarnabas Health</font>",Health
"Country diary: Spring can be a dangerous time for horse health - The Guardian <a href=""https://news.google.com/rss/articles/CBMiswFBVV95cUxNMEo3dFo2Y3VkX0ZHQ1dTRk1qNzlrbEVEYmxPS0Y5bDktTkdURHRqc2ZRNVBhS3ZEV3MxUXF0QmZmeWcwYWtoSW5xZlNsQ0x0WGdTdUhjRnhGVHlCSWhwdnQ1RmVjWWtYODJkd3lPd1k2OXdkQ2V5c0JtdnloOVlSajI1UzMzWXJ2OWp3VjhvZGVZTEUwZkpfenhPaVZQX0ZBd0Vua3RZSU9ldUk0bG9oZDVkaw?oc=5"" target=""_blank"">Country diary: Spring can be a dangerous time for horse health</a>&nbsp;&nbsp;<font color=""#6f6f6f"">The Guardian</font>",Health
"Oral health - World Health Organization (WHO) <a href=""https://news.google.com/rss/articles/CBMibEFVX3lxTFBIN2pUWkF0aDhSc1MwZEhfWFdWTl9wcjV4TUNzSlhiNkZsYUM2QXhuYnduOWJkblZBM2Y3QmUxcHUzNXlOcUExVTYzZmdlQTQ1YU1Jb1poM1drN01tcjRHUTM3dktfODRwZHEtZw?oc=5"" target=""_blank"">Oral health</a>&nbsp;&nbsp;<font color=""#6f6f6f"">World Health Organization (WHO)</font>",Health
"Travel Health Kits - Centers for Disease Control and Prevention | CDC (.gov) <a href=""https://news.google.com/rss/articles/CBMimAFBVV95cUxOM1JtSTUwaXJlcnU1MnQwTWVVdkltMDNfdnpkOXliY1R0MThNYlI5SG5XY0xLd2h3V1VNVHg4X0IxNHlyMU5rYVR4ZkJlWkw4bUt5X3BzaGtSR0dtX1o0THZuN2tfSFptU3Y0WUNvakJpcVFnd0RnVkREYjk0U0ZTSUV1eUVWb19qRE1OSmVxbk5yMjhabnVsNw?oc=5"" target=""_blank"">Travel Health Kits</a>&nbsp;&nbsp;<font color=""#6f6f6f"">Centers for Disease Control and Prevention | CDC (.gov)</font>",Health
"World Health Day 2025: Healthy beginnings, hopeful futures - World Health Organization (WHO) <a href=""https://news.google.com/rss/articles/CBMixwFBVV95cUxPWnZzTUVWc0t4b21tN0pYSmtTc25oaC1yMmdlOTNTYXQzZWRsNV9PY3gxN2JYaGxmVHVVa2twQl9WbDg1eGFaTEtTdkNYX1RYM1pWUVBZVXVlLXFVM2J4T05ta3FZTDlsUmtpSUxPMDFMQXhXQVlzOW9iOEZSdWp1QnJ1c3M4OURtZHJaQXUzdjFpSWRTR3NVWFZFN1dsSkxlMmlXUXVsS3RBQ0p4VVRPX1JYamw1dGlxalU1TUYzU2ZzMnNiWWJj?oc=5"" target=""_blank"">World Health Day 2025: Healthy beginnings, hopeful futures</a>&nbsp;&nbsp;<font color=""#6f6f6f"">World Health Organization (WHO)</font>",Health
"Kansas’ former top public health official reflects on five years since COVID-19 - Kansas Reflector <a href=""https://news.google.com/rss/articles/CBMiugFBVV95cUxQeTVNNWlnY0szVWFDMDdTMmNSb3NXdHhjeXh4Yk0zVnZ5UHFsR3hIdzhiTEtla3kzY2FwZ056ZXNybjVuY3ZuSTJhdUZTaVZTU1VOTXFmY3RjR2R4SW5ydGVJajFRWXh1Wktvd0NvOFFYZG1CcGN6ek1zZi0weFIzVTYteGZvVkRmcG43bkMzVnpZdGhNLWRKRW1WOWY5WFF6ZGZpR1ozRTN3cmR0NVFnOEpKTGZVQ3ZyM0E?oc=5"" target=""_blank"">Kansas’ former top public health official reflects on five years since COVID-19</a>&nbsp;&nbsp;<font color=""#6f6f6f"">Kansas Reflector</font>",Health
"The Accelerating State Of AI Health In Hospitals And Homes - Forbes <a href=""https://news.google.com/rss/articles/CBMirAFBVV95cUxPZW9veVZNcTFDekFvWk5BaHJMYnJ0Rm9fOGw1WFZpZFpHMkl0ZTQ2MzlTcXB0X2MwNWthVXJMMlV4bHdzWkVZTEFTeDE4XzlXQjUzMlpGYUtpTEJlcmFVZUdkaG5Ca1JjV1dqUnpTNG12Wk1yTDVSanU0aEJsT1ZsSHFRVVBkNGFLZVZadWtoYlRwLUhQM3pHbzVpeFQwR3liUE4xckFzcFpnVk1Y?oc=5"" target=""_blank"">The Accelerating State Of AI Health In Hospitals And Homes</a>&nbsp;&nbsp;<font color=""#6f6f6f"">Forbes</font>",Health
"School of Public Health Launches Graduate Certificate in Global Health - Georgia State University News <a href=""https://news.google.com/rss/articles/CBMipgFBVV95cUxNeE02X2JUQTdBX0s2VXpCMHg5NVZ0X2VHVWlpX2lPMjJ1UWdMZllzQkxqb2VBbGJXWTJvNS1pdzE3azRXOWVqcmV0TkxMLWhpdVRKTU5IWU9kc2wzd2F1S2tYNjllam9uVFl6ZXdkTkI2UGtZSWlqWEdjWl8xR0txcXdoWGZndzJfLVZqU05MSzBuVFRIS2NTNHNKT3RZcGJhU0NYc0dn?oc=5"" target=""_blank"">School of Public Health Launches Graduate Certificate in Global Health</a>&nbsp;&nbsp;<font color=""#6f6f6f"">Georgia State University News</font>",Health
"In a reversal, the Trump administration restores funding for women's health study - NPR <a href=""https://news.google.com/rss/articles/CBMivgFBVV95cUxQQW1mY2hPR0ZKXy1jV0llQTJqU01GYVBMZ0JuVU5sOERoaWV2QTdaamFmcml0Qlltc3U5T0s3U1R2MzZXVTlQWnN5Mll6cGtBdTlVcTktUmYwLU1oU1dRTkQ4d2FGOWVjZlVFcFZwOGpzYW1EOV92bG9mblp1a2RhdlZnd3o2YWtnTFZTdE9NblhCNU9zYmxQaHZxWENhLWxjT1NZZmE4cW95c0l3NzI5ak9OUUVYR3cxcFJPTHZR?oc=5"" target=""_blank"">In a reversal, the Trump administration restores funding for women's health study</a>&nbsp;&nbsp;<font color=""#6f6f6f"">NPR</font>",Health
"International Universal Health Coverage Day, 12 December - Welcome to the United Nations <a href=""https://news.google.com/rss/articles/CBMicEFVX3lxTE5nbldKc0dBVWJzX245b0RNRnVTSEN1SlJKb0k4a1gxUXg1Qkh2QUktZl80VFBKenBWMTZUazVfeW41anBUakFSNEFFZnBGREhUdy1DakxmUFBvSWN2UWl0VlNYR0RlVXZsSHNGYkZoZUw?oc=5"" target=""_blank"">International Universal Health Coverage Day, 12 December</a>&nbsp;&nbsp;<font color=""#6f6f6f"">Welcome to the United Nations</font>",Health
"Ultra-processed foods make up nearly half of US grocery purchases, raising public health concerns - News-Medical <a href=""https://news.google.com/rss/articles/CBMi3AFBVV95cUxPS0piWVNYdnB2NXVOalBnSkhac3BROExqTU4weTg2aGlLVkpRWGxFNDZtVXhEczFUSGxwbXVMOGZxanNhVExiaHo2M3hTOXNfdzEtR2NGeHhsXzZNdG9QbmZaSXlCcW9rLUE3WHR6YVdsY3pRdVJTbUh2dkJ0czVCZ1dkUHNrbkk4dXFpWjFqUVNNSG9pZW1QbE55aDhyOUdEbDRGN2QxMmVjQWRTQ21vaDZ5bnBzTVVkc1dqQmhhU05TdkxWRWUybUZ6WTVOUk9zcHMtUmF3QjhSQkVm?oc=5"" target=""_blank"">Ultra-processed foods make up nearly half of US grocery purchases, raising public health concerns</a>&nbsp;&nbsp;<font color=""#6f6f6f"">News-Medical</font>",Health
"Health Plans Brace For Cell And Gene Therapy Costs - Forbes <a href=""https://news.google.com/rss/articles/CBMipgFBVV95cUxQdno4NDFWSFNTMm1NZldkZVdjWnNvMzlKT1VLb2pudHVZRDA4aS1MUUcxQ0paQmoxN0FaYWIyTHVyM1MtWTFjdFFqX00wUnVPazdhTzRmaGlKRGo3WXRnTHhfcU1SQjBiVmpIYXJHQWplWVVZWXl3MndfUjZYa2xCeDJFS3BNWVNzcHJnRkdwZ01EQU5BalkzZ0dHeG5DbDFJZy03d05B?oc=5"" target=""_blank"">Health Plans Brace For Cell And Gene Therapy Costs</a>&nbsp;&nbsp;<font color=""#6f6f6f"">Forbes</font>",Health
"Increases in vaccine-preventable disease outbreaks threaten years of progress, warn WHO, UNICEF, Gavi - World Health Organization (WHO) <a href=""https://news.google.com/rss/articles/CBMi2gFBVV95cUxPUlA4OFJCNTc3TUdHTnlydzBIaWJJLVI4YnlyT2tGZUotWV96c0VvODZZT0hUOGROYzA0R0pwUGRDaXp0aWVGbWl5azNYRHdVZ0dHSXlrbjlBVGQ4NVBDR1NmQWxIdi05QVZhT19jV3RHWUpqemt4RV83Mk1CTmtWSmgzOEZJXzBhc25pSGsyTy1ZbmRyTTRtZVcyVWI1dHF5NTFoVXVOZFZac1A3eEhKR0tTYlJYTGdDOFFfU3pUNmZxdDlQazdWeEFxcDlzTlN0czFILUhGRmxSZw?oc=5"" target=""_blank"">Increases in vaccine-preventable disease outbreaks threaten years of progress, warn WHO, UNICEF, Gavi</a>&nbsp;&nbsp;<font color=""#6f6f6f"">World Health Organization (WHO)</font>",Health
"E-News | FSAP offers Mental Health First Aid training - West Virginia University <a href=""https://news.google.com/rss/articles/CBMijwFBVV95cUxNTTlQTjRQLUZzZk5QLUoxQXlYUERGOWRQY1ltd3NUZ0hyRlkzNERTMjJkLVFhTXNYNnFLSUdpeGR4LWo1VDVQN1FhcThxcjQwQ0t4Y1BJcDY4OW93a1E4UmZzQmh2Ukw3YnJ0N042NmQzSFoxN1FnaHh3Mm80blZSMGU0RmVicV8yV1RDSWY5NA?oc=5"" target=""_blank"">E-News | FSAP offers Mental Health First Aid training</a>&nbsp;&nbsp;<font color=""#6f6f6f"">West Virginia University</font>",Health
"How the state sent Californians’ personal health data to LinkedIn - CalMatters <a href=""https://news.google.com/rss/articles/CBMif0FVX3lxTE1lV2VYTTQxbGhPdzk0X3E1R00zM1YwM2dIUnozRVV2a1ZJWXNsNHBLTlJFaWNuNWF3dkFOaXc5VXhwbng1MXh2RVJHRFFjUmhNay1HOHg0a09RQmd6SXRpbkRWZm9GNUxWRV9nTXBkSU5rWjJvMlNCVGxZMW91Yk0?oc=5"" target=""_blank"">How the state sent Californians’ personal health data to LinkedIn</a>&nbsp;&nbsp;<font color=""#6f6f6f"">CalMatters</font>",Health
"Medical Tourism | Yellow Book - Centers for Disease Control and Prevention | CDC (.gov) <a href=""https://news.google.com/rss/articles/CBMigAFBVV95cUxNRVZ2RHJremdQRHZMaTVfd19VUGNON1ZfbGhFSEd3a09LOXJ2cG14RFBtNFdFTjIzaXlISTRxRkU4Wk9iOXhibGk4NzI2RGZTV09zbWtMOWNpbUVHR3VaYUtqV3RjUU5GanJWdGlZa3NGNThRSjAxcGdTVlBLQ2YwTQ?oc=5"" target=""_blank"">Medical Tourism | Yellow Book</a>&nbsp;&nbsp;<font color=""#6f6f6f"">Centers for Disease Control and Prevention | CDC (.gov)</font>",Health
"Have scientists discovered a new colour called ‘olo’? - Al Jazeera <a href=""https://news.google.com/rss/articles/CBMilgFBVV95cUxPSHd6bXBoVUFPcmdVZXV2eVp2V2NaNGUyb3FSTjdBS1NLNjNMNUxZak55TVlsTEhIcnpYeU9pVjdXSEl3emdyU2hGaWh0aWg0cTVEOU5VRWJnSUdoN2RYOGJ2NkpON25CdUNVMnpmbVdlbUYtUVI1TnlRTU44ck42VnZsRzZLRUlxVTdpaE01UmFvSlZVQVHSAZsBQVVfeXFMTnpMd3RRc2h0OGRQczZCRmxTcFkzb2Rnb3F4NmZKMEhMZ3UwYjd2Qk9ZRTVzZWpDVENTNmt5VEh2ZWRScmxBOGJvMXpNWk1XdUo5NzN0TnFrZlhXdXRaSDR3SEhjZUgtdWlQazZKdF9jT1p5YzRGdmdIQmFZX1BPWGtRZFRFdGgzMEFHbU56WGNxaUpaYjBuQXR6VW8?oc=5"" target=""_blank"">Have scientists discovered a new colour called ‘olo’?</a>&nbsp;&nbsp;<font color=""#6f6f6f"">Al Jazeera</font>",Science
"Science news this week: A 'skull' on Mars and the discovery of a brand-new color - Live Science <a href=""https://news.google.com/rss/articles/CBMiswFBVV95cUxQcXdlRFdEOHF5YTZGNURKSU9KMFhjOWVqRnpNQWI2NjhqdXVDazBWN0MwSzl0VVlybWpfNk1TeUQxWFBqQzREbWFIUm96VURzSGRUb01jNHg3YmNfMDl1cnFQSHpaQ2c5Z3JOMHdHbk4zYVNzQVo1a0w0cU1iQ0VIUHlPTjJMVjVObTQwVkM4NHhQY09MR3dJaUNDc2JEZUFmcjNkR0ZFeTNEMkx1LUpMV05YUQ?oc=5"" target=""_blank"">Science news this week: A 'skull' on Mars and the discovery of a brand-new color</a>&nbsp;&nbsp;<font color=""#6f6f6f"">Live Science</font>",Science
"Dr K Kasturirangan’s contribution to Space Science and nation building – A legacy - Times of India <a href=""https://news.google.com/rss/articles/CBMixwFBVV95cUxOUHFCb3VHT3dyc0FQRUt0blAxQWlES3BVY1k4Y1dWdVZRckR1Yzk3SjNQcHBVT0RKVVlYME1PLS0xajJXNFI2YlhyOTRvbDFKb2sxUGgxMDBJZVREaEJheTNQNWVBaW82el9wWURId2VPMzBpZXJtUWViaW9tWEpSQlp1a0Ewa1RMd051T0NQUTdWTi1DZFdHZHlHYW9EOGN3VTZVSE5OTlJ2cXMxUW1KRDdCYUxoeUllVDVLbE0xczdVRlVKZlU40gHHAUFVX3lxTE5QcUJvdUdPd3JzQVBFS3RuUDFBaURLcFVjWThjV1Z1VlFyRHVjOTdKM1BwcFVPREpVWVgwTU8tLTFqMlc0UjZiWHI5NG9sMUpvazFQaDEwMEllVERoQmF5M1A1ZUFpbzZ6X3BZREh3ZU8zMGllcm1RZWJpb21YSlJCWnVrQTBrVEx3TnVPQ1BRN1ZOLUNkV0dkeUdhb0Q4Y3dVNlVITk5OUnZxczFRbUpEN0JhTGh5SWVUNUtsTTFzN1VGVUpmVTg?oc=5"" target=""_blank"">Dr K Kasturirangan’s contribution to Space Science and nation building – A legacy</a>&nbsp;&nbsp;<font color=""#6f6f6f"">Times of India</font>",Science
"University of Strathclyde offers PG science scholarships to students for September 2025 intake - The Indian Express <a href=""https://news.google.com/rss/articles/CBMi5wFBVV95cUxNZ1lrbGRHT3haZW5rNmN1TTN0N0N4bngteC03d2RDQXZRcjNveXVlZjFNTEdSb1AxeXdpYmNuaG1ydFRQdTFTckdZNFVDT21QTGFXdnM3bm16bjZRUm4zLVFCT0dwcXRzUGdkVFRZcTZ1UmNwc0I1WVlrT1ZqREFBd09IMzFlS0M5emtOMmNiczc0azJZd2doQ1E0RTd0bHl5VXd4Sm9LMU5sVDUxZURiVnNxY0hNTTlZMnJHVTN0VnhyQmFsXy16bTg4bVd0REI4RGF4SXNtakdlNDg5UFBRYmpiMHQtY2_SAecBQVVfeXFMTWdZa2xkR094WmVuazZjdU0zdDdDeG54LXgtN3dkQ0F2UXIzb3l1ZWYxTUxHUm9QMXl3aWJjbmhtcnRUUHUxU3JHWTRVQ09tUExhV3ZzN25tem42UVJuMy1RQk9HcHF0c1BnZFRUWXE2dVJjcHNCNVlZa09WakRBQXdPSDMxZUtDOXprTjJjYnM3NGsyWXdnaENRNEU3dGx5eVV3eEpvSzFObFQ1MWVEYlZzcWNITU05WTJyR1UzdFZ4ckJhbF8tem04OG1XdERCOERheElzbWpHZTQ4OVBQUWJqYjB0LWNv?oc=5"" target=""_blank"">University of Strathclyde offers PG science scholarships to students for September 2025 intake</a>&nbsp;&nbsp;<font color=""#6f6f6f"">The Indian Express</font>",Science
"Indian-origin scientist steps down as director of US National Science Foundation - GujaratSamachar English <a href=""https://news.google.com/rss/articles/CBMiygFBVV95cUxQNVRGVWh1MUVtQlNtTTlJcnk2UmotVXh3OUVHQWx3SWsxTGdTN3gxRG91bFFlLVBMMWNtczgxSThVYkN2QmI5alBOLWxITFM3YVRERi1HcFdKMThFNFhuVTEyc1hqdDM0RGZCWHh0Y2VZak5vaTBGcExRTFh5ZUFOV3R2MG1yRDBacWZSbGV0Y3A2ZjNyR1VaeU91dldhMW9wVnhpdHJuV2pab3FyMVpZRXc5N1NXazdKbWdmRDZnRjVQWWhKMmJXMTB3?oc=5"" target=""_blank"">Indian-origin scientist steps down as director of US National Science Foundation</a>&nbsp;&nbsp;<font color=""#6f6f6f"">GujaratSamachar English</font>",Science
"26 Chennai colleges seek to suspend courses as BCom, science enrolments drop - The New Indian Express <a href=""https://news.google.com/rss/articles/CBMi0AFBVV95cUxPdkRNTUlmTlU4UnktaEVuay1NRjFLRGpjSUhzZEppQm9ub2JlakR6ZUlsSGFXUldLZ1RNckl0Z2dFWlhBazQ3c1dvT3I2UjczY3JWeWdxQVllVEFjMnBSc2dVa28yYUk1ZVU0bzFUVkZmSE9TdDN3YktfdGlqcFpkd3NSSm5BbHlQMVpiVmkwLTI0QmVCNTN4Y0swMDY5ZW1tZkNUSjVBUEtTVjA0UGxFc3BJSGhUQjdKdkk4ZDZscU52aU1SVU5XWmY3bDVuckNK0gHeAUFVX3lxTFBmTktMR2NnQUY0Z0o4cjZDc0djQmVlcUNNaks0bmhtTjRySExpeHFPcEJSaEZDTDlPUmhPU0xmS3BjbTB2dFFENV9IbjlNT1dwcTVhVWdDYk9yb2VoeGpYVEFNOThGMFJ4SC1Vc1RfODZZLWFaRlY0ZGdYbE0yWUVmRUR0VVpPdVdIcS14Z3czYW1COE0xTWtQY3h2aWZ3ckM1aXRSQWNxbURQZFhWODZfajBTdnV4NGhXcDIyXzYzRWJFS1JVRTlmcmtrWFRhY05ZRjdKWUpwTWFPT3ZWUQ?oc=5"" target=""_blank"">26 Chennai colleges seek to suspend courses as BCom, science enrolments drop</a>&nbsp;&nbsp;<font color=""#6f6f6f"">The New Indian Express</font>",Science
"Scientists Uncover World's Most Bitter Tasting Thing Ever - NDTV <a href=""https://news.google.com/rss/articles/CBMimAFBVV95cUxPeG80cVR4dGZ4RXJSMUhEcC1CdURoM1I5MUh2SFp2V0Y1X2RWNzJxMURaSWdZOUV6ak56NjFZSy1jTTVJV18yMXFzN2ExT0hRbGFjaENnUV95QWZCQWJ3eHRNX2R4YUx6QVk5VTZsYWpLQXZIci1DZThHU0d6cV9QR3VGcF9WV1hZVUhQOW9Qeko1NnVpM1Fhb9IBoAFBVV95cUxQWnQxT3d1ZDBYLWJNNTYzc1diYmczZW1nU09CdlFkZjNsbmhXMEVZTmc5b0k1VnFNbnJMaG55YVZjaDIwQTBkVDVZRnQ5WHhwNlpfTjVGZzF4dGlpNU1jakVwOHFUSW9QOEhDSFBmNDNCNHZZeUdPd3RjdU1EUk9NR254aHlNczVwTGxqeG53OXVwOTczMDJ5UG9GTVRmS3pC?oc=5"" target=""_blank"">Scientists Uncover World's Most Bitter Tasting Thing Ever</a>&nbsp;&nbsp;<font color=""#6f6f6f"">NDTV</font>",Science
"NASA Reveals First-of-Its-Kind Image of Mars Rover Seen From Space - ScienceAlert <a href=""https://news.google.com/rss/articles/CBMimwFBVV95cUxPWDlNSnhBMnhVTkQwY0hSeXZHUUx1V3p2S2xZOVRHbzJHeldkV0FSTHk5Z1pJZGx4M1piWHJCZE1WeDY1UTc0QnN1M1pZWmYzUUVHQTMwdzFjY2RFSVJTMXV4emlhaUIzWmRRY19YYjFjUFVMcGd1MkppZ2FvUzYzaTRpa1F4bmFXQ0g1QjMtMXBnQU5rR1FvRlFjMA?oc=5"" target=""_blank"">NASA Reveals First-of-Its-Kind Image of Mars Rover Seen From Space</a>&nbsp;&nbsp;<font color=""#6f6f6f"">ScienceAlert</font>",Science
"Science Isn’t about Domination. It’s about Democracy - Scientific American <a href=""https://news.google.com/rss/articles/CBMimAFBVV95cUxQUXZFT20yT1hWYjZzLU1ZMWVQc242V2gxX2FMS01VVzBmblV2d1lNZDEzRUdwVy1waUpyQ25wb3BEbUg3YWZaWE90MUQ1bnBwYk9TTUNQdVh1MmNxQm1XRUQtSVQ1V25hSXAweHkwTkJiM09mZTZ3T0hYWkFMX3lkVXItM2pRQTBKeHFaNC1hLXRaWXBoWFI5UQ?oc=5"" target=""_blank"">Science Isn’t about Domination. It’s about Democracy</a>&nbsp;&nbsp;<font color=""#6f6f6f"">Scientific American</font>",Science
"Earth Science Showcase – Kids Art Collection - NASA (.gov) <a href=""https://news.google.com/rss/articles/CBMic0FVX3lxTE9ZTXVqd1I3MGNPbk82akF1bFBCQmF2UlJIcHlhS3MteExyWmp1eGpxTVh3TDEzSGFyM0Vlc1FuRC1HWFN5WDNCMUNSMmFNaTBvN0tDS0taZkRRNlZra01PVEJvT1FRZXpxVThNWHhFZ2pXdWc?oc=5"" target=""_blank"">Earth Science Showcase – Kids Art Collection</a>&nbsp;&nbsp;<font color=""#6f6f6f"">NASA (.gov)</font>",Science
"Trump vs. Science - The New York Times <a href=""https://news.google.com/rss/articles/CBMic0FVX3lxTE9zbm1pQ2V4eGU5ZVFqeWwtYUV0NzhSNFhrRldkekcteTJEbzJKQlJwQ3hDMnRXenRMU3pVenBfZUFRTVAtQ1I3ZjVtc3h4OTdQX3cxbnItV2pKVFYtV0JYM3JjSUZXZEYwei1NQWp2YkFSMTg?oc=5"" target=""_blank"">Trump vs. Science</a>&nbsp;&nbsp;<font color=""#6f6f6f"">The New York Times</font>",Science
"Does artificial superintelligence (ASI) pose a threat to humanity? - Live Science <a href=""https://news.google.com/rss/articles/CBMipgFBVV95cUxPdUZRM2xpdUxKakVmc1JYMnlUbTh6ZVd5YTRUem10VmgtUnFfS3ZBYUduVlg4WmJCa3dZM0ZIbG9Fa0wyS2hjUF92SFpGajlYLTFNTVM0N25aaG84b2dscE1EdVFrNElJZDNiRTR1UEZIaVZzeDE3eEJlOEJrOHEtLVJXOS1UWmotVzBxRVY2XzNvZ2htS3R4UEt4WUt0b2ZyaVRvRnF3?oc=5"" target=""_blank"">Does artificial superintelligence (ASI) pose a threat to humanity?</a>&nbsp;&nbsp;<font color=""#6f6f6f"">Live Science</font>",Science
"How does soap keep you clean? A chemist explains the science of soap - The Conversation <a href=""https://news.google.com/rss/articles/CBMipAFBVV95cUxPbXZQaGdTdXdaZGxjLW8xY3pXUWpjdHo3Q2JpQ3B6UW5ILVhmcUNyOE1YSkVlTHNFajViamRVUm9qd29VcFE4RjNwOEtlaTFabmY1UWs0OTlncGR4b0F3X0NOOHFzUVQwX3piZS12TGdGNGMza0hWY2NkZktSSDRXZEZWOE4ya0VfZUtOejZfRUczb240c3ZjaTRqWlp5MmlHcnNkRQ?oc=5"" target=""_blank"">How does soap keep you clean? A chemist explains the science of soap</a>&nbsp;&nbsp;<font color=""#6f6f6f"">The Conversation</font>",Science
"Kids Science and Engineering Day ignites curiosity - WSU Insider <a href=""https://news.google.com/rss/articles/CBMikgFBVV95cUxOQV8yYW1FVDVJS016UzU4cFdya0cwejBhdGJMWFJ3d1VGTjlqX0Jrdmg3Y2pCaGMyYWRobHRWM193clZ1dWw4bHllVlc0Ri1LLXZfcnltaFFNOWZVRTlIeUdpZTFMNEstRTNtN296QzFTaWxfeHpkN08xZFpfQzY0UnN4MnJCdFVCZVhRTG1TRVdyQQ?oc=5"" target=""_blank"">Kids Science and Engineering Day ignites curiosity</a>&nbsp;&nbsp;<font color=""#6f6f6f"">WSU Insider</font>",Science
"New NCERT Class 7 Social Science textbook rolls three books of History, Geography, Social and Political life into one - The Hindu <a href=""https://news.google.com/rss/articles/CBMi_wFBVV95cUxNV1JzNDNSMHk4YlcwTy1TUDM1N29MVVNRNkduMnNwaTdRa0pMMjdNaW5hT0ZGTnZiTGk1VlYyYmhYZXpTUEx6NXFIa0tsMUtaRExvYk13ZFVDMTFYWlZNaTMtaU9YZmVpY1R5ZlNNS3J6OVdIdHFEdUJNWFFnNDhmU2t1LWpKQnhGN2hyS040M0hReW1qbW9qMjRUNHdybVU1LU9NSktNTmtLWmhISzIyblBYeHU2dTlMWldvRlhzQVZUMlAzWnBtWHA0TnNreTNrMG92MXJsQktMNHIybTZsYlNNaU1ZV1VfZUVPUWNsVjV1OUJNR2hib2M2SlVTcm_SAYYCQVVfeXFMTk9xWlZpYkpZMXhnMVZ0bk16bXJJbGhpV2dVSmcydGo0ekJTOHZnSFRVNGtoYkxaVjVrREQzeTV0U0lldEU4RnVHWUZ2eHJIM2FrN3ltRVFmU3FDekMxNU8wWjBuR3d5S2FGYnJnWEN1Y1RWZ2w4RTM5a1VuWk9UMFludG1KTm4ydUd1SDg0R0k5aWhYMy04Q3VvN0pITk5uNVFrMDB3ZlZBdklxZi1GR3VkMWdBVzkzLWRKbkYyU3hPQU0zR29zYUxaQ1Z2cXZLLWVpR0h0SjVwMEViRFpUaEFscVFtWHBPOU1YVXl3NTFWaXdpYWNaem9LUUJHQkk0VHVHOTZpZw?oc=5"" target=""_blank"">New NCERT Class 7 Social Science textbook rolls three books of History, Geography, Social and Political life into one</a>&nbsp;&nbsp;<font color=""#6f6f6f"">The Hindu</font>",Science
"When AIs do science, it will be strange and incomprehensible - Aeon <a href=""https://news.google.com/rss/articles/CBMiigFBVV95cUxNS2IxWGR1RXlaWTluaFBsNUx3ZWRXd0RJb0pzVngtaVRKX080TXU2T2dTOEZFaTZrR3FycmNfQ0s0aDNEME9FZmhZMUItbWdDbE1aUXA4Q0VXV1RUNTVyR1Jtd0ZVU3pCSFgtaEo1WG9yWEp4RzRXNDhXUndkX1RMTXYwTThRVzE4VVE?oc=5"" target=""_blank"">When AIs do science, it will be strange and incomprehensible</a>&nbsp;&nbsp;<font color=""#6f6f6f"">Aeon</font>",Science
"Emergence and interstate spread of highly pathogenic avian influenza A(H5N1) in dairy cattle in the United States - Science | AAAS <a href=""https://news.google.com/rss/articles/CBMiYEFVX3lxTE1hM0tCY3pjQTVQUmM1ekxkSEw5M2xvd1ZwaHpXXzZSSDhrT1cydlZVMVNLdmlOZVkwN3JTM1V2aWtGV3BHbndPOUp6TlloN3daTTVUUjdUWVhRODRqanVScg?oc=5"" target=""_blank"">Emergence and interstate spread of highly pathogenic avian influenza A(H5N1) in dairy cattle in the United States</a>&nbsp;&nbsp;<font color=""#6f6f6f"">Science | AAAS</font>",Science
"When LSG’s Sanjiv Goenka explained ‘science’ of paying Rishabh Pant record-breaking Rs 27 crore price tag in IPL auction - The Indian Express <a href=""https://news.google.com/rss/articles/CBMitAFBVV95cUxPMUdiNm1ZR2FheWtwbnVTdVZXc2lQeXJpT013YXZ5S2QzVzNFaWk2QWdVeTdYMnM2T28tS3lUcXVRWXJ3UHFhS0FBZnF4TGctQU1DZVAtREIxUDh5LWl6VzlaanltSG55Tl9SdnNZckFNS0d0UHJIX19odENaLUVlYmxRTU9RZloteW11LUt0Ml9jajRJOC10UmtBUGctMm1JWS1uZnNHQlNQM1BxTnpPdG1DOVfSAbsBQVVfeXFMTVYtSlo5TEdaQ0tqLUQtLThkSWlZNDZRSk1GQVl6OTMtSFRWNThGZENPbGhlaVd4YmQzNzZYclpVcnhJeEV6SGtldlMzaEwwMW5wLXZacXM4Q1VrYkhGT2o3X21EWGZseTZJNEI2WVVlenVGem4zZGxIWU01bWw1T2NLWnZaWFFseWpRbm1yS2NWVzZlMGlJVG5LeGJjUU85M0JkZHR0c3ZFQkZ4S1NQQlUxbkRNNFNzZ1c4VQ?oc=5"" target=""_blank"">When LSG’s Sanjiv Goenka explained ‘science’ of paying Rishabh Pant record-breaking Rs 27 crore price tag in IPL auction</a>&nbsp;&nbsp;<font color=""#6f6f6f"">The Indian Express</font>",Science
"NCERT Revamps Class 7 Social Science Books 2025: New Updates & Changes Revealed - Sakshi Education <a href=""https://news.google.com/rss/articles/CBMi3gFBVV95cUxPbzM1TXZGRXduUWliWnNscTBXUi1TQWR1MUg1T2JkX2NKcnBlYld3S2JSZC14NUZTT0dYS3JWYnVUMzZqMVNScUF0OTBnZU8zV1I3WXBQY3J2UEpTTGZWTHdOQjhHMHVBNlRETklrZlNhZVl6U1QwMWR4cHNPUUFjSFdhVm5sMzU4MzlYWTNJQjlmSXRPZThZNFdwbUdYNEQ1QnZTQ0dwRkw5Z0g2M1BCQklMc2FwWXh0WWQxZ09rV2M2YjV1Y2t1T1JHb05XdUxrSHZiQ25aUEF2emRhM1E?oc=5"" target=""_blank"">NCERT Revamps Class 7 Social Science Books 2025: New Updates & Changes Revealed</a>&nbsp;&nbsp;<font color=""#6f6f6f"">Sakshi Education</font>",Science
"France creates platform to attract US and other disaffected researchers - Science|Business <a href=""https://news.google.com/rss/articles/CBMitgFBVV95cUxNNzc5OHc1UDFEbHRIVGpOZkhFQWVBUjRfRG42VHNvaUNkX1ptcVU2YUtqUnNEcWhqQWZQMUdIYlNfalQ3bER4Q2hwWUtmUVhqdUFpcXJ1V2poVjF0d3VNcHRBTUVySFFfejdUS3FoUEtDaEtOVVNaSnlmMUZsbDFfd19FYTRBN1JLOWsyUzZvQUFqaVh5UXNHVXAtQ3EzY3k2Ql82NnpncUpaX0laWHZEdXpxaHRjdw?oc=5"" target=""_blank"">France creates platform to attract US and other disaffected researchers</a>&nbsp;&nbsp;<font color=""#6f6f6f"">Science|Business</font>",Science
"Scientists Have Created a Periodic Table for AI - Popular Mechanics <a href=""https://news.google.com/rss/articles/CBMieEFVX3lxTE9HT3JKVi1mZkF6Y0pUX3RYbVpEdHRmcVJFemFXYkZwNWF5aUhvN2ZqWVlVSkhxU3JENTNISmozNTJJMlNqSUNmVlZUcGNvSGdBNUIxY2VnZUFZQXY4LXd2VUVKa3dlWFEzLXhJbUtXOTFQcUE0M0dwQg?oc=5"" target=""_blank"">Scientists Have Created a Periodic Table for AI</a>&nbsp;&nbsp;<font color=""#6f6f6f"">Popular Mechanics</font>",Science
"No Mughals or Delhi Sultans: NCERT revamps Class 7 Social Science books again - India Today <a href=""https://news.google.com/rss/articles/CBMi4wFBVV95cUxQZWdvSzRNLUxhT1BzWGVmaG5qeXljc3N3RUtfVjRfc2t1MXFBUENhTFZSOW5fNXM4OF95V0xoVlRYdnBKNG1tSGZoUTZQbWpuZHlsWmh2aXVqZzAyX3FlRmM3VG5LSWlST0JWS3hOdmNiQklqZmtIc0tnQm9lc1JjNTBvLU52dHpfTC1OMzF0ckxaZW1ZVW1ELTBuUEJSbTh3aUZCRmJhNk41aHQ1ZTRaTzhYRU1wVWRkUEdnUWZJaXo0cjBwMGwtZ2VhZTczTjlHczFIbGNoeHhOQjJiVUpwQWxyRdIB6AFBVV95cUxPWXltS3FmMDhmdjRhVno3ZHloOGVTNzczeTNxVVIzQ2FZWnFIUkF0SG8xeDJuTG1FMTdmR1lHM2RZQUdLUHI2VW5hd2FaeVFxQWUwWVZNZmhqSE9BOWswM2VtNzI0UTU3VGZBbE11RnpucURFbEdaQW90eFVDX1BRNHdMVDd6SlU0Zi0zMmtqZTFMNjVMb3BzdEZLaHpBekRadHpYVGZLbU9Lb1ZYUmg1NHpucVFxdG5vYTlRdnFleFFMaWRZYnZtNmpQTUluNV9ZcjM3Sk9IVDZOblF5ell5OEJvNGl5RGFy?oc=5"" target=""_blank"">No Mughals or Delhi Sultans: NCERT revamps Class 7 Social Science books again</a>&nbsp;&nbsp;<font color=""#6f6f6f"">India Today</font>",Science
"Scientists discover 2 new species of crocodile hiding in plain sight - Live Science <a href=""https://news.google.com/rss/articles/CBMixAFBVV95cUxOckNFcnFPQWhGamRyVTZlaGxha0R6cDNvelpGZHBMQ1VqZUp2NHZIVjZVcHltaHBRQi1TSG9ZNnRvUUVKRXU3MmVVWTY3b2NndjlsR0lkNDhGTW1DcFdtTGN2ZllKSHF4VFJueWdnbDRmVG5lZWd2V0wzWVJWTmYwb2Y3TV9ENy1GSVRDZE5BZEc2aWhwZV9KUzhDLWVTd01Mc2JaY3hwRmtOclJwaFhOUEl4MlpYWVFCTWx2VEJ2TTh6TTF1?oc=5"" target=""_blank"">Scientists discover 2 new species of crocodile hiding in plain sight</a>&nbsp;&nbsp;<font color=""#6f6f6f"">Live Science</font>",Science
"The Science Quiz: Entities that lie at the edge of physics - The Hindu <a href=""https://news.google.com/rss/articles/CBMiuwFBVV95cUxNalMtb2t5clh2TDZxMm53Y050RzJfeWVCUl9FcnVqOVlhaWJCel9Ra2IzdmE2NmdiSG13OEl3MG1hWVFoU1NCVlRROVZCUURIRlc4RHd4TlhiWE5OYnN5a25hLVlDYWN6TTZIclhjT1hjVHB3V29fcUhXVkN2Ti1JaTJTcklkTU5Gb05fZ2J1eTVuYnZkSDdNTjhsWDQxYk5ER3Riay1sek1HMGlyMXJrSDNXTlBHYk1UV0xZ?oc=5"" target=""_blank"">The Science Quiz: Entities that lie at the edge of physics</a>&nbsp;&nbsp;<font color=""#6f6f6f"">The Hindu</font>",Science
"Tumor-derived erythropoietin acts as an immunosuppressive switch in cancer immunity - Science | AAAS <a href=""https://news.google.com/rss/articles/CBMiYEFVX3lxTFB4NG1kdTFVY2tLekwtYUNkZVBuamJMazBxTzFKNXBrSUxYR3Bpc2FsLUIwelNzc0ZsVldrTjlucVB2VDRmaVdZLUsyVVh3bTF2ei1yUkFPVF9CYk8xTl94Uw?oc=5"" target=""_blank"">Tumor-derived erythropoietin acts as an immunosuppressive switch in cancer immunity</a>&nbsp;&nbsp;<font color=""#6f6f6f"">Science | AAAS</font>",Science
"Scientists Found Fingerprints in Hailstones That May Overturn the Simple Truths of Weather - Popular Mechanics <a href=""https://news.google.com/rss/articles/CBMiiwFBVV95cUxNdVcxODVUNS1kazFNbXpsdWh1bHlXOWQ5dEpFVlZ2T0tTdEp5VHpUYXRhdFYzc1FGTHB6RHhOM2ZZUjMwTjFpNDJKeEVsVUg2YjZBUTgtblY3Z1RjMEgtaTh0TlFzSVBMNjZXazFscjd5a1lybG9XdXRleVhwM0J0VW1BQTEyT0o1RDZR?oc=5"" target=""_blank"">Scientists Found Fingerprints in Hailstones That May Overturn the Simple Truths of Weather</a>&nbsp;&nbsp;<font color=""#6f6f6f"">Popular Mechanics</font>",Science
"Has the James Webb Space Telescope discovered a 'missing' supermassive black hole? (video) - Live Science <a href=""https://news.google.com/rss/articles/CBMiywFBVV95cUxQaHRORWJLMzVtTF9NT3JKTVZ4b1dZckFHWTYyOXRPYjEyZF9rbjNSVlBTNXpLeF9vWDMxSmIydlM0N2ZmX0xtQUl1cUl1Q3NwbThkOW03cG10MzVSZXAzVTVLUVdYbm5fcklUNXFDRjdrN2VycmVjWDliYXFzVWZxM1dmZ1lFV25Ia0t6ZFlwVG5fcTNHd29VeDgwVUtkRTBFZFJpX1I1bFZnOWtzSjdUODlnNGdsYzZGdmJ6QmJSWXhpeWVISEVXX3hDcw?oc=5"" target=""_blank"">Has the James Webb Space Telescope discovered a 'missing' supermassive black hole? (video)</a>&nbsp;&nbsp;<font color=""#6f6f6f"">Live Science</font>",Science
"Integrating exposomics into biomedicine - Science | AAAS <a href=""https://news.google.com/rss/articles/CBMiYEFVX3lxTE9vSF85d0pEZnJLVWUwdU1hZ1cxMlJxZkZZWnVNRDVYdXJnbm9ZbW5xTjJ2OGhEeTcwU1lTSkxPMS12RjJxOWt3LXA4dHlGQWVZeERnR3BNLUlrQ3FrWnVWMA?oc=5"" target=""_blank"">Integrating exposomics into biomedicine</a>&nbsp;&nbsp;<font color=""#6f6f6f"">Science | AAAS</font>",Science
"Distinct adipose progenitor cells emerging with age drive active adipogenesis - Science | AAAS <a href=""https://news.google.com/rss/articles/CBMiYEFVX3lxTE1zMFR1REgzbURvOE95eWUyYWNZWXlFUktxQW1NZjczT0RnYjQ3UnUta2RUTEliYmpheVJfUDBpNDVtaGZMeTNUMVYzejlHeG5xcm94X1ZQMGFseWRqM2Zzaw?oc=5"" target=""_blank"">Distinct adipose progenitor cells emerging with age drive active adipogenesis</a>&nbsp;&nbsp;<font color=""#6f6f6f"">Science | AAAS</font>",Science
"34 Supercomputers With 35 Petaflops Capacity Deployed Across India: IT Ministry - Ommcom News <a href=""https://news.google.com/rss/articles/CBMitgFBVV95cUxNc2Q3QWJDV0h5NjU3b0Rjb3N0UW9RajA3NHBFZ1JDbWc2LTVOdTNRSGpDQWxqQjFaQzR6LVFaZ2hXLXY2RElXak9OWURoSDRZUEF4TWNvUmE4NWpWb2dJaW16MjhoQ1VtMGxTQVhyNDlKWW1wcEhMbThlTmNDOVp6LVltcWVoZkhOenV3ZnBHdlJNRUlqbWJ4b0ExWjJQWXNFX0lzVTRjU2o3U1E5ZjEtMmxVVUNHdw?oc=5"" target=""_blank"">34 Supercomputers With 35 Petaflops Capacity Deployed Across India: IT Ministry</a>&nbsp;&nbsp;<font color=""#6f6f6f"">Ommcom News</font>",Science
"AST SpaceMobile and U.S. National Science Foundation Establish Coordination Agreement Between Satellite and Ground-Based Astronomy Operations - Business Wire <a href=""https://news.google.com/rss/articles/CBMipAJBVV95cUxObWlhNlYzYzE1UDRMb04tM2hGNHlkcElvQ2E4MHlraC1jYkZ4NE9yYnBKd0dkbmYtdHJIMVczelYwOXgzSkVYLWVmLTZEdlE5VFNPOXM0Y1lzQjF5aTc0b0g4WTU0MWJ0emZZTF9kYk5LVHNLV0ZBbEpwRVF0eXI4MWY0UC1sYndWQzhqSzVZelFKYnFFU1lVYXlNMmxob2t3R01DU1JaaEViakhzVlRwTWV2eWU2elgyVk5LYUlhUUtNVEczaHlhTmdNLVVOa3BNTkN2YU1GNXBzcUxsUmVhbmFSbTlSN3RPQUh3Y3ZDdURnVVQ0eTRLZUZSMUNYSmJDRndkYldEN1VseWxuXzNwQ2IwRmxHajV3UXFCSDZjRmhSUWFD?oc=5"" target=""_blank"">AST SpaceMobile and U.S. National Science Foundation Establish Coordination Agreement Between Satellite and Ground-Based Astronomy Operations</a>&nbsp;&nbsp;<font color=""#6f6f6f"">Business Wire</font>",Science
"How the dinosaur fossil trade is hurting science - Finshots <a href=""https://news.google.com/rss/articles/CBMingFBVV95cUxOR2Zkc3AwRk5oMl83NE15b0tTWlhxTGdpMThkTjhBY00xcGVlVGhaZmRycndxUXhhdWF3cjNOdE9rbkxlZUZONXotWU1pckRkQnhkZzhkMDBuVDRUU1RNWGlYcnZkN3U1azV4a1FVUUV2dVVJNFp2RE9KY20zMk1ldk1ELVhGbkw2alpsLTN3NWV0UnhJU1dFVTlkZVRjQQ?oc=5"" target=""_blank"">How the dinosaur fossil trade is hurting science</a>&nbsp;&nbsp;<font color=""#6f6f6f"">Finshots</font>",Science
"Computer science | Definition, Types, & Facts - Britannica <a href=""https://news.google.com/rss/articles/CBMiYEFVX3lxTE5SVV9jM0VXa2dQcTU3Zjdmdm1sRVFfRzk1a0stbXM4SFdWYkh4R3cyR3lhYzM1RkhvTG9aUUN4VzJob0tQX1pWbnk1Mk14d25fTDlKMHE2S1JhdnFabkZDaw?oc=5"" target=""_blank"">Computer science | Definition, Types, & Facts</a>&nbsp;&nbsp;<font color=""#6f6f6f"">Britannica</font>",Science
"Citizen science is ecologically accurate - The Wildlife Society <a href=""https://news.google.com/rss/articles/CBMib0FVX3lxTFBNTVpRaTNPeklXS2JOUThMR2Nuczhud0h4Y3Nray1HUHJUTWNiRWRfWHZlejFpOEFqbTdCSE13OVJUNHQtRzVyTk43VjFqTGsyNGZ6c1g0NXI2aHdjdEo0ZzktblB4alc3a3VSMEhiSQ?oc=5"" target=""_blank"">Citizen science is ecologically accurate</a>&nbsp;&nbsp;<font color=""#6f6f6f"">The Wildlife Society</font>",Science
"Trump-appointed US science agency director resigns - Chemistry World <a href=""https://news.google.com/rss/articles/CBMipAFBVV95cUxQcUdLYjZGY1hiNU5fdmxMeG5xUXJkbDhiZU45RzVoU1I0Q0ZNOEY4TEhLYzVMWUJOY0Rlb0FaVkE2RGswUG1hUGZQQ2pQZFk4bF9xcUxRYU1CaV9ESHVKUTFGbmRCZFVYVEJLNmliVGplc3NVTUFPZjhjLV9Rd3duR202WEpaQThpdVVIdk1tMjdUdl9fZkdSVXlHeWdkZWVmZlRLUw?oc=5"" target=""_blank"">Trump-appointed US science agency director resigns</a>&nbsp;&nbsp;<font color=""#6f6f6f"">Chemistry World</font>",Science
"Sofia Science Festival 2025: Events in English - The Sofia Globe <a href=""https://news.google.com/rss/articles/CBMihwFBVV95cUxNUkhpSXJmc1A3bnFnRkhBenMwa3loUHctU0JsNjQ3UHdPcW9LNVhkdFBwd3JQVXJMU0pLZmVWeUdVNXU4TkpHdVVKdkNNRjVaUmRfcHBva0JCMERTSjVpNmhVV1VfazBtUXBVcEF0OFBsTFRsTXJtYUE4bTB6eU1IU1hITWdONFk?oc=5"" target=""_blank"">Sofia Science Festival 2025: Events in English</a>&nbsp;&nbsp;<font color=""#6f6f6f"">The Sofia Globe</font>",Science
"Two cities stopped adding fluoride to water. Science reveals what happened - Science News <a href=""https://news.google.com/rss/articles/CBMifkFVX3lxTFB4RVpONG0temhRclBEY1hFbm1naF9vWjdFZlJXMjJiZmNuZVBtRmk1ZVdIbXhYNW9mZnVxZmZUY2lrVWJ5NHNneUFXSzhicXpLR0hnbGR5R2tzc3Q0Tk80YzFtakQzelpER1ktcnNLZnlGN3lQMDVlQi1LQTVLdw?oc=5"" target=""_blank"">Two cities stopped adding fluoride to water. Science reveals what happened</a>&nbsp;&nbsp;<font color=""#6f6f6f"">Science News</font>",Science
"NASA Orbiter Spots Curiosity Rover Making Tracks to Next Science Stop - NASA (.gov) <a href=""https://news.google.com/rss/articles/CBMiwgFBVV95cUxQVlEwV3k2U0J6R1AyRXYzbGlRV0JKdUxDM0lUdjBSeW9pQlY2bXJncWZSWmlvcjdQNU5QOW95eEVMeTkxNE0xMTJlLVhUcktYM2tXWmxjZkp5dkFEN0JnakdpbkRzVmpBdGlXRWVYM3VLc3ZWTDlzSXUtUS1tUklVTXQxUlF6anozeW5fSk01VXB5UUFGMzJjYldNME9SbTcyTHVxMlNmS1Ntcm5CN1NpZFJiM04wSmN1cHo3ekE5R2NZUQ?oc=5"" target=""_blank"">NASA Orbiter Spots Curiosity Rover Making Tracks to Next Science Stop</a>&nbsp;&nbsp;<font color=""#6f6f6f"">NASA (.gov)</font>",Science
"In Science Journals - Science | AAAS <a href=""https://news.google.com/rss/articles/CBMiYEFVX3lxTFBXT3pPS05LYmUwV2p1cjNGUGhyRDY1OEJocHVlQkdrNS1zUUw2bFJuOTZSU0pVdEd2b0Z4NElGMGpwQV9FRmx5SEFYNW9nWFRIaGJQQWtkUTFrT2VzZE05NA?oc=5"" target=""_blank"">In Science Journals</a>&nbsp;&nbsp;<font color=""#6f6f6f"">Science | AAAS</font>",Science
"Something in The Back of Your Eye Could Reveal Whether You Have ADHD - ScienceAlert <a href=""https://news.google.com/rss/articles/CBMingFBVV95cUxOODJ2ekd3RVpPWHJpczRhTHZ0UmVWZnlOaVZsT18yRHczdC1OUWlPRmZfamdOcXJ1cFZldXR3UjV4Q1BqdnBoellORlpzT1d6RlpzNC11cnBfSnEtYnc4TlA3YkduTXdKNDRNNkQ0WUpObHlCX3FCMm9qRk5sUVdLdkVzYXBfRGZCRERHRm5uNTVQb29FSmloRndnN3pMUQ?oc=5"" target=""_blank"">Something in The Back of Your Eye Could Reveal Whether You Have ADHD</a>&nbsp;&nbsp;<font color=""#6f6f6f"">ScienceAlert</font>",Science
"Scientists Rediscover a Lost Piece of Female Anatomy That May Play a Crucial Role in Fertility - ZME Science <a href=""https://news.google.com/rss/articles/CBMi2wFBVV95cUxNQ3VRTnZZVFhhRXRIdFBkMlUxM0hlNlh5MXVhVjNvbmQ3cVlLb0o1WF9IRDNtNlBya3NnVTdKNlpEODVXcHRfb1pZNVhDV3AwN0JVaHl4OUVzeVNpT0ZWbVBuY054LTM5MWJUX3Bkd051RTBkVGRhOUdvOXNjbnZFS2RLTEJZVmRGd2FxVzJsY0VOdU90QkRSVXJxVURUSmtSMXVmSUw2YzFaWHNjS3VNWGZ3QmZjRVkwM1RwMXN5MVRVWXdXc01rMWEwekJBYzZHc0o4OWpTaUkzLU0?oc=5"" target=""_blank"">Scientists Rediscover a Lost Piece of Female Anatomy That May Play a Crucial Role in Fertility</a>&nbsp;&nbsp;<font color=""#6f6f6f"">ZME Science</font>",Science
"Horrible Science coming to BBC - Advanced Television <a href=""https://news.google.com/rss/articles/CBMihAFBVV95cUxPa1M2VVluS2hlUXYzTU9yREYtUi15Um13LXFmVFBQV2N3MDRfLW1TdDk3c2Nxa0poVWsya0M1QTNJV3ZHbkNqNlhWdjMwYmxwMGdVZU1ieDgtcHRYUDhfTmozcnh2YklneG12dXU4YnNxTFZkZlR0V2NubjhtNWhoU09UTUY?oc=5"" target=""_blank"">Horrible Science coming to BBC</a>&nbsp;&nbsp;<font color=""#6f6f6f"">Advanced Television</font>",Science
"Sustainability Takes Flight in UConn’s Poultry Science Courses - UConn Today <a href=""https://news.google.com/rss/articles/CBMimgFBVV95cUxQVlR3ZHZxWGNmM19FaW51c2xpVmQwSGtzZEVFRHFfOEoxN21QdnpkY2NDZjFRUzM2MUVaczNfOXQwZE4zSnpVbWp4aHN1R1d4VmZnejJfNjNUV0NyaVV5MjlOVXhkLTE1WXdOS3hjc0NZT3ZiSXdSaUhhTThFNFhhbmdrWWtOQXpWRXF2QllMZkNIdE5HOVduZzJn?oc=5"" target=""_blank"">Sustainability Takes Flight in UConn’s Poultry Science Courses</a>&nbsp;&nbsp;<font color=""#6f6f6f"">UConn Today</font>",Science
"Scientists 'Tattoo' Tardigrades in Nanotechnology Breakthrough - ScienceAlert <a href=""https://news.google.com/rss/articles/CBMikwFBVV95cUxOalNvdUZaSzNpeV9jczV3MjQ4VWp6dUdrbEhJMGN6Q2hWZWVoQXhWdnlHRTNES0dHV2dlc0I5aUJXMU54QkNRQlo4RzZmSVVibVZXNW5SSVhiMlJJR0dwRTN3Zm5RbkptQTRUblJwWDVXUFp6aDN1aDJIRWdPS2F1bS1FNjZEbEZPRW1JQkQ0UUpIS0U?oc=5"" target=""_blank"">Scientists 'Tattoo' Tardigrades in Nanotechnology Breakthrough</a>&nbsp;&nbsp;<font color=""#6f6f6f"">ScienceAlert</font>",Science
"Ultracool microscopy yields a sharper look at proteins - Science | AAAS <a href=""https://news.google.com/rss/articles/CBMikwFBVV95cUxQRmN0WEVHWXBLTnA2SlNESWRUOUtmQjByQXJJWEdiZENpb2JEcV80Nmh5MXVKNDhNZ2dmN0w3MFNfZFp6QkozdC1aYW9zUlkzQklRbTNJdTVYTWZINDMyTVluVGNyR3dMWDFySFZ4TTdEbGJKSjdvSUZUTTcxNWptQkhwU1NfZzFaV0hYT0dtMWJXLU0?oc=5"" target=""_blank"">Ultracool microscopy yields a sharper look at proteins</a>&nbsp;&nbsp;<font color=""#6f6f6f"">Science | AAAS</font>",Science
"India is a global warming ‘hole,’ and scientists aren’t sure why - Science | AAAS <a href=""https://news.google.com/rss/articles/CBMikAFBVV95cUxQaTBPSmlTbHRxdXlEX3JSZktMS0xUZXl0VWt3VFpiV2sxXy1UU2NYWG9OaDFNa0J0MDNUQUtXeGtKREMwb205VUdERU5UY1dHN2Yzd0JPRUZHaXl4SzEzYWNLbWxLV0N3ZkVjNlZWdEpCVHkzWjQ2amRjYXZzNnZGU3JscndRZllOVDlKM2kzRUE?oc=5"" target=""_blank"">India is a global warming ‘hole,’ and scientists aren’t sure why</a>&nbsp;&nbsp;<font color=""#6f6f6f"">Science | AAAS</font>",Science
"Silenced Science Stories - Kottke.org <a href=""https://news.google.com/rss/articles/CBMiXkFVX3lxTE53aGV1N1AxdmZEQ0JHdkUxMUhyQW9vakZPcXgxWmhBQWpPRlAwdzZVZm43VXFVNDlyVGNxNUEteWtLX29yX19PaUEzUF9UcmQ1V2ZEQ2QzNEtfdlI2dkE?oc=5"" target=""_blank"">Silenced Science Stories</a>&nbsp;&nbsp;<font color=""#6f6f6f"">Kottke.org</font>",Science
"Can you burp in space? - Live Science <a href=""https://news.google.com/rss/articles/CBMifkFVX3lxTE9zUzNUZzBJbE9qR3ZZUGxYWThDODFWTDZNZXNrTEdNMGFoeUg3ZnRSeU9neWstTnA3LU0yQzZhM0o5SnQ2TU1fNUp1UDVuQ2xyN21GSVh1eTN1a1VHcHB4QTFIWl9IMHJkTWZEcDZRVDhhMHhOWnpiSHEtUmRvdw?oc=5"" target=""_blank"">Can you burp in space?</a>&nbsp;&nbsp;<font color=""#6f6f6f"">Live Science</font>",Science
"International Day of Women and Girls in Science, 11 February - Welcome to the United Nations <a href=""https://news.google.com/rss/articles/CBMickFVX3lxTE9nTEUzcTNIbW03UDBXNENQS0JSQXdIenVEVFRHSXlteUtYWFJsMWtOU1NUZ1hSal9OOVlTZDlhcjJNbkZyaXJERnRlbVVBN1A3bm9hQ010R1dUTEwySGgtUkphZlpiajJBcXpveFZjVmtHUQ?oc=5"" target=""_blank"">International Day of Women and Girls in Science, 11 February</a>&nbsp;&nbsp;<font color=""#6f6f6f"">Welcome to the United Nations</font>",Science
"AI can handle tasks twice as complex every few months. What does this exponential growth mean for how we use it? - Live Science <a href=""https://news.google.com/rss/articles/CBMigwJBVV95cUxPMlY5WlpIMmJBZGI4dzRiNHgtbS1RTXhjY2xXbjFvSkdTVDRWUjhkRWFHU3EzMnVuYjhlZEQ3ZVFxQXVJSHhRMHVqdmk5aURzS0dqaDRocjQ5d3BKUnZ0N09KNnJFSFgzdVM1UE56STZxcTd4SHdocHl0OEluUWdKYlVRSW40UHdJRDNNeFp0UnpmSkVIdGRpd2xWeF9nLW9zVXZkbHRCcmp0Rk9XN0NQb1gybFhXYUdrOUtBRHdGMWhUb0pvd2pNX3V3WHpfdU55dFJvcWNTWDR4dGMxVVVLeXFfMXBSNDVUdjN5dkQyVHJWZmU0SUlCSG8yX0dTQTJzcFNF?oc=5"" target=""_blank"">AI can handle tasks twice as complex every few months. What does this exponential growth mean for how we use it?</a>&nbsp;&nbsp;<font color=""#6f6f6f"">Live Science</font>",Science
"Science Meets Art: NASA Astronaut Don Pettit Turns the Camera on Science - NASA (.gov) <a href=""https://news.google.com/rss/articles/CBMiwAFBVV95cUxPYWRVaEphTVhYSk5xNjFQLUNXRkR5SHNQTzNmMGZKWk1DVEI2NDI1MWNsSGlrQjM3Yng0V2dTeXl2RDFib1hUR2tOZzFraWRLd19OS0NfT3dYTWFuODlJQll5M0RCMVFvM0lMdXNTb01sYy1oM0F0SS16ZWRpWG9ZaEh5eklVTXlVczB0dXozR01pNV9KNGVnOTBxa2pqVHg5QjJxYURhTVkwa05lMG1UYm5IbkZ1ZVlFNXB3RnFtazM?oc=5"" target=""_blank"">Science Meets Art: NASA Astronaut Don Pettit Turns the Camera on Science</a>&nbsp;&nbsp;<font color=""#6f6f6f"">NASA (.gov)</font>",Science
"Takeover target Science in Sport’s revenue slides but net loss narrows - Yahoo <a href=""https://news.google.com/rss/articles/CBMikAFBVV95cUxPQXR6bmFFaDNaM21seURyTnhBbVRFZkFtbUNnMFYyTUl5T3RCeTFzcVVFYTZxZF9KWnBDcjdDdDlvMy1jeXlWZ2dIalVCZ0JzS2VIbkVXSHhWMExEUVV5M29nV2hqTlZpVWhtTzlkaDJaVlVTWTJRRXlVaFdlNWswU1VsMjlfYzBIMGJOMUdTUGs?oc=5"" target=""_blank"">Takeover target Science in Sport’s revenue slides but net loss narrows</a>&nbsp;&nbsp;<font color=""#6f6f6f"">Yahoo</font>",Science
"Coimbatore gets four-storey science and tech museum - Times of India <a href=""https://news.google.com/rss/articles/CBMiyAFBVV95cUxQY2RCcWcwak9OUzhmRmtUMUUtdEt3SkpvTVlhZkN5and2elYwTVptRmdRZy1lUXNoZW5oWkZxaEs1aVgtdE8tU0duSlJTNTJMY3RTMkYwNjFDNTR5ckROVGxNSW0tQnlFYjJkYk1YNDMybktYZjVSZnIwSW9pYjFDbUZ1VDhKOWlwVkZVU3UyZEI4a1o4RUwxYXhaTGxCNlE3YlU1YmwwT0ZFbTVVYWgyNER1UkV0LV9yMnJBdjZWRHI5dV9KenFuWNIBzgFBVV95cUxOblZGYlRTVkJnUVU5NEFQSDdtZndXU090LWxFMGRKdkhXMUxlVDd6S2VtV3d3WTJVZ2dtc3dEMDZfNUZ1d3owNEpvNkhBMzhDQ3U1WTVfTUhhOFF2SWRtb29iWWhFZkhmSUU1MlotLTBzQUF2c1M4WlBOTzFDX09TZzdYZ2prVEdnTUh0SGNIcFJtR3FBNjRnTFYxaThielQyTVZsZ3E4aDJ0MWVkdFlveTM4TWZfMmFzRC1weF93WV9STFpmbjhVQ2tMUFZHZw?oc=5"" target=""_blank"">Coimbatore gets four-storey science and tech museum</a>&nbsp;&nbsp;<font color=""#6f6f6f"">Times of India</font>",Science
"Editorial: How to read science news - C&EN <a href=""https://news.google.com/rss/articles/CBMilwFBVV95cUxORFE0QXhkZVo3NW5zU2p1ZXJfZkFmc1JOb3ZDcWg2YlFHaXNhUDd4MV84dTNaX1ZHUDA4cVFQMDhTcWUweXVvWDdfMHBCNldJZlFNWG84TWpTT25EcTZlSEJsWWxQUEhjTWhROUxmS3pnbEl6dHhnaExhbDZLN3NoOUZoX19xQkZwbFRnMThqWXd3VTZSZC1v?oc=5"" target=""_blank"">Editorial: How to read science news</a>&nbsp;&nbsp;<font color=""#6f6f6f"">C&EN</font>",Science
"How are scientists making running shoes more sustainable, while still maintaining performance? We asked the experts. - Live Science <a href=""https://news.google.com/rss/articles/CBMi0gFBVV95cUxQdmFWQkxTRkNROEFWMzcyWFNidFNCZTQ3My1FekxjMlZzX3lqZUpfbmRpQXhqNFVmZHY5bWNMY19IVVp5X09pMkpGVmkzc2dqYjI2eEd2bkt6SzNyQXItOEZPdGRnLVdsR3ZkQzNWbWNiaVlxajlXRHZEbXZfaVhQaXRWTnJPb1gxOGxINktrNHNyU0V6VHVRVjlzQ1I4aTZfNmtlN3VCdXcxUVVqcGE1bjF1Z2F6M0JZcllFS3lTTy1HZWxKWjRjSlVlNDVzTXc1eWc?oc=5"" target=""_blank"">How are scientists making running shoes more sustainable, while still maintaining performance? We asked the experts.</a>&nbsp;&nbsp;<font color=""#6f6f6f"">Live Science</font>",Science
"How the United States became a science superpower — and how quickly it could crumble - Nature <a href=""https://news.google.com/rss/articles/CBMiX0FVX3lxTE9LVVNtbm00RWUzeUlwTGRiMkRJYXBBVnNHVVVhbm41Uklud3JDNFdEcUkwZ010eC1DcEtaMlNxek5pNnl5TXBYS0xIaVF1X1owTWkybjRUemU3bWJhS0Jj?oc=5"" target=""_blank"">How the United States became a science superpower — and how quickly it could crumble</a>&nbsp;&nbsp;<font color=""#6f6f6f"">Nature</font>",Science
"Tiger recovery amid people and poverty - Science | AAAS <a href=""https://news.google.com/rss/articles/CBMiYEFVX3lxTE5jaE95NHpjX2V5ekVZZzlrVWlTWlhfWV9seERLcEZFZTJKYV8taTJpWllFa2tSOHlXSWtTRmdfaXJTc3czd3RhNVNlV2lvTGtzcERpRWlOMFEyczNqNURCVg?oc=5"" target=""_blank"">Tiger recovery amid people and poverty</a>&nbsp;&nbsp;<font color=""#6f6f6f"">Science | AAAS</font>",Science
"Scientists Believe They’ve Witnessed ‘Planetary Suicide’ for the First Time - WIRED <a href=""https://news.google.com/rss/articles/CBMixAFBVV95cUxPaXRFQWZRX0ppeUVMSHNmdHprWnVSbmRONGVqWVdLcUlhaFJoVnlwUjJqV2JXMXE5X2UyTGdnZHNjREpWQWY3VzlqVm9taGtFOHNnd29mWUt6R2JJOTUtNkRDZTY0UEw0QkZzQVY2dEJOTF9ndE95VDdrNDVEbWtQZWZJdWNFOUlYLVVrZ0lXNUw5dDU1OHV0bXM0QVBVbEtTN3FMUk8wRVg0bmwzOGo5TXNVNUdDeFFHQWVFNnBISFk0bHVT?oc=5"" target=""_blank"">Scientists Believe They’ve Witnessed ‘Planetary Suicide’ for the First Time</a>&nbsp;&nbsp;<font color=""#6f6f6f"">WIRED</font>",Science
"What was the fastest dinosaur? - Live Science <a href=""https://news.google.com/rss/articles/CBMigAFBVV95cUxNN2hVZUI0ZE9kVnZmWENOQkhGSk9mNzVVaVJoT3NWbGc1X0hXdTB5R2dDVnh6NEJ4QmZWMzIzaWxQTEtfTUU4R1VkcVZ4WHZEc3VteTAyMG9VbkFFOGk5Z2JGRjJsaHZLcEtuTEZjY0xPUUpjeWs4YWF2SHUtVkswZw?oc=5"" target=""_blank"">What was the fastest dinosaur?</a>&nbsp;&nbsp;<font color=""#6f6f6f"">Live Science</font>",Science
"Global Race to Lure US Researchers Intensifies as Trump Slashes Science Funding - Bloomberg.com <a href=""https://news.google.com/rss/articles/CBMitAFBVV95cUxONG9GYUpuS2swUEFDNUVPOXd6QnA3MTJkQkQxN2ZxSnNBelYwWllNR3hvQmpRS20xVnRQSVlDX05ZVWVpRVJrNVlQYUxxNjVWN0pzTjRyVGJpbWJBajlUZ25rcDFYck1mZFZQdUVVMGxYcWR4VUx1VnhQUW1sUjZ1TThuTEo3SWxuZW1GWVREbk9aNGVSQVVrOTRZVWtGYzlhcy0ydzJuZjFYLW9lczJkZDNDZU4?oc=5"" target=""_blank"">Global Race to Lure US Researchers Intensifies as Trump Slashes Science Funding</a>&nbsp;&nbsp;<font color=""#6f6f6f"">Bloomberg.com</font>",Science
"Ghost forests are growing as sea levels rise - Live Science <a href=""https://news.google.com/rss/articles/CBMiogFBVV95cUxNVVMtNS0wSDc5ekZRYmF0bEJzWFVQZUpoT21RTHh1bW00QjJZdm5FdW4xS2hkZjcyWm1JZG9lSmZ6ZEh5UG5YWjdoS2xUSkFDd1FWdEpoZWdKVUJDNm1RU3JMZEo5TFlNc0lPOVFlZVVsbHVSWVdjZ1QtaVFkR3RXd1kzWloxRVNRaEtCVVEyekU0SXlvSHY3dHpSekxhaktMU0E?oc=5"" target=""_blank"">Ghost forests are growing as sea levels rise</a>&nbsp;&nbsp;<font color=""#6f6f6f"">Live Science</font>",Science
"Lab-grown teeth could offer alternative to fillings and implants, scientists say - Live Science <a href=""https://news.google.com/rss/articles/CBMitAFBVV95cUxNYzUyX3ZmRVBoS0VWNlNrdUxRanR1akhfaW1URjNMcjc5RGJrRThiUE1TNjZGbUNzV0xwN0ZCX0lBWXF3N2N0TFVSWERJby1ES1RPN2Nzdk10MzlXdlhLVFczdHd6dG5sWEU1RmZKT2tMaFFZbjU1eXEtdE42T21aYzFHTXJMS2R1Z1BaLTBtd0prbmxYQnFfS2plT1lVYldLdUNicXBuYUJzOWlHck5nTDlCWkw?oc=5"" target=""_blank"">Lab-grown teeth could offer alternative to fillings and implants, scientists say</a>&nbsp;&nbsp;<font color=""#6f6f6f"">Live Science</font>",Science
"IFPA urges science-based standards for organics - Fruitnet <a href=""https://news.google.com/rss/articles/CBMingFBVV95cUxPRTdEYzVReDJZZFM0bVlMYmNKVkVJWVV0UFk2M1B6YnQ2bGFlaWY5WlpHbDNNQzhPcUhoQjlrYzNDYjU5M3o2LVBCSXVVdjJYRDUxemZhZU1aU3BrOWV6WG55dmItU1gxZEQ4TG8tOHpIUnJOVEg0NTFmdWkydnEybVVSWF9PMy11cndMR1NtRkV2S2pRdnU0eEI5alAwUQ?oc=5"" target=""_blank"">IFPA urges science-based standards for organics</a>&nbsp;&nbsp;<font color=""#6f6f6f"">Fruitnet</font>",Science
"Scientists Engineer Bacteria to Make Soil And Crops 'Glow' Different Colors - ScienceAlert <a href=""https://news.google.com/rss/articles/CBMipAFBVV95cUxQUmRGUWk5SG14OElha2N5eDVRNXlMd3dmTzFsS2hOSUEwZThRbVN6WE5CRGpKVGlIWk5pYXdjdkdTUVRiMDl5T1h6TGZMSEc4WkNMV2xHVjlaaldSTUd4ZTdKUll6NHltSmNvWnhuSmF4RnBqS1puMmY4ajRGX2VTd3dRX3I5dTBmYzVkbkNLcU9jeDNibGc5R0FfcEhtZk9JTDc5dA?oc=5"" target=""_blank"">Scientists Engineer Bacteria to Make Soil And Crops 'Glow' Different Colors</a>&nbsp;&nbsp;<font color=""#6f6f6f"">ScienceAlert</font>",Science
"IIMK’s Professional Certificate Programme in Data Science and AI for Managers: Get skills to unlock leadership potential - Hindustan Times <a href=""https://news.google.com/rss/articles/CBMinAJBVV95cUxQcXptaU96aldNTVd4UVgxOVMyd0ZFNE9SUmZZQnR3ZlZnbTJveF9wRTA1VHJqRm5hdmVMMVNFejIxcTFLa0MxRGF5eHRzU2pENDV4U0VMRHZ6dVI3a1pxNzJrUFl3ZXhGbE1PX2N0NmlBdEJBdWNlRUJlNHJaN193ckFNMjg0b0N5WmJlc0JITHc5V2QtbjdWcWRpRjU1ZElXSk9mUWsyWklTblBXcThRd0lRU1BBVXdOWjRDRlp5Tm1uNGJsdnpaWDhaSnN6QU5FWFdyLV9OM1RETTJld2phSFJ3ZXpqNmZib1dMbEp6dlVSSjlUVlFyaDNXTDBxMTIzS0REcWdEU1ZneHItaGNLT1J1QmUyN3hRYnQ2Vg?oc=5"" target=""_blank"">IIMK’s Professional Certificate Programme in Data Science and AI for Managers: Get skills to unlock leadership potential</a>&nbsp;&nbsp;<font color=""#6f6f6f"">Hindustan Times</font>",Science
"Crows recognize geometric regularity - Science | AAAS <a href=""https://news.google.com/rss/articles/CBMiX0FVX3lxTE9aUVltUWVJYmxmTHEyN2VLdEFscWluMTVDSnBBczVlYjVydzhLMlBBTVJoc0NBNTBlMTlnaVRkTE1KUmhEX2JGRWpLSm5RS3JEUUxVY1hodGIzY2g0dWRB?oc=5"" target=""_blank"">Crows recognize geometric regularity</a>&nbsp;&nbsp;<font color=""#6f6f6f"">Science | AAAS</font>",Science
"Astronomers spot a planetary ‘suicide’ - Science | AAAS <a href=""https://news.google.com/rss/articles/CBMif0FVX3lxTFBsb1d5VTl2QVkzOE5uRWNhSWRyVy1Tc25FYVFMMGFvU0NKQndUOS1aQmNGYXZNZWpFWTIycC1vWUI4YVRSanB0al85ZEFZZFFIcUFpYmdON2pfekpuT2pYQXpnNFlkSlJKdWI4R0FHeldUaDNxTkthNjJQeXpWWjQ?oc=5"" target=""_blank"">Astronomers spot a planetary ‘suicide’</a>&nbsp;&nbsp;<font color=""#6f6f6f"">Science | AAAS</font>",Science
"Computer science teachers may be better qualified than their peers - Illinois News Bureau <a href=""https://news.google.com/rss/articles/CBMimAFBVV95cUxNanZjcXg5dDN2d2FxNWpxZlNqVXlkQXNUSVN4Q2Fjby1kaFdBdDF1SWRsZkFkZGRCQjNkX2g2VWtsWTNpUnZIMlh1ZXZYQnNUWjRIdTVHVU5YWGU0aGRDX3liQWs4Wm13VHFrbVBYZThqUmNxOGdkTEFsNHB1RVFnZXFaaEh1TTBqczJsSklTTk1iY2h0QlNjYQ?oc=5"" target=""_blank"">Computer science teachers may be better qualified than their peers</a>&nbsp;&nbsp;<font color=""#6f6f6f"">Illinois News Bureau</font>",Science
"India takes out giant nationwide subscription to 13,000 journals - Science | AAAS <a href=""https://news.google.com/rss/articles/CBMiowFBVV95cUxNaXpYZ0F4eUhocjBxNVFpcHc3TnNtcllLWUNfN0ItY01qemZkSkM2enNxQ2tiS0dFWlQ2ZE9aMjZhdVFUMDdaTFlFMnh0WDJtTl8zVkNSYTI0M283REJnWWZTVDZWVlI0XzZncnpCcXgyLXZJWXN5WFgzc0pKLU5CaFZjTnBYZ0RXUzJKTzJSeEdWNFBleVBrU0dxaU02Mjh3UWlj?oc=5"" target=""_blank"">India takes out giant nationwide subscription to 13,000 journals</a>&nbsp;&nbsp;<font color=""#6f6f6f"">Science | AAAS</font>",Science
"Cybersecurity chief: Attacks on electricity grid a real concern, not science fiction - NL Times <a href=""https://news.google.com/rss/articles/CBMipgFBVV95cUxNMVdhS0RyYmpsekxSejBZbTJvUkVvSHpxdzRYc05sNWxJS2haX0tlZ29wREI1a3pZdmdTb2tRUF83RHpqMzlwRkU2d19RU04weC1HSnlreWlscE8tam1OdkNvSDFPMkxvM1EzeGtQQnpuTnJIT0M2QWJ4akdrQnQxekJFRjZVbm1jSVluRjk2cDZzckl3YzZkajZqby1BaF9DMHVkdy1n?oc=5"" target=""_blank"">Cybersecurity chief: Attacks on electricity grid a real concern, not science fiction</a>&nbsp;&nbsp;<font color=""#6f6f6f"">NL Times</font>",Science
"Oldest ant fossil ever found reveals history of ‘hell ants’ - Science | AAAS <a href=""https://news.google.com/rss/articles/CBMimgFBVV95cUxOcmxwXzFqQk1VdkJLWmh3bEpKa3lGZm1Sc1lKTXQzU1Zva1BlN0xGS1YwNUxmU3BkVW5kc2VrNlRKRTQ4bVVTN0Q5RTVob1Vmck9pUzZVT0t0am9BdVhpektNSlRoQk1rd2ZwUWl1SDRlanhmZDZjRkh6LUpadlhFczVZT0taRE9PSE10MmdQakRvOHVTRVRMM013?oc=5"" target=""_blank"">Oldest ant fossil ever found reveals history of ‘hell ants’</a>&nbsp;&nbsp;<font color=""#6f6f6f"">Science | AAAS</font>",Science
"Most Phoenicians did not come from the land of Canaan, challenging historical assumptions - Science | AAAS <a href=""https://news.google.com/rss/articles/CBMitAFBVV95cUxOaExhLTROMkVZOEJsZ3ZMV1JnWXJzM1lwQXZjZUkzLVZtbExjR0djVWVMb2FxWGFLQmUzTkM0dTh6U0VUOVNTV3hIdGlScmhZUU5rZ3VZV014MlJ5Qm9kbG5OcVh5QzhkOXMxRzBwWE4ybVhRT1pqUlZFTTVhaW9JZmlwa1E4aTB5ZjZYNEhPNjFGcnFpeG5JcU1Sd1RIa2p1Y1VwUHphYnBpRzFOeHdGbzI1eDE?oc=5"" target=""_blank"">Most Phoenicians did not come from the land of Canaan, challenging historical assumptions</a>&nbsp;&nbsp;<font color=""#6f6f6f"">Science | AAAS</font>",Science
"Epo-calypse now - Science | AAAS <a href=""https://news.google.com/rss/articles/CBMiYEFVX3lxTE9sUDFoVnVOSFVrdDhTTV9wcHBQRWJDeGhEX05PVXJHNTktZ1VTZzY5dTRvaFBwS3EzRkV5WXZ5TmJqSzdlVklpQnYxSzZPamlwZnBzRC13UFh4SGhqcG9mSA?oc=5"" target=""_blank"">Epo-calypse now</a>&nbsp;&nbsp;<font color=""#6f6f6f"">Science | AAAS</font>",Science
"US solves 100-year-old mystery of nanocrystals' atomic structure - Interesting Engineering <a href=""https://news.google.com/rss/articles/CBMikwFBVV95cUxQcU5PYzUxd3gxLUlaUkp0TlppQS00dmdxUVFJYk1KNmpKQUYydzBlZ0xWbHIzbXpRWGRhUnp4VlkyR3NlVFhKQjU3Y3ZoeVhlTUh6OHpoZXUyT0hrYlg4cXZHVjluekZaQ2dVdTVhNk0yWnlfTEdmazJEUzltNWVfNXdSWnZVbzNqMDVsRzBLajJPSmM?oc=5"" target=""_blank"">US solves 100-year-old mystery of nanocrystals' atomic structure</a>&nbsp;&nbsp;<font color=""#6f6f6f"">Interesting Engineering</font>",Science
"Science’s big problem is a loss of influence, not a loss of trust - Nature <a href=""https://news.google.com/rss/articles/CBMiX0FVX3lxTE9fcFRHV3d5Ylk2NVJrVlNnNHAxLWg0VWU4WnRib1NlQ3ZISmgxLWFmUjkxUVFOT0Q5R3VnNHo3d1ZBcVMydU5ZNmdCbU9ISE5iNFVqOFJzN2NtTWNDTHhF?oc=5"" target=""_blank"">Science’s big problem is a loss of influence, not a loss of trust</a>&nbsp;&nbsp;<font color=""#6f6f6f"">Nature</font>",Science
"Scientists create ultra-tough copper alloy that is stronger than steel and can withstand temperatures of 1500 F - Live Science <a href=""https://news.google.com/rss/articles/CBMi4wFBVV95cUxOUDNoRUEyOEhKckdhZVBqeDJseWgwWk9uRUdWVl9jR2xKeHd4eDhucDQ2UnZjczAzTW45anZXRDRBT0NWQV9XV2lLM3h6cmk1THdlWXp5d0ZoUXNJdE1adktYVXRlbFlkNFNnVGNVbjNic1FuY0tCUW5HaS0xdUtwQ3JKcUJCU3Y4WW5UN1pWNVpXVTVqUS1XOGcyLW8wSHlVQnRodElva2dHS251UjlmNXA1M1hWdlJ2VnlZQ1ZqZnZZZlVrd3VTZTVteGE4QXJXakJIRHd1dVd1Tk5VaG9uUWFicw?oc=5"" target=""_blank"">Scientists create ultra-tough copper alloy that is stronger than steel and can withstand temperatures of 1500 F</a>&nbsp;&nbsp;<font color=""#6f6f6f"">Live Science</font>",Science
"A geological timescale for bacterial evolution and oxygen adaptation - Science | AAAS <a href=""https://news.google.com/rss/articles/CBMiYEFVX3lxTE1UOS02dHNpYmhOc0lZT3J4QXA3S3NkRWh0TzNnMk9xTHNBVnIyMHJRS0I3TmUxVzlCc0NmUjUzeFpFSDZ0ak1EY3hUQlYwNkdxV0pfRF81bkRHVEwxUFM5aQ?oc=5"" target=""_blank"">A geological timescale for bacterial evolution and oxygen adaptation</a>&nbsp;&nbsp;<font color=""#6f6f6f"">Science | AAAS</font>",Science
"Massive pea study solves last genetic riddles of famed friar - Science | AAAS <a href=""https://news.google.com/rss/articles/CBMingFBVV95cUxPSmphRjlIdmtpcVV0bmlkdUZyYzNQVDhiNkJQYlh5dWR6N1R5OTZzaG1iWUZMbjBybE16aGFqcHhWbnZfWjVzMC1ST2tMdTVReWhlMC1VWW0xdm9fcEdZYkk1QnVwdl9ENGlFWExHamFFbGRVSW15anYtTGN6NW9XYVB2NTRjaUMzYUxEcDViUUZROW83dXk5RDFuSU94dw?oc=5"" target=""_blank"">Massive pea study solves last genetic riddles of famed friar</a>&nbsp;&nbsp;<font color=""#6f6f6f"">Science | AAAS</font>",Science
"World Science Day for Peace and Development, 10 November - Welcome to the United Nations <a href=""https://news.google.com/rss/articles/CBMiYEFVX3lxTFBIWGNOYVp3THZUUThpR01GdllJbkZCeWoxRGlsQ0RhSlAxVmhDclBQR2t3ZmVsWEI5RmF5REt2bzVDRUlQWnI3OFdpY0pjT3IxdFhfazYzeWNwQUJNQVVmSQ?oc=5"" target=""_blank"">World Science Day for Peace and Development, 10 November</a>&nbsp;&nbsp;<font color=""#6f6f6f"">Welcome to the United Nations</font>",Science
"2025 EGU Hyperwall Schedule - NASA Science (.gov) <a href=""https://news.google.com/rss/articles/CBMijAFBVV95cUxPUTRtWFZoTC11NUdDVS1FZkNzaUgxSTZ5MHRsS1pYLUFXUWhEbHVTUXFjRFlTcXU1cTN2dDdWRjc5ZTNJRjF0cTI5d1o5MDZ3Z3lnZFZMWWs5ZG96cEJvQ2RhTTZuUzhlU2U4Zk5aS2Z5RW1MMVAtTDQxR0tRSXh3MWxRMzVvOHpqUHZjbA?oc=5"" target=""_blank"">2025 EGU Hyperwall Schedule</a>&nbsp;&nbsp;<font color=""#6f6f6f"">NASA Science (.gov)</font>",Science
"Cyberattack on power grids ‘not science fiction,’ expert warns - NL Times <a href=""https://news.google.com/rss/articles/CBMiigFBVV95cUxNOXdYa2pTRXlhSUpUVGl1b0ExajBxSFlZbTFlSFBwV0VMWWYxOTZhWjlmdi1tRGNQcDd1R1BXdm1FYklIVVhNbVk0RUVwVmJsUmtJMHJYeW9DcXE3dWZmSTU0bC1nNU1neHBndkJLMFNYNG84SU1WY1MydXZhZllmNGR0T1QyZm8ycGc?oc=5"" target=""_blank"">Cyberattack on power grids ‘not science fiction,’ expert warns</a>&nbsp;&nbsp;<font color=""#6f6f6f"">NL Times</font>",Science
"Reimagining silicone’s life cycle - Science | AAAS <a href=""https://news.google.com/rss/articles/CBMiYEFVX3lxTFB2dm9sRldjLVFibWlKWFFOTjlfLXY1SGhOcm1QM1hKeHJUWlZsN3NmdW4tV2c0UmQxT0o1OUNwREs1eTN2eHR0YldYVmlzd2N2aEJjMEFEcTF2VDlTM1hPaA?oc=5"" target=""_blank"">Reimagining silicone’s life cycle</a>&nbsp;&nbsp;<font color=""#6f6f6f"">Science | AAAS</font>",Science
"AAAS Mass Media Science & Engineering Fellowship Announces its 2025 Fellows - American Association for the Advancement of Science (AAAS) <a href=""https://news.google.com/rss/articles/CBMioAFBVV95cUxNSjRaek1PYkVSakpDaWlXbnZWMk9faWdpeklLaHNmNHlUOVJLTHFQZ25MYXJiRUhUbUJWdEpkV3JtN2xZS185b0xRcXdmTzVMbHBoVldCTnllaURBam5NZFRBQXpycUc2aEdXNVRZS0k0Skkwd3IwNU5lVjNaLXpvYlF0SHZZYkdfUnc2bzlfcERPTTRTSU9BeURaYlJ0Rlk0?oc=5"" target=""_blank"">AAAS Mass Media Science & Engineering Fellowship Announces its 2025 Fellows</a>&nbsp;&nbsp;<font color=""#6f6f6f"">American Association for the Advancement of Science (AAAS)</font>",Science
"Pharmaceutical pollution influences river-to-sea migration in Atlantic salmon (Salmo salar) - Science | AAAS <a href=""https://news.google.com/rss/articles/CBMiYEFVX3lxTE9PNlp3bDlIbjY5R0xjakFsa0dGWW9QUmtsM2RYc0JFV0hXRTdpNkNWYVRIR2RMZU80VXdySVZGQkhIbTVkUG8zelpTY1o4RnpYM0VHVGgxTEpKZUpEa3FZVQ?oc=5"" target=""_blank"">Pharmaceutical pollution influences river-to-sea migration in Atlantic salmon (Salmo salar)</a>&nbsp;&nbsp;<font color=""#6f6f6f"">Science | AAAS</font>",Science
"Scientists Drilled So Deep Into the Center of the Earth, They Knocked on the Mantle’s Door - Popular Mechanics <a href=""https://news.google.com/rss/articles/CBMinwFBVV95cUxNRUptTndYT1lsajdfbk15cy1GYmx2aHQ3LUF6bzdYX3N2VUczbmRTXy1YQUI3ZlpTeVdvVlJkM05nUWsyalBDSmVibzdUWHl4bzlDenpyOWRjY0hoM1RsOHNYUGY2S1pXSXFiZzRidERSRTBVQlRCR1lwQzlfTXpCUE1LNEgxTl9kYWJQYkVmMHBIQjNGY244aVVwazhpXzg?oc=5"" target=""_blank"">Scientists Drilled So Deep Into the Center of the Earth, They Knocked on the Mantle’s Door</a>&nbsp;&nbsp;<font color=""#6f6f6f"">Popular Mechanics</font>",Science
"Trump administration has set Noaa on ‘non-science trajectory’, workers warn - The Guardian <a href=""https://news.google.com/rss/articles/CBMigAFBVV95cUxPUHRqbG9WTmVkcEVrWDVhbnk3SFM1N01wTFA3a2xpaklCNGJ1S3FwSnpyTG5uUUNTYXFvZjFfaUZsbWE5R3hGSnR1OE54V2cwekxhaTVvWWMxNkdPYjllT29fQ1ZPQ0QydTZYLXFMMWR3TnZXbV9LaEhPS3VEUk1mYw?oc=5"" target=""_blank"">Trump administration has set Noaa on ‘non-science trajectory’, workers warn</a>&nbsp;&nbsp;<font color=""#6f6f6f"">The Guardian</font>",Science
"Sols 4520-4521: Prinzregententorte - NASA Science (.gov) <a href=""https://news.google.com/rss/articles/CBMickFVX3lxTE96M08tTTdwbmFyZGJiYUZfNTdXY3BJVGRvMi1lSWtLRWNGNXpLdXQ4UkFmR1FrQlJOY3c2aEo0Tmg5bC1kNTNVOGxIZGVMN3h5WURBY2h3SlhrNloxalBWYWJpTlN0aFY5U3hIcmpFa1p1Zw?oc=5"" target=""_blank"">Sols 4520-4521: Prinzregententorte</a>&nbsp;&nbsp;<font color=""#6f6f6f"">NASA Science (.gov)</font>",Science
"Lab-Grown Teeth Are Another Step Closer to Reality, Scientists Reveal - ScienceAlert <a href=""https://news.google.com/rss/articles/CBMingFBVV95cUxPcVEwRFBpTTMzLXZ5Vm9RR1FxOFk5Nm5uOElneV9HalI1a0FjcXRjc1NndFFZTHJhYTNJUm51UUFpSDgzd212S0tIMXQ4Y2ZuZlgtVUdUOGNKRGJELURqdGpnZUpyeE5mRGFnS2NsV00yalBjT3VuVnhxdzVjVjdkVEVXZTAwbVJVYjZUMk8yYUExVGZ6OTlpclA3ak0tUQ?oc=5"" target=""_blank"">Lab-Grown Teeth Are Another Step Closer to Reality, Scientists Reveal</a>&nbsp;&nbsp;<font color=""#6f6f6f"">ScienceAlert</font>",Science
"Medical students honor those who donated themselves to science in paddle out - Hawaii News Now <a href=""https://news.google.com/rss/articles/CBMisgFBVV95cUxNUTMzcC1UU21od1NOREVtQXc0cktzdjJZdDM0NEd0SVlYUmIzX2tmbWFLT05XQ1dwNDhmdjNzMHNfYnROSk16T2NhdFRTeUdvWVh5ZmMwcHN6dVJMTTQyeENQRk4xTm11UksxNl9CX0JodldHTWlHRzU3QnRwRjlKZE5PT3gxSW43Qlpmemd1X1BQdElmSnpSV0l1Y2dJSHJ4ckpDS0ZBby1HdGNRZjlhVFp30gHGAUFVX3lxTFBERWFCY041aHZBUmhZNjJsNEVnMTdMdmJrODJRNjRLSzJDa2JYWUQ4NHE3aThUZTNKQmdyeXpUT1hIazd3RldTaEVReUJXYWtINWlRU3NYWUVrTExwaHU4Vk9jc3JLOGw0MWNqOUowaTBwYUt4MDVNX3hyRWktcWY5Mi00d00tbFBIUXdDenVnd0pKNW9DT1VwYUtuVTlQMnlmTUhOS1lhcG1MSGVKbmREb3dsaHBaUzkwWGNFcVRackFJLVlLZw?oc=5"" target=""_blank"">Medical students honor those who donated themselves to science in paddle out</a>&nbsp;&nbsp;<font color=""#6f6f6f"">Hawaii News Now</font>",Science
"‘Extraordinary’ fossil reveals the oldest ant species known to science - CNN <a href=""https://news.google.com/rss/articles/CBMifkFVX3lxTE03YUNjSDhvVGZKS2lxMkJ5MUlZclZQdUtUZ3FYY1c3dEhVQ0VydFR2ZlZHZkMtazU3WVU3eXlLWVZRQkZ2RUxmMERPT0hELU1XVE10ekVVTVAyLXpuVFE4WWMxakRaRE9CUjFrSGZRMjYzTWNoenhONHZ4QUR1UdIBdEFVX3lxTE01WDdldTRuQ2lJRjVDcmNvd0czakNEa0tWd0dOcUtwMXNFSzVIbF9ORk16N0Y1T0lpWUhBMjA0UURZS2RvNTg5UWFxMHRmdkluY3d0OXRLc1dMVzFINU5zc3VjZlhfOXhKdFZUdnhWSEVBTE5U?oc=5"" target=""_blank"">‘Extraordinary’ fossil reveals the oldest ant species known to science</a>&nbsp;&nbsp;<font color=""#6f6f6f"">CNN</font>",Science
"Multi-disciplinary scientists are ready to solve global chemical pollution - Chemistry World <a href=""https://news.google.com/rss/articles/CBMiyAFBVV95cUxPaTE4Z1BGNGxLdzQ3TkJyRXoxQlRxR3ZMU241TFp1UmRkZ3hsWi02S2R6WEhjUXVKU0lHVXRCeTdVWEJkRkRob2QyNF9LYUxHSl9vcmY3b1NLZ2g5bmNyTVFfeEdiaEJKSG1hTkRXa3VRRUdQbDRWVWlwcXhnc1p2VWFVMGFmRHZ4ajB3UnotaDdBb3Z4MUZnUnhDNnZ6bVhKa2U2NTgtVjcxc0xYM1o4aVZHanpSWlFjZWtkMmpPb1RhSnNVY0ozZQ?oc=5"" target=""_blank"">Multi-disciplinary scientists are ready to solve global chemical pollution</a>&nbsp;&nbsp;<font color=""#6f6f6f"">Chemistry World</font>",Science
"Bala, Agrawal, Pascual elected to arts and sciences academy - Cornell Chronicle <a href=""https://news.google.com/rss/articles/CBMimwFBVV95cUxPdW9uTDNKd0ttcFMwdVIwaWJ4S0hJcHFwSGhWTHp1dHVLTnZxRG5BWjk0TkZXUW5mZzQ4TDh2bmFFeWJrQkVrX3V5UExQTU1vM1hpaGdpbk1CcHAtX2lmbE1fTU45bW5GeExjZ3RCTjdKaWRSWW1NcHFKMzZ5REV4V3BIc1FVOWxGYURhcDhOTHl2WWJRZkdPR3dYdw?oc=5"" target=""_blank"">Bala, Agrawal, Pascual elected to arts and sciences academy</a>&nbsp;&nbsp;<font color=""#6f6f6f"">Cornell Chronicle</font>",Science
"Science acceleration and accessibility with self-driving labs - Nature <a href=""https://news.google.com/rss/articles/CBMiX0FVX3lxTE12U19uNDFVdDJELWoxcHFRODZZMnpzMVB2N3NfX25zYWlEWnEydUdDUF9YS1FMamg2MGFqSkxoOWNmd2c5dEJUcFpUc1gyOGhkejBfTDhCVUtqazhrZ2U0?oc=5"" target=""_blank"">Science acceleration and accessibility with self-driving labs</a>&nbsp;&nbsp;<font color=""#6f6f6f"">Nature</font>",Science
"75 Years Ago, The Martian Chronicles Legitimized Science Fiction - Literary Hub <a href=""https://news.google.com/rss/articles/CBMiiwFBVV95cUxQSU5YX3pEUzNHbzFKLUswZnZlM3ZFOFhBUHZlR1VfRmlJMV9BUEM3X2FhYjI5OV9pRldsNU11SEFqVkZ0aC1Wb1E5dDNuaUNxZjRDbm9tZjk1WElvUlJEZ0w2S1ZBbXRLckk1M2hYMWRKd2dBVkd2bkpnVWFsUzZOd1AxZjhzTS1ocFJj?oc=5"" target=""_blank"">75 Years Ago, The Martian Chronicles Legitimized Science Fiction</a>&nbsp;&nbsp;<font color=""#6f6f6f"">Literary Hub</font>",Science
"Trump’s first-term pick to run the National Science Foundation quits: ‘I have done all I can’ - CNN <a href=""https://news.google.com/rss/articles/CBMimAFBVV95cUxNZlFhcW8tYTFHSWhxWnl4eTZNMWFydTBFdnFfVUFkcEdQQWxhMEJlVldBcEFvMzh5alhpeV9LeF9ER0t4SHI0ZktnOGNEZ0tsbDVvd3Y0bWxVZXF3YUxJOE1uS3hidEJnc011eWt5cGlhZVJlc2d0OGhnN0xUWjdQV3NJd1dsMV84MVF6SmJaUGVZY3UxcDJXM9IBjwFBVV95cUxOQnRZbkVZMGUzWlloeXA4SlE0cW1ULUhSUV8tdkNKM3o4Nm5WRHVLbmJaTzVqNUktQTBwZFowMW9IUU9HOTlGWU52T0VVZ1FtbHAwc0lXMllQYi1Hd1ozdV9UVUFta2VoU2FxRFhodTk0MjRsUmhzSXpfT0Z6TjNHWVlzc0VqRmd3aEdleWtsdw?oc=5"" target=""_blank"">Trump’s first-term pick to run the National Science Foundation quits: ‘I have done all I can’</a>&nbsp;&nbsp;<font color=""#6f6f6f"">CNN</font>",Science
"Scientists test first-ever vaccine for acne: Here's what we know - Live Science <a href=""https://news.google.com/rss/articles/CBMi7wFBVV95cUxQZ0w4UVdtaVZLby1zM3FtZHNhMUd5STdIWHJnODBqZEdPcXpoNk42MXVxX3FNLTRpcUJrYjlWLXBSVUJ4Q1JHaTRYeEktamRqNzRoekRmUExYbnBVWE0tRndIdnJjbTR3MjVqVC1pQWhpcl95eGRiQ0NxZE42VkRfNFl0RzhUREQ3RzUwVko3WGVYUHo2ZnJQMW9EMjhFU0NsdW9LN3BqZGNsZTBKdVhSOWZ5WFlsU2RpcFNtcGF0M0dWb0ZrbXU5SFFzYkRoR01adnh0NmVnem9MQmRvMmhEZjJ0Ml9VMW5qYlFUZ0wwYw?oc=5"" target=""_blank"">Scientists test first-ever vaccine for acne: Here's what we know</a>&nbsp;&nbsp;<font color=""#6f6f6f"">Live Science</font>",Science
"Parasitic worm raises risk of cervical cancer, study finds - Live Science <a href=""https://news.google.com/rss/articles/CBMioAFBVV95cUxPZ0dMaldIenM2eUQtc0tENEZqNUxITWV5azl6RmkzR1VpWUJfclh3WU53SzRES1FHQnFJZDQ5V2dXWG5Ub1JWREp6Vk9fVzZEamhYajBpbE5sREUtaGk1aG0xSjVsZFNXRHJBampBc3NLOTdVdUYyLVVwLXJlcDNncjYzUzZTOTliOS0yM2NMWmFJNDl5bEFRelNRQU52OEtt?oc=5"" target=""_blank"">Parasitic worm raises risk of cervical cancer, study finds</a>&nbsp;&nbsp;<font color=""#6f6f6f"">Live Science</font>",Science
"Science is used differently by policymakers in different parties, new study finds - Phys.org <a href=""https://news.google.com/rss/articles/CBMigAFBVV95cUxOLTc4RWV5Q0stQ2szOE1mcXdVREQ4RWtha19pcmFwQjlaOFBhRzRTYlBCUHhHNG5rQno0b2cxWGxCTWZ3aktRSElmSWNyeXVnZkdSdXJESDE2R2tLSEgwckRxUjVjQUtmVVIzM3QtTlNTSDlFc045aVBCbml0bmJ0ctIBf0FVX3lxTE5fX2hzTEdrcnhWbWFoSEhLN2pKblFrTjlhcVRWZWRjU1N4YWNfQWJXMjFyYV9SUm1zRk1NUkVHVExadW00V2ZwY1lmemh4cng3dlhXWFNyUlBKcHd0SnRYU2haYmpuZjFHTElLalo1dDF0OGo4SldxTmxXeXptVkU?oc=5"" target=""_blank"">Science is used differently by policymakers in different parties, new study finds</a>&nbsp;&nbsp;<font color=""#6f6f6f"">Phys.org</font>",Science
"The big idea: will we ever make life in the lab? - The Guardian <a href=""https://news.google.com/rss/articles/CBMilwFBVV95cUxOSGphTEpJcTZlNkZfRGN3aFJvQWhUUC1Hdmw1TUhtWlFCV3ctenNLa0JiU3lrRlFmMzJsWGp2X2xmdlhiZUlxakZvWEc4R1Jab0gxaURmNDB0YUs5bWZCck5GLTZLNkl3NXVBSXo1SzdPaEhETWpZdl9tVFRYRmJhbmtVckFYajJCN1FrVlo3SjNGUkU1MUJz?oc=5"" target=""_blank"">The big idea: will we ever make life in the lab?</a>&nbsp;&nbsp;<font color=""#6f6f6f"">The Guardian</font>",Science
"Noida to save environment with people’s drive - Hindustan Times <a href=""https://news.google.com/rss/articles/CBMitgFBVV95cUxPdHowR2ZwOVBQOF9BbzByZ1p5RjVqSVc3eGdwbFBla3VYTmotRFV0VExFc1ZjY0tOMjR4MVpkTDlTWnRCVU14YWdCS0N1Q083aVFuUy1BNmVzN3Z4dXdtcktONnZkb0FMMDFDRkd4aVdydV83OFl6VmJSZVdPSl9IMkdvbEZlc1IxQ3FwaWVlWlgwUHZWVkh5bndfMy1YZHhnODdKRnRnTXY3dFo3VDJGdXp0bTJBUQ?oc=5"" target=""_blank"">Noida to save environment with people’s drive</a>&nbsp;&nbsp;<font color=""#6f6f6f"">Hindustan Times</font>",Environment
"Environment ministry panel defers nod for Kerala tunnel road proposed near Wayanad landslide site - The Indian Express <a href=""https://news.google.com/rss/articles/CBMiqgFBVV95cUxOLVB3cFh4TTNiWEZBam1pR1ZRRG1xSnd4Uks3dEVPYnV0bEFzMXJReWFHVF9QTGVtMEtublg4VDhHZEF4MjJMRkVmY2ozM1BQb2RqQnpwNXMxRUlDc1NPSmFrZWRkdHhBVC10aEdzT3NMeHBRZ3N5MHo2WWhNRXpfdzBocGpNMWF6Q29xY2tncllVQnpHQms2cGpVazlubFZZdEhocFNzeG4zQdIBsAFBVV95cUxPbmtFYlpCRThJdTR0amFUNmdSd1I3eDhLNXlRZlJJNlZ6Y1gxdTZGWGh6dXpwSW5yMFJGay00R0U3a2RKTHd0Sy1RWEVBcTR2eUhDeEpZWDVRTGZXRGgwR3ZvQUZmWU1uRlVqSVdGbFJqSlRieFpGTUQ1eXpUTjVqUkxlX0trNkluTjhXaVRRTjRDNE5qZ3VmMG9jVnRNa0FZR2NxeVZMczFfSTBuVU92eA?oc=5"" target=""_blank"">Environment ministry panel defers nod for Kerala tunnel road proposed near Wayanad landslide site</a>&nbsp;&nbsp;<font color=""#6f6f6f"">The Indian Express</font>",Environment
"Kasturirangan also dabbled in environment conservation - Deccan Herald <a href=""https://news.google.com/rss/articles/CBMiuAFBVV95cUxNdDE3eFZpa0xYYUROMDBfWXFiRllfUk5paFJvNzgxVWZXWkxjTHZpdHJDZzRhZ1puak0zQ2ZXeWRsRFdDRlotOGYzQUZYaklGb0FXTkF4MGRfLW9DcG5HZUxQZl9uNExVOGc0TlVxaDhZSXBxek9NdEF6OFc2OTBJbkw0VXdzeklvTktPMHdMa0xSckJBRV9Dc0IwNjYtU1NKa3JBV0ZqSDl6YnVCTVRnM09EUU13RHZV?oc=5"" target=""_blank"">Kasturirangan also dabbled in environment conservation</a>&nbsp;&nbsp;<font color=""#6f6f6f"">Deccan Herald</font>",Environment
"Environment Minister announces ₹24 crore to improve climate literacy - The Hindu <a href=""https://news.google.com/rss/articles/CBMi0wFBVV95cUxPNXYtbWRKU0VQQlFncnhfVGZGYlZFS2tDQUxTOEpoUTJFZGpRM3ZCemowb2dLVnM0MXBlaFlUM2pKdE9Zbkg3c0M2dU56UDd0VjJLVG1xdHVjeTJIVld2S1dTX2NaNWFtekJHVTFwVlVkbmVYdGdtTUFiUm91NV9jTExqLXl2X1ZOaFQ5OW5sWXVPR1BEYWQxZlg0dHNjNHY5WUNNdDFJYzhtcDduVlczYlphUks5Z1dJaUFLZVhGOUltYkFYbXNnNTJoZ2hOTVZ1S2Vr?oc=5"" target=""_blank"">Environment Minister announces ₹24 crore to improve climate literacy</a>&nbsp;&nbsp;<font color=""#6f6f6f"">The Hindu</font>",Environment
"Delhi Minister Sirsa directs induction of EVs in place of environment wing's diesel, petrol vehicles - The Hans India <a href=""https://news.google.com/rss/articles/CBMi4gFBVV95cUxPSW53eDYwWFhPdFViNXhOTkJvNmhtMFQ0Q1RDWXpfRzA2dHBYb1pxbnRVSVFHR3ZYQnoxMy12SUowS3lFMlZ2Wnk1QzdSbjRIMGZfdVBfRmxsQWdSRlVEQXNrYXIwcWFJVFVXWWhyQ2JWMktBeWI1WmI5dF9WTVJpb0cxU3hwM2tPZjUwOVJ1aURVVkt5S0RMaHFKMUc2cUk3elFKNUlBZlAyLVo3em83M3VkVDBNT0piejV2Q1NNUVhJZVNZSVBCOVZHUWYxN21vOVZObzNtV2JseXkzTHU2bENR0gHnAUFVX3lxTE9FMXdPQTM2Z1FWSnFQODhNdWZoWEtiYTk3aEVfc2k1akR2MHVHLXlLNTJxSnAxOWU1ek5SYVl3VXFtMXBBSU1hSjVoUUMxT2gyanFXS3VqWVZ1NDRxX3YtVV8tZ1Rwd0NaSG1ySXI3VEdjRU8xdkxsbDZuQk9QeU8xVTBTbXJBTTZ1NXk2WW1mamRrQkVyenZIWU5BQzJEVjZodG5rdlJaT25Call0S29HbGJZODluanBNeDhoRENXSmhsSGtLcXBlMWhhZzhlS2Znb3NrZFpqMmtsSGFwUUxhSVh3bk4tUQ?oc=5"" target=""_blank"">Delhi Minister Sirsa directs induction of EVs in place of environment wing's diesel, petrol vehicles</a>&nbsp;&nbsp;<font color=""#6f6f6f"">The Hans India</font>",Environment
"China sees continued progress in eco-environmental quality - Xinhua News <a href=""https://news.google.com/rss/articles/CBMifEFVX3lxTE54eVZ0aW40TmdlWmxSbXZXRi1zUGp3QjNXWG4yNlRBU1JvUURaSUlQR0J1RVg2X3Fmd0lEYWp0RXZzVWx0TzB1QThTWE44azVfcDllRWotWkprWG1xUFRmNlprVXIyVW9NUXQyN2d4emRqUTRKRHRVeGswQ2o?oc=5"" target=""_blank"">China sees continued progress in eco-environmental quality</a>&nbsp;&nbsp;<font color=""#6f6f6f"">Xinhua News</font>",Environment
"Power, Environment Ministries ask CPCB to examine relevance of FGD in coal thermal plants - BusinessLine <a href=""https://news.google.com/rss/articles/CBMi6AFBVV95cUxQOW1nRDM5VEVidjNnWlY4QUptMjJXMXBGRTY4Zk5EQkdYS3g5WndfajNUTE9xcHpZYV92UHFYREtLTklUQUszSDdmemJUcFVOZ21ncDV5YTl5MzVTVWZreUpMejQ0RGh3VG83NHNMRWJFdGxGeWRsbW1Yem91V3VyVVphbW5EY1ZKS25FVnEweWFXSDE1VVEyM0Z1dlZsRXJBVWtESlgyQmVscjl3a3d1ZE9Hd2paMnFoTzZNY1Rra2RpcXF3dHVXNnJzOFRFc3RRRGdwT1RpdlFRV2hiWFFqZVVEaGlYLXBf0gHvAUFVX3lxTE5WVHlWTk9QM250bE5kOXhSdWt0WU5RM1RfRXI0ZHBrUmp0UjNzZ0RrV0oxb1V3bjdYWkRZMFRfYVpsXzVNVXA5X3hfV2NKdnB2Y05oOWY2elI3RjFpU3RxcGhCVnl4Y1V5TW4tZmV2c19mM0VRZFNNX1JFQVNZVkRSZk1Wcjl3bktzVGFDbXFWVGVXUVljOGFNUTMtMEptY0w0RnBZeVdkN0o3T0g5UHFzVDBaZVpGejdVb2tLTDJzYmFiS1d5Y29laUpNN2FYamNGQzg1SWlZc0l4UVZpTnJlbmR4MFlua0hBQ2cwMEZj?oc=5"" target=""_blank"">Power, Environment Ministries ask CPCB to examine relevance of FGD in coal thermal plants</a>&nbsp;&nbsp;<font color=""#6f6f6f"">BusinessLine</font>",Environment
"Draft of China’s first environmental code unveiled; codification to fill legal gap - Global Times <a href=""https://news.google.com/rss/articles/CBMiYkFVX3lxTE1hSlJUbmtBUEllYzNsbmJfRmIybEFNSC0tLXU5dUhQNmJMbWFXaXFicjFwaEt1MWFJSGNCcG0za3hLX0RTX1ZaTzMxMkFtc1RUZ1pyeHBxdUVQTnhVeTVYdDRR?oc=5"" target=""_blank"">Draft of China’s first environmental code unveiled; codification to fill legal gap</a>&nbsp;&nbsp;<font color=""#6f6f6f"">Global Times</font>",Environment
"World Environment Day 2025: Asif Bhamla, Ajay Devgn, Imtiaz Ali and Hungama’s Neeraj Roy unite for Tik Tik Plastic 3.0 - Bollywood Hungama <a href=""https://news.google.com/rss/articles/CBMi6wFBVV95cUxNODNySGlFLU50enJYQ19GS3lySGN2ckgwNmxMTVFiM25GLWFiX0ppajdnbFc4MTJZYVdUUDJmZ0FvQllmVGhBM2RIcDNLNnBGTkMyaC1jZmZTNlBUOExvOFMyTDdReURhYW9SUHRJNm93SW16Q1FuTVFObjdtdHZsMlp2aEgzNWRIWUlKaXh6c3ZMTEhDS1plUFduZWVoM05rSk9vbzMwQnEybnAtbm45U2p4bVpPeTA0amhYMjhuZDRDMmlDU29EcDFrNmk1Ym5IZXNGQ0hGQ21sVm9WX0k1X1doeTNSNy03QVpz0gHwAUFVX3lxTE8zcS1UeTIxRWF5bTJXd0JFWmYyWlFFU2ttM0drV3B5aHctNEY0aTNTNEFuZ2ZYbUxaMW1kYWF6aGlxWjJiUnVHR19qX3hJWUFxbTRYRnA3UGs5b3h3UnpqVy1YU2QzeTlVVGhKSzdYOVdTUzQydFR6UkN4dlN2RXg5QmJ1SGR3VjhWRU1WZktiQmM1b2pjWHlYZzVjWV9iRVppWmROQ1djeXRESVk2bFFINGh6UGphUy04ek5rNDJjSFYwd3pWUVJZOTQ0WGlWOUlqMGxIZU5Cdlo4TW5xMzhfUjM3THEzUHJkRHhvOFlKTg?oc=5"" target=""_blank"">World Environment Day 2025: Asif Bhamla, Ajay Devgn, Imtiaz Ali and Hungama’s Neeraj Roy unite for Tik Tik Plastic 3.0</a>&nbsp;&nbsp;<font color=""#6f6f6f"">Bollywood Hungama</font>",Environment
"CHP-run Izmir in western Türkiye embattled with environmental scandals | Daily Sabah - Daily Sabah <a href=""https://news.google.com/rss/articles/CBMisAFBVV95cUxOSERHQVFCdVVybkNoelpGYkg3NV9yYkRoNlhYVE5xT3BORVI0c1gwbGwzWDgxVzgwa292VU1FeU8zSWRsOGNfbGRxZ2dWRlJyUFEzQzc4WTE0WE5ET2hHcnY0bmlHUjYtbVJ2ejZadUtsRWhUM0pXTTN2TUUtZDBHeEwwMEJaMXVMcGtSeHF0REdScE1hWHppRHhsTmZpWTRSUW1SVTMxWDBUX29fOGRnctIBtgFBVV95cUxPN1NmNmxDejJFYW9kZXJsUl9KSTBVOTBsR3Nrc0hVaWg1MS1qcVowTnl1dUlfOGRQUFFfYjExRExGWUp1czJXTW9reHBmaHZHeTF1ZW9maWE0MGJoZy1JU1l5blFUN1RLbl9qV0ZLTXpqZ3V0LVNDOFdyTFJfOGpjb0RNZDFENU1tcWctMEdycFppdWdIVTZYUmwwcVgwdUNNODdrMTdseXFXLVlyS2lISXBlSUdIQQ?oc=5"" target=""_blank"">CHP-run Izmir in western Türkiye embattled with environmental scandals | Daily Sabah</a>&nbsp;&nbsp;<font color=""#6f6f6f"">Daily Sabah</font>",Environment
"50 years later, Vietnam’s environment still bears the scars of war – and signals a dark future for Gaza and Ukraine - The Conversation <a href=""https://news.google.com/rss/articles/CBMi3wFBVV95cUxPUFVCWlNXbkd3d094UjY1SVYyQUkwYzVCbmt2bHBwTW5MR1pNaWZQOEhOUk1ZbnRla0lIQ01ydnFSSFJ2YURIenpHdWhFaVBVNG9iUk9JTk8xUjMyT3Z2S2x2T1pZTTdaR3ZFWVYtX05LY1F0LUdVbEppYUdHWV9PVE04UTkyWU12V2pJZExYMFBwZnlKeXBvcmQyZDhnU1ZaZC1tOEs5Vk9nakVqRWYxd1ViejMwX0theTYwcERfMjQ1WTRLeWswRE85Z2NHM1hsYXRwaGNiNnptY3VVQjA0?oc=5"" target=""_blank"">50 years later, Vietnam’s environment still bears the scars of war – and signals a dark future for Gaza and Ukraine</a>&nbsp;&nbsp;<font color=""#6f6f6f"">The Conversation</font>",Environment
"Study on the evolution of ecological environment and irrigation behavior since mulched drip irrigation in Yanqi basin, Xinjiang - Nature <a href=""https://news.google.com/rss/articles/CBMiX0FVX3lxTFAtNC1haFBhVHE5UEk3NEVfVkIyZWNBb3FpV3Y2RXdkeHdvcW16TnhNbG5HU3hFMEs0eU5OZU5ETWgyS3JvSXRlX3J1STZGUFAzRVR2NlI5RHpMRV9qTzR3?oc=5"" target=""_blank"">Study on the evolution of ecological environment and irrigation behavior since mulched drip irrigation in Yanqi basin, Xinjiang</a>&nbsp;&nbsp;<font color=""#6f6f6f"">Nature</font>",Environment
"The UNEP Textile Initiative | UNEP - UN Environment Programme - UNEP - UN Environment Programme <a href=""https://news.google.com/rss/articles/CBMipAFBVV95cUxNSHJRN2s4cFEwUzA3NzZ2UGtNbmhVZWZrWVZQRWtmRFBsLW5XYjVXNFFsOWt5S0ZQRHhucEhLZGJ6bmdMSXlzcW9XRUVtd3YydE5LZUVDaG51LU9PT2JQVTBabnRNZUdBa2Z6MVIzSXVjQkwyMmNYSGIwVF83MmVEQlR5WlRNak5CelRCLTNSaGw5bkM3LTNva0MtQzFuRjhOcW02LQ?oc=5"" target=""_blank"">The UNEP Textile Initiative | UNEP - UN Environment Programme</a>&nbsp;&nbsp;<font color=""#6f6f6f"">UNEP - UN Environment Programme</font>",Environment
"Padma Shri M.C. Mehta Addresses Students And Faculty At RGNUL On Environmental Responsibility - Live Law <a href=""https://news.google.com/rss/articles/CBMixgFBVV95cUxQQXN0TzdGMFBmMGowaC1JcmpSeXdtXzJ4S3YxMlc1cWItN3lua1EzaDVtdXkxLXVyYmxBZ1JlckhpYW00eExEaGUyMGh2REw3aUVaQmU1X002OFk2ek1weUZXaUlZTjViajNGYlpGeTQ1WlZPVFpmLWNFN0U2dVlFRHJMS1NVcWRpc29xSW5lVmZ3czFqSG93bXhsMXEzeFdON0VWaTF6Rm15SkgzY3Z6TDBreVdITWZZOEhleWxJUlpVTzdidFHSAcsBQVVfeXFMTlZweXZzb2M0dFk3SFlpZTNHMEtmS1RKazRaWFdRWjBPcm1ha3JLVjl4UWFVLU9NUmhuS3BwYjZFRC1qdHZSalY1ZEdvajRGemNwNXNqMk5fYjVsQ08zMlpRVW5DcHdxZERBcTFMWm1mNkRNNXlRNWllTUFUNE9sbWRxMEpJd3VOLW5SWXVYVElTMGVQUXB3SXduaEdCV1ljaGtvYjl5U0xSLTBOamc3R1c4OFdxa3ZWT2lKWC1Xb3JCTWoydVB3NWtKMUk?oc=5"" target=""_blank"">Padma Shri M.C. Mehta Addresses Students And Faculty At RGNUL On Environmental Responsibility</a>&nbsp;&nbsp;<font color=""#6f6f6f"">Live Law</font>",Environment
"Sharing Environmental Intelligence - Indo-Pacific Defense FORUM <a href=""https://news.google.com/rss/articles/CBMiekFVX3lxTE40UC1od180T002WGhjWnM3NUdMYXFNS3Q4VDRFaFdQc0FJOThoQWlSVGlrMklQQkN5SjhDU2oxclhiM09zS05qcWkzQ2JPbjJJU2NqLUJjZWtNMGJ5MWV6dDNfcThLNmpFLVB3bWhLSEZJMkVBNU41N25B?oc=5"" target=""_blank"">Sharing Environmental Intelligence</a>&nbsp;&nbsp;<font color=""#6f6f6f"">Indo-Pacific Defense FORUM</font>",Environment
"Tyler Prize for Environmental Achievement 2026 ($250,000 prize) - Opportunity Desk <a href=""https://news.google.com/rss/articles/CBMijwFBVV95cUxORFVRM296bkFtS3h6eFYtdTZhYXVnd284cnVaT29rVnAybjJpNElLdVBpU0UydEFiTWRWWVNNRU85T2JJSnhwajFUNndhcXpQVmljYlczVW1PRW80M1dndmd6UzhPcDdueDJtWTFNZDI1VDlmb25jbWxmVDlOdHVWTG0tRGYzOVpScEdjUUVjWQ?oc=5"" target=""_blank"">Tyler Prize for Environmental Achievement 2026 ($250,000 prize)</a>&nbsp;&nbsp;<font color=""#6f6f6f"">Opportunity Desk</font>",Environment
"PRESIDENT OF INDIA INAUGURATES NATIONAL CONFERENCE ON ‘ENVIRONMENT – 2025’ - PIB <a href=""https://news.google.com/rss/articles/CBMia0FVX3lxTE1JQS1IaWhfMlhzWkM3NEpWcHJkRWVLQTZOUkswbl9yVjJNRWQxUG1zN05nYzFfZm4wUDhwTkNvbDJhWTVGUTZhZlN6di02Y3otc0J0SE1JbnUxZUF6WXRTOG9MRm8zU003LXZF?oc=5"" target=""_blank"">PRESIDENT OF INDIA INAUGURATES NATIONAL CONFERENCE ON ‘ENVIRONMENT – 2025’</a>&nbsp;&nbsp;<font color=""#6f6f6f"">PIB</font>",Environment
"Experts in Manipur strive to conserve environment - Eastern Mirror <a href=""https://news.google.com/rss/articles/CBMikAFBVV95cUxNSXdIbTkzUGs5RW5YVHJtd3RsS3NvTEswa3pRN0V5OHhYeUZMYlplNXRQLUt0WXc3dV9SZm9IcE4xQVF2N1E1WkdLazZtNEw3U3VEVHdlalNsMHBOaVRUUGxzNk94eHhfTkh2blliTS1sVlljeVNvWVB4VEw2R2MxQm1qZW8zb0ZzREZLdlBEd0c?oc=5"" target=""_blank"">Experts in Manipur strive to conserve environment</a>&nbsp;&nbsp;<font color=""#6f6f6f"">Eastern Mirror</font>",Environment
"Tourists increasingly conscious about impact on environment and local communities - Travel Tomorrow <a href=""https://news.google.com/rss/articles/CBMirgFBVV95cUxQSHRTRk9HSmhLZGpOTldiZTRRSUlEQVFrUkNuQmo1LVdhOWh1ZkpoSEJ0dWRuNG5ybzE4MjN2T3VKcjNDLVkxNjY5UjV0SWowTkhRZzNOaHRzWDBxM0pmdTRqb3NxR3cyTHlGdmlrQlYtVnZQUDlicE1qOU1pNjlpbnhsS0p3bmVrOC05ZHhzNzBLQ0huNGhFQVZVUlBXNmVJX2dFZV8xLXVTVkUxckE?oc=5"" target=""_blank"">Tourists increasingly conscious about impact on environment and local communities</a>&nbsp;&nbsp;<font color=""#6f6f6f"">Travel Tomorrow</font>",Environment
"Caring for Mother Earth - The Financial Express <a href=""https://news.google.com/rss/articles/CBMifkFVX3lxTFBYcmo0dXRRTWtRY214MElJZm1xNy1DT1ZhZ1FTcE9haGMxOTdKbnhMR2hsOW1fUEh2RFhadjBuZFhYSTZwUHFnWHZGcDRzSC1TeUwyc1p2RWNyemRrNk0taVdwNFVadkpHT0kwUkNyTFRDeHFOd2E3eWNJWWxkUQ?oc=5"" target=""_blank"">Caring for Mother Earth</a>&nbsp;&nbsp;<font color=""#6f6f6f"">The Financial Express</font>",Environment
"IPL 2025: PBKS spin bowling coach Sunil Joshi credits ’positive environment’ behind Prabhsimran Singhs consistency - Mint <a href=""https://news.google.com/rss/articles/CBMihwJBVV95cUxQdHBJMzNMM3IweUU0OUxhUGdwVW1vMWZHX282Wl82cEVjQ3BRX2J6ZXZkRHd0Vk9pd2RHUUk5TFRTWHJ5Q0ZRemU1RllITGVyeUN3SURNcHVibjhneC1lQXhxUU0zcWJhYUZseThSQWZpNzFUcUhKaWdxSmtUeEZhUEE2WGpZM2tTVUdCajdWZjdoVWVZQ2JRWHg4cHZjeFM5RG9NVWxGSFJHODRFVG9HSWgwOHIzbTVfcFJ2ejREOWNxVk0wdGVvVUJFOTZTWUJlNWFSWHFuRVp0cFd6SmN2bDVUS0JvQXhKajhpY0JxQVhyWXg2VG1CLVQzS2pjT0hDSUVzaVhJSdIBjAJBVV95cUxOT2FDV0UyLUo3R08tSHhtT1dxSFpXVUZiYnhGM0o1SUt1OTFjdFVzOG5uaHVWQ28tajM3cEZOZFgwblV1UkM1bzkzNUg1dDgya1ZKQ043djd3dmczRGFtRVZwVjdhNlIxTWhGVnFweFEwM1pMNU55ajYyZ24tV0dacW95WlAtX1FMWFdiYWMwc1NNY2VxTUxHQWdxYW9NcDJlSVpXeXVEUGFEU0VOQ1JjZUdmOTVzSkNfQ1h3dzlZRFJ2ejNZcWJoMkYwSjdRN3dKUmxvNHVNX2ozUjE3RHlwQWJ3RFdyX3JKdHBHV1dOZDJEOEVSbElkRTkzVWhsc3F0VWxPSTRFREkzQ2VT?oc=5"" target=""_blank"">IPL 2025: PBKS spin bowling coach Sunil Joshi credits ’positive environment’ behind Prabhsimran Singhs consistency</a>&nbsp;&nbsp;<font color=""#6f6f6f"">Mint</font>",Environment
"About the United Nations Environment Programme - UNEP - UN Environment Programme <a href=""https://news.google.com/rss/articles/CBMiUkFVX3lxTE02RG9IeFY4Rk1wTHFudVZQeXRuUE9leGY0cEI4dThnYUpfa29uRmxzLXBWbWVpeFB3UWRBd19PbEN0RzZJR21GUllOdEhXdVh2N1E?oc=5"" target=""_blank"">About the United Nations Environment Programme</a>&nbsp;&nbsp;<font color=""#6f6f6f"">UNEP - UN Environment Programme</font>",Environment
"Environment Ministry must roll back order on desulphurising coal plants: study - The Hindu <a href=""https://news.google.com/rss/articles/CBMipAJBVV95cUxQc3p3aFJCaXBLQzRyWjdsaks4ckxJWVFSenBHbFVVb2ppZ0dmNC1iRXRvRmZSQlVRTnRFMGZyZ0ZsZFYyNFZ5VndOV2dOU0J0MHo0Ymt0RTRjR3l3UEdXbWF3dTZxZ1ptMG95QW1wZHUzRkVDNDZQUm5rUVRYdUNTOVU4c01MNk16clczM1FJZUwtZ3ZNbm9HMzBnTGlTVDI4XzEyOFhQV1NaTmhKNkhpNDBXck5STklWT0VSbHN2YklhbkRFbW02azZlal9fdWduaVloV3M2OUd5Z0pYQUtZcEI5aExVdVg1Zlh3SXAtaUZSeVdUUlZIRlBtc0xwUkZFU1hObGd1bkU5MlpBNDZDZ0YwcTRrTTJYZl84UUNYZGhVODBJ0gGrAkFVX3lxTE41UHRjRF9hYkd2RWJqYnkwYTR4WmctMEx4bmhDdXJ1U3RVZUpnemFoYWJZOTExenhXN2lsMUwwc0U0dG9OWjhtU0xxUmx4Y29QY3ktcXBNMnlST1dlYzhicFpBTlozd3N6U1RyODNYU0MzU0oyVklhS0k2ZDJ1bXpEOUxmMkFaSzNldEt5enZPWnBCejdHR3paU1o4UXVkMnpiVkRkMF91V3gtRmc1THNXQ0ZVcWFRb1ZKaWJZZ2JiVkhrdkgtcjVkRmFCdWVDVFFUaWpNWjdtVmlBa0k3OWVfd2xreFl1OWpWRVM0Y280aloxSlFTSDFmdVhtenRad2VvWnNhQnlVOFBsNmZtYkJyUFliaVBRY2JHSmFmOFJpTW1McmFXQkJpLVhF?oc=5"" target=""_blank"">Environment Ministry must roll back order on desulphurising coal plants: study</a>&nbsp;&nbsp;<font color=""#6f6f6f"">The Hindu</font>",Environment
"Climate action - UNEP - UN Environment Programme <a href=""https://news.google.com/rss/articles/CBMiVEFVX3lxTE9MR2tKQW5vcGpPbEcyeTVmWENwYkFhSS1JSmpra0dVaG5SR2g1QlViMS0wMVlnamxYdkFyX1ROWnZFX0JBTER0a2ZDVTg2Qm5sX2VpYg?oc=5"" target=""_blank"">Climate action</a>&nbsp;&nbsp;<font color=""#6f6f6f"">UNEP - UN Environment Programme</font>",Environment
"Power, Environment Ministries ask CPCB to examine relevance of FGD in coal thermal plants - BusinessLine <a href=""https://news.google.com/rss/articles/CBMi5AFBVV95cUxNX29aM3c4dDhDU3phWXBVaHNNNlpJbEZja1d3MDBLNjE0ZG10VmpFcWlHd3FFN3FxeDlSbHI1d2tQLXNFOFAwbGpXQ0tNUkszQXVCZUxqSU95N3JWTm1vRzZ4NURBOVFJS3RqQmk4LU95Z0djUFpkQzZ6Mm01am50ZEFJaWJkV2hzTUJHQ1phYUE5cHJ5LThWYVBfTEFacGZiTEdXN1BxMGg3U0xoeExtY29zMFVZdmc5S0lYOU1uZzI0b2IzWDdIVEZSSHV3S2tlcmx2OVhPMDhYc0VlMVNDLWV5SU3SAesBQVVfeXFMTTZEckJDN0FvZkVOMTZqZEN4MXE3YkxIemVXNWkxVFFLSmp3WDdNX0ZENnlBdFVOZ0hWOVFsSDJNQ0FvVS1STlpacmR5V0J0QmdDbWRqYV9YQmxuREsyMFFlVlVtMnBqTlJLTl8xdjgwOUNaY1VyaWtheDJPNkdlVHVPZl9HLXdobmtvZzZMTTFKV19SQmNzTHVFU2lZQXM0ZmRlX190RTBFV2RnMjlFaEJjS0tSTGlGM0VhTEpOMm1ZYUowc3YzNkhJbVpLNjZXY0gxd3pNZmM5MWlaYVRvUWNYdm5neFBfdVo4RQ?oc=5"" target=""_blank"">Power, Environment Ministries ask CPCB to examine relevance of FGD in coal thermal plants</a>&nbsp;&nbsp;<font color=""#6f6f6f"">BusinessLine</font>",Environment
"Plastics and the Environment - Geneva Environment Network <a href=""https://news.google.com/rss/articles/CBMikgFBVV95cUxPbHQ4dEZzMU9vZXJQRlhKdE4yYmkzTVJXZEowQkNPV0l2TmxqQmZmYmRCZ2dpZE9rdUZpV3JrWTVwUUt3cE1uZmkzR0h4NTBaQWZVdnd3M3BoaU5wN1MweFRWd0FwX0gyQ1VlbkJLV1hzRWxBNTlVX1lxTEkycVJWSlkyWmRKUkxPUXktZkZONndFZw?oc=5"" target=""_blank"">Plastics and the Environment</a>&nbsp;&nbsp;<font color=""#6f6f6f"">Geneva Environment Network</font>",Environment
"Trinity Desktop Environment R14.1.4 Released with Support for Ubuntu 25.04 - 9to5Linux <a href=""https://news.google.com/rss/articles/CBMinAFBVV95cUxOVkpvd1drSEktT2xSM3dRc1ZhUVktNXMxSUtyS09FLVFLdXR0N09zcmk4SWtwbnZfZTVrUUNUdWxrTTJzZXRlN1dlNk9wV3VaaTFmczNZQ21aSi1IOTNtTHhodW91d2pkN0xQZUJscFJZSmQyclhxNUlPd2JTNko0TVpoLUtSZWJ5MDlEcGpTTDBVVERtRUVxLTVFVkXSAaIBQVVfeXFMTXFHZ1pLZExKRmx4X1ZGMWJQSHBQcGExdC1PcTdGUFcxb3lJdDNDdkF0aFZySkxNYndYZ0ZjS29nSWQ2WERIdzk1Q3lNUHBDRkhmazQ4dUhPUzRUMWc5QkpHdjRFY2V3TF8ta2RRMktlbjUwaFBhdjVKU1JFZWJRQUcwNGpNMF92cUpFNWFUMGxOVWRzbU5XT3QwZU5hb3FqR2Jn?oc=5"" target=""_blank"">Trinity Desktop Environment R14.1.4 Released with Support for Ubuntu 25.04</a>&nbsp;&nbsp;<font color=""#6f6f6f"">9to5Linux</font>",Environment
"Gender and the Environment - Geneva Environment Network <a href=""https://news.google.com/rss/articles/CBMijwFBVV95cUxPQ1M1eUVhdHVFaUFGc2t5SjNZZ0FYSHpIWDBkWTdic3RXcU12U0Fidm9KZllpdGp5R2N1ZTFycHhDNFFfUmhsUVluSFhOOFhWNmwzWFN4Q0o3S1BVMkdxdWp2OEE4VHdBMVpBNXJMdVNlYkN4dFJHOHhuaUpfdEZWUnhrRU5nSHk2UktnM3puUQ?oc=5"" target=""_blank"">Gender and the Environment</a>&nbsp;&nbsp;<font color=""#6f6f6f"">Geneva Environment Network</font>",Environment
"Utilizing aquatic environmental DNA to address global biodiversity targets - Nature <a href=""https://news.google.com/rss/articles/CBMiX0FVX3lxTFBkdlJhYVN5V0YtRXJXbFBYdUhnNW5lWUh1MVBpczZSRTJ4M2JMTy1KWEhjSzZkNHd0ekF5Vk9ua0Y2ZmpBTnJSci1kTHRJUnE4dkU2N0JzVmV3eUNEWmZB?oc=5"" target=""_blank"">Utilizing aquatic environmental DNA to address global biodiversity targets</a>&nbsp;&nbsp;<font color=""#6f6f6f"">Nature</font>",Environment
"Lawmakers draw government’s attention to create environment for teachers to return to schools - The Kathmandu Post <a href=""https://news.google.com/rss/articles/CBMi1gFBVV95cUxPVi1rSXlLODhGY1A3cldGVHJ3NjdPM1I3elcwTmhuMF9EbWFxdWh4RThzZWZPNVRuaERROWctVlRUQ0w1aWpubFBBWFhoZTlWSVZYbDg5c1dlWmk3WXdubmxNc2MyQV9qTDNNcW9XWVY0MFV2TEx5VXFWUEszT2tRT1Rrdl8wRjhMT19POEZTZ0lFelRmSEdmRVpkb2lKT282MlNCWUJvSmRyQU42c0hIMlZ0QzRVVWxJdVlVejJVQVA2cWk0eDlLQ2RNclpUSHNZVjZKdHNB?oc=5"" target=""_blank"">Lawmakers draw government’s attention to create environment for teachers to return to schools</a>&nbsp;&nbsp;<font color=""#6f6f6f"">The Kathmandu Post</font>",Environment
"How Taco Cabana balances cost, value in inflationary environment - fastcasual.com <a href=""https://news.google.com/rss/articles/CBMinAFBVV95cUxPa195ZjBOQ0VRVDdhZm8yX0tYVjltem9ZT3RXWVh3TXlXSnBfeXRRS09LTG10NGZHLTlra1JISVlKVHZsdl9uWlpUVFBsMjdzM3llNXF5WGxjVVUtR21WUG1JMmZ2Y0hVS2pzc2xnakpUMHA2VFdGZWtaWkVIX3U2STJHRHVkc3Itald1ZkU3YlUtWlBWbnVpbXYxcS0?oc=5"" target=""_blank"">How Taco Cabana balances cost, value in inflationary environment</a>&nbsp;&nbsp;<font color=""#6f6f6f"">fastcasual.com</font>",Environment
"State of Europe's environment - European Environment Agency <a href=""https://news.google.com/rss/articles/CBMiggFBVV95cUxNZGRCZzctekRCcDI3V1lXMlJwNy1COUF4eUUyaXdNeWZPUGwxVzltd0k1OFNQa0xMNTdSS0xkVTVralRXTlI2d3NhZlNSNXprdll2Nmhzb3ZsLTRMRU9OalEtczMxY0F2VmM3LWhXMURyQm0wQVhKcC0zQVlDam5RanNB?oc=5"" target=""_blank"">State of Europe's environment</a>&nbsp;&nbsp;<font color=""#6f6f6f"">European Environment Agency</font>",Environment
"Lecture Session on ""Urban Air Pollution"" on World Earth Day 2025 by Voice of Environment - NE India Broadcast - <a href=""https://news.google.com/rss/articles/CBMixgFBVV95cUxObTFETlZXeDZWUUJUNDhtUlR0SGhzY2xNbktNYlB4X3FDVk80NURfUG10SG85WE4xUVQwS1MxeDB3QUdScTFuQ05NNW5OamJhR1JwZzRqcFZjLVM5aFRnVlZTMmw4M0ktZ1Y2czdtNGVYVUJteFQ4SDNORWxzMTF4S2lKU0VaNm95Sk0xQnBxdTlINGllTWlXcUEtWV9ja1NtWjZ2NUdYSF8wTlA2YzN2dXdpV1gzS2duWTgxZmtvMnVMY01nSHc?oc=5"" target=""_blank"">Lecture Session on ""Urban Air Pollution"" on World Earth Day 2025 by Voice of Environment</a>&nbsp;&nbsp;<font color=""#6f6f6f"">NE India Broadcast -</font>",Environment
"Air pollution - European Environment Agency <a href=""https://news.google.com/rss/articles/CBMiakFVX3lxTFBLLXc1aVp0Y0dua0RtdkJHakJMRkxzejlxM3g0d3I3N2hReVhhUkhJc3h5eFpsd1pySXZKcy1veXVPVnhjbVRUTGZYeTZmZk02YjMwakZ6TWhnZnRSa2VnamE4alYyRTU0ZXc?oc=5"" target=""_blank"">Air pollution</a>&nbsp;&nbsp;<font color=""#6f6f6f"">European Environment Agency</font>",Environment
"Human Rights and the Environment - Geneva Environment Network <a href=""https://news.google.com/rss/articles/CBMilwFBVV95cUxQMExrMXZIX2tYWGFJX3hkZkxEOEQzTUJhTGVyX1VndDR4WXRWMWJ4WjU2b3Z2NUVvRFFmRjZybVNuUXBKRU5hcWUxZ2RLWTM5MnhNVUxBVHVXa3BUSzZoQ2xSN2UyZ3Znd3lOQVhXNVY3Y21RUWFBd0NFS1NzakRZMVJYYk9iUGV0SEZlV201M3NYN3ZpZlpF?oc=5"" target=""_blank"">Human Rights and the Environment</a>&nbsp;&nbsp;<font color=""#6f6f6f"">Geneva Environment Network</font>",Environment
"Environmental Sustainability in the Fashion Industry - Geneva Environment Network <a href=""https://news.google.com/rss/articles/CBMihgFBVV95cUxPcVZ4MVlHMzFucFluazF5ckx0enlzMTJTNDZ1UTRtYnA3cGszQTB4NHNtTEJUYlJ4WkFKTnFmZFl3UzhhbTV0bFJFWjdFZ1I3X3pwdXFwSkpYOWhrMzF4dklpeDNWY2lHMUR6RWxrMXhjZV9XNDVrV0Z4bk91T2tkdzFCSmo1dw?oc=5"" target=""_blank"">Environmental Sustainability in the Fashion Industry</a>&nbsp;&nbsp;<font color=""#6f6f6f"">Geneva Environment Network</font>",Environment
"Dy CM orders probe into environment violations in Seshachalam region - The Hans India <a href=""https://news.google.com/rss/articles/CBMixAFBVV95cUxNSlB5alNCRjZlXy03cUU0RUZ3ZEN3V2c4ZjhQbjhrMVU1bndLSXpVSXE2MHBpRjZOTHJRM3ZTV0tCZ0wtMWVuOU45U2dKcXVCQWdUV3N0N3pWODBSWGszTGFOOFllOE1ZWEhqNnMwc0YwNnAxQXBON3A1RVlYejRGNzkxdkJCVGU4YzlWTEUyS0JzeE9Db25pWEZYOXZ4dVViQzZfQ3hpYWV4T19WQV9MWDV0VXhMa2FqUWlEcEdFdlBYeHRi0gHKAUFVX3lxTE9WUU5sb1Z3NUhKVVZUQlV3SExTZUhXVHhIODZ6UGluSWJTaWdLWm5TMk1zQU5NdTNsT3VNZV9CNThrNkFOOVNYTUZQR2RWdG5iMlEtc3IwSGhxSEwyUTVCRDRhT2dQQ1BGUktKd3JiNG56ODZKZzItNGNRZkt5U3ZlaG4wcGFxeXl3YkliX21tS184WnRiR2JDQzhjWkxPTkVyLVUyaTRpbHYzbUFLZDBwVGFsQmNkSEdtZ2kwOUZHWjdjY0UyLUkwZlE?oc=5"" target=""_blank"">Dy CM orders probe into environment violations in Seshachalam region</a>&nbsp;&nbsp;<font color=""#6f6f6f"">The Hans India</font>",Environment
"Sustainable travel in Japan: Tips to minimize environmental impact - NewsBytes <a href=""https://news.google.com/rss/articles/CBMipAFBVV95cUxOV092WWx2b1E4ODNDYnFvZHRncFJmeUlTNjdZRnZKX2JWUlhUNDFfYXhpU2plLTR2YVFib0g5SmhHcWRaOVVpdUhrajc3UTZYNGR0WEFGWENpaHNUcmNNZFFVcE1KczZxS05TQjdIN0QzQnUwaWpHSF9RbVpVa3llWV9vM21FR195MHhvZFhvTk90UjhDUUpfYTBuWTZNWTFnWl83Uw?oc=5"" target=""_blank"">Sustainable travel in Japan: Tips to minimize environmental impact</a>&nbsp;&nbsp;<font color=""#6f6f6f"">NewsBytes</font>",Environment
"Fresh Water - UNEP - UN Environment Programme <a href=""https://news.google.com/rss/articles/CBMiUEFVX3lxTE9VZ0VndjlsWFpRRktwMkJpN2JxSjJUREdwR3pEcGEyUjNra25idWVLcHlCdGlHbzgwS0xsQUhXRDFSQ0RFRzc5NVg3MmxSLXRD?oc=5"" target=""_blank"">Fresh Water</a>&nbsp;&nbsp;<font color=""#6f6f6f"">UNEP - UN Environment Programme</font>",Environment
"100 Days of Anti-Environmental Mayhem - Legal Planet <a href=""https://news.google.com/rss/articles/CBMilAFBVV95cUxOQWRDc2hCMDZFdWVZQU1NM3hJM05HOV9QZnk1aldhSmFJeFQwWDNTNGpfMmg1Q3RFREd0RHBpeVozT2RPU1R2MDRrSXBxWjExbFFqdW5iRmJXMmJ3dTl6MDFJeWNiS3I2bUlzZ3BNN0VNWHVnQlJfOVFNY3pXeWJiWFEybTFhYVRMYU9pd0xLLVJCWnJ4?oc=5"" target=""_blank"">100 Days of Anti-Environmental Mayhem</a>&nbsp;&nbsp;<font color=""#6f6f6f"">Legal Planet</font>",Environment
"Environment under review - UNEP - UN Environment Programme <a href=""https://news.google.com/rss/articles/CBMiYkFVX3lxTE5MTVRpcjd2Q1RHSkwzemRRUFJhb0FuNzBmRy0zQzR2aXVoX1JtQmtMQ2JBcDBJSmpRczVPcC0zMUt1V0N1UnNRb0R5dnNyUTNXcEEwdkU2Zzhpd2xpQ2huRUpR?oc=5"" target=""_blank"">Environment under review</a>&nbsp;&nbsp;<font color=""#6f6f6f"">UNEP - UN Environment Programme</font>",Environment
"Threat actors are scanning your environment, even if you’re not - Help Net Security <a href=""https://news.google.com/rss/articles/CBMid0FVX3lxTE40c1hLWGFwNGNqVEZnNVAyTXkxMnZUTm5CZzlZbEM5OHQwZFVLeklpRElpYURIMnkxWHItZ0xOUUl2Z2piQlVya3c0V0hsVlE3OFIwcXRCNFhJRzluSzh1OHNQNTR3VGphSTZWMElBVHpzY3FqSWFZ?oc=5"" target=""_blank"">Threat actors are scanning your environment, even if you’re not</a>&nbsp;&nbsp;<font color=""#6f6f6f"">Help Net Security</font>",Environment
"New Coastal Legislation Seeks to Bolster Resilience Amid Growing Climate Threats - Environment+Energy Leader <a href=""https://news.google.com/rss/articles/CBMiygFBVV95cUxOdXNWc05udGozakJ5NVFFUHNOakdGVzdKY1pFZTdpNjhGRUtTN2ZaVUFMb1JjbEdyQkNfMERmSzZ0N1lwMjVFX0pIRmhrcHc5NVZhYWFBcXNrVW81Wmh0NndHT1prU3VNVW5rc2lxT1R0b1JKR3UteVB6T2JGUXlPeEZSNDhqQjROUVN6MFBWUWsxU040UkdPeGJqSGVKRjlramlCbVdmOTk2cUdlcF9sY182dHRYbFpHNkFZU0o5U3FwSklYd1FLa3Nn?oc=5"" target=""_blank"">New Coastal Legislation Seeks to Bolster Resilience Amid Growing Climate Threats</a>&nbsp;&nbsp;<font color=""#6f6f6f"">Environment+Energy Leader</font>",Environment
"Complexities of the global plastics supply chain revealed in a trade-linked material flow analysis - Nature <a href=""https://news.google.com/rss/articles/CBMiX0FVX3lxTE1xQTExRDUtRkxzeUJkNHR2ZDFVVjR1ZGw0ZEw3bDVGbldGZHV5NTFtNWZzOGVjUFZxMzJRd0stRE9WNFVrSW9NcDhINGhNUllIUlM4VXdobUxXMGVZUHB3?oc=5"" target=""_blank"">Complexities of the global plastics supply chain revealed in a trade-linked material flow analysis</a>&nbsp;&nbsp;<font color=""#6f6f6f"">Nature</font>",Environment
"Climate change mitigation: reducing emissions - European Environment Agency <a href=""https://news.google.com/rss/articles/CBMikwFBVV95cUxOUFdSeDN0M05TbDlHekNWTWFxYTVkcm5Lc0RacHVneVgyOHYtc1duUzYwRE1iVGxrYnpqQ3VKeHNnckh2d01acTh4dUc4REd6c0NJdVRXM0M4bGhpUlZ3Z1NRQjBEM3lwTF9WYW93QTJtMUw5Q0k1V0NSZDJBeFBMMldhRnh3N1FlYmY2VE5XQmRSaDg?oc=5"" target=""_blank"">Climate change mitigation: reducing emissions</a>&nbsp;&nbsp;<font color=""#6f6f6f"">European Environment Agency</font>",Environment
"MPs urge govt. to create environment for teachers to return to school - The Rising Nepal <a href=""https://news.google.com/rss/articles/CBMiUEFVX3lxTFBIQ0MxVFlqbjk5QWFoODk5ZHpjdXhuZkRrNl9PWm5nQzVsbFdCZDdKTmxrNGRCWkNJM0VRcWthWmZrZHNIaEc1dE51cjRBQzZ6?oc=5"" target=""_blank"">MPs urge govt. to create environment for teachers to return to school</a>&nbsp;&nbsp;<font color=""#6f6f6f"">The Rising Nepal</font>",Environment
"U.S. government agency sounds alarm on AI's toll on environment, humanity - Mashable <a href=""https://news.google.com/rss/articles/CBMigAFBVV95cUxOZGJXMTNqMG55Tm9yb0VSSGJKQnFnbWhteDFycnZFVG9CX3YyYU1ubG1NT09LVWluOXRCcFc0UHhjd3pjRGpUbTdLYnNlTTAxd2JCMFJ2U0hxc1p4TnBsOTMwTk1tcnJqN08zbUsyWFhDWFRQNGhZSDcwZUUzQnBZMw?oc=5"" target=""_blank"">U.S. government agency sounds alarm on AI's toll on environment, humanity</a>&nbsp;&nbsp;<font color=""#6f6f6f"">Mashable</font>",Environment
"Wildlife - The Guardian <a href=""https://news.google.com/rss/articles/CBMickFVX3lxTE41OHJCQkNXWU1KVl84anp2aG5UWUFkdDUwcXM1LXFqdU5pdEEtYi10RTNiWUtYTkxMY3BsNENGQm5nLWZDQ1Vsb2J6M01PbWpKRS00VEYzcUZpOEg5OHNUdWZLd0oteDdDcHd1NHF1Q3lmZw?oc=5"" target=""_blank"">Wildlife</a>&nbsp;&nbsp;<font color=""#6f6f6f"">The Guardian</font>",Environment
"The environmental world remembers Bergoglio: he will continue to “inspire new generations” - Materia Rinnovabile | Renewable Matter <a href=""https://news.google.com/rss/articles/CBMiggFBVV95cUxNSERsVHZyeVg4LWFsTmFkRkpCRU1OamMwSzZzQ0N1anpxbjdvX3lmN2NQYV91QVctQ01rT0pkSWM2bFE0VGRtdndHdzBvT0EtSVV6UHZZcTZnLWM0azNYMnZiLTFqbk9Dc1NWVnR4blFxNWxaei0tWW5tc01nQjFNdjF3?oc=5"" target=""_blank"">The environmental world remembers Bergoglio: he will continue to “inspire new generations”</a>&nbsp;&nbsp;<font color=""#6f6f6f"">Materia Rinnovabile | Renewable Matter</font>",Environment
"Laudato si’: Pope Francis on the environment - Vatican News <a href=""https://news.google.com/rss/articles/CBMipgFBVV95cUxOTlJ4WkVtcWJTV2lYS2pESThkOUZQdVFNX2drT3hhTnlOZnR3aHduOXUxcFQ3T3ZhNUw4VzBZaFVhWjZNRFVsVjB5Y05xQlA4ZjdxNnpwODlvOTNKMDRvaEhjOGhwOWxtYldYcFE1QWkxaVFpNERwamRUWmdmR00weHJHVTRWWVNDLU41YjV5MTFwU0FpZkx0ZEZjQTNfOE5KSXFUYXJn?oc=5"" target=""_blank"">Laudato si’: Pope Francis on the environment</a>&nbsp;&nbsp;<font color=""#6f6f6f"">Vatican News</font>",Environment
"India’s greenhouse gas emission intensity target sets stage for market-led decarbonisation, say experts - ET EnergyWorld <a href=""https://news.google.com/rss/articles/CBMi_wFBVV95cUxQWXBTT3NaanhOQmU3VWZFZUJfN2ZlU0liZm5CSmtXSVVaQXpqcXR3T1FFV29sVVBBOExyeVp1Q3l2R0FvbVc2UklHdzAxd0ZiWGRVcU1PVjkxaFlXb1lhY1Z1Wm1wRXZhTnEtRGFoci1NenU2OElMZk5SdFBINjR4SzRfTWpJUFB0VzNkNW92eU5GYVFoZ1FMdjQyYnJqM2hTTkJTaHBUbVZsOVFYc2RjSVYtdWpwX0xPZ2RxZ1ZZNXA4bnk5LW5ab0VqNHN1SU1yREtKWFFnU25xR0xGckFYQkpibXk2bEVtaktDbWpWNExZSnhwWWJfREoySFVzM03SAYQCQVVfeXFMUGttcXhGTGF0dTI0aElUakhEV0g2TVJPS3NnM2pmLVNnODMxbWNuTnhaT3dOLVd2YXBPNVdqQTBGaVdNemhjbVdLcDdyMUl4LTYzZXZ2VlJ6d0RQa0ppSFVqc2pMRXJnWVdaRXRLN0lLc1ZrSVBNc2I2ZExXNkdueURMOFM3azBWRXlaVWtqaHpPQUpNcVNCY2ZjRllDbWt3dXBwTkJ0TnV2ZU5rVkhhSnJTWk54ZExWcmNrQkVjcjU5NkY5d0hqTEFQZl9TbVdVNy1VTGRRMTFsQUJjNWg2MU5ONTJJeWdZaVJNdE91eHpjRWVHcDlBbElxZkZnUGpjaHJ3Q3c?oc=5"" target=""_blank"">India’s greenhouse gas emission intensity target sets stage for market-led decarbonisation, say experts</a>&nbsp;&nbsp;<font color=""#6f6f6f"">ET EnergyWorld</font>",Environment
"Environment ministry spent less than 1% of Rs 858 crore pollution control fund in 2024-25: ‘Shocked’ parliamentary panel calls for introspection - The Indian Express <a href=""https://news.google.com/rss/articles/CBMiuAFBVV95cUxQR3V5YzFGRl8xdjlqZkswQUJXSXNtUlJoRUh1dUZOZXN1OEtIbFE1d0JnM294LXk1bmU4dE9HdUYzOEk5cXNrUnlZdWM3Tm9Kc3ZFWVFTZXZKWXI3MkNLZnp6b2J0NGpHTWQxUTFhLThyM241V0Q4TjhJVFBBNnZCQnFTMEJhWjZwMFRfYlZONGRzN1N2SExvU0ZrRlpKM2EtMjV3MHZmYXJDMExGMkV4LXZHa3hLWWhK0gG_AUFVX3lxTE1yUzZKSk52V21Kb2thWDlmdktya0VwVlhkNjVyQkhRck1iMnZYVXNqdkx5eXJmajFUbkhwQktTaGhkV2lvdml2ZEpidGdSNlFXb1dnV1ZVeThCNnZ6VXlydjR6QmJiUWhJeEdhSzlvWWJHaFdJVjd5bTZhY0x1NkVoOVlkdFFFb25fNFQ1empVRTNaUUtwa00zejJhTTF3enpUY0RxTGo5NWQ1T3MyVGZVb3JpdW5qYnc1cEdYWFdJ?oc=5"" target=""_blank"">Environment ministry spent less than 1% of Rs 858 crore pollution control fund in 2024-25: ‘Shocked’ parliamentary panel calls for introspection</a>&nbsp;&nbsp;<font color=""#6f6f6f"">The Indian Express</font>",Environment
"Egypt committed to fostering investor-friendly business environment: FM - ZAWYA <a href=""https://news.google.com/rss/articles/CBMitwFBVV95cUxOZng5Q0xQY1pobE9HVDVvalNpMHdnUkJ6ZE14VFVGWDlUSjJpUWNIeV9TZjUwTk9odmgwY1VXTG1oLVZZQTFHcjVwOFpiQ0FoeGhlS0NxSXpRZzZ6NVRJVV84cVlQSVJfZ1c3TjJzdU1IMDNJUjY4X3dOLVg1YVJTQmV3cGV5YUlKbTVrcmFvYlFCa1d5RGZya0xFVnpYcUFwUlBndF9ENm1wNTd2OUg3b3VDYnpwWm8?oc=5"" target=""_blank"">Egypt committed to fostering investor-friendly business environment: FM</a>&nbsp;&nbsp;<font color=""#6f6f6f"">ZAWYA</font>",Environment
"Pet dogs have ‘extensive and multifarious’ impact on environment, new research finds - The Guardian <a href=""https://news.google.com/rss/articles/CBMizwFBVV95cUxOVlRaV0RkN3lveF81U29jUWRmTjVpQ0NTSXJib0NlRUk2eXFfdmk0eXN2SVBqX2pyTlZlUXRJeFNVc01GWXc5eFZ4ZTlBR19zcXVlVTBGVEw1YnZQSUN5d01SLUp5eXZ1Q3ZsUXRiYlU5M3NkbWF2S1A3ZExOTHRWTkM5T3IyakVsc3p6bVFrR3AzNjN6WXQ4em1BZVlpT1F3cUF0UnZGOFJQbFJBVVdOeHhHWVZGRlFDTkxOY3JRU1B6YUlscHRfenJZWTdNQ00?oc=5"" target=""_blank"">Pet dogs have ‘extensive and multifarious’ impact on environment, new research finds</a>&nbsp;&nbsp;<font color=""#6f6f6f"">The Guardian</font>",Environment
"JMU’s new sensory space features calming, reimagined environment - James Madison University <a href=""https://news.google.com/rss/articles/CBMiZkFVX3lxTE9CaXVheTM3VHI5UWhVa0Uxc19sVjhCR3hpYTg1ajR6NFVZR0t6X1pXS0hiTVUyQzhPNUFqNUxzbjQ3V1JkXzZuMXVnRFd0T1h3bDFwV3RjX19yRlBQZ2hpWmQzdG0zZw?oc=5"" target=""_blank"">JMU’s new sensory space features calming, reimagined environment</a>&nbsp;&nbsp;<font color=""#6f6f6f"">James Madison University</font>",Environment
"BBC has failed to foster an environment where employees feel comfortable about speaking up - Sky News <a href=""https://news.google.com/rss/articles/CBMixAFBVV95cUxQcVFnRnk3djJIMWlyNHNGY0lQU0hFSHV2cWgwVXBOZjh5NjZoZDlNczBBM0h5ZWFRQlYzMVRuaV9wa3UzVFJDc0hzbndOZUZTVzgtM0tUNDRkYTl5Z3Q1NXdfanhFUWl3M09XT0ktVF9YckVKbS10UGs4WHYtWldRSUhwTFBMeUdJZkViRmk1VnhyajAwUFdjLXJkR1ppSi1WOW5aVUJoS21FMEtxdWdtZGFFODN4NFRMY3c0SDBQaktkQXhp0gHKAUFVX3lxTFBLRlRjLUFFbndfUTVEb2dtR2RUT0ktLTBDa0NkUVhkZ3lNSkJaRFlfN1NLWGJHR2J0Uzh4dkZXU01hWllpWExkTl81dHpaZVVndjNmRzk2aWxsaW8zTFp6YW9EZl9GRTBYSHhFejBZYVp2TGxoMVBVZTZJVExWUktqOGljNXJadmlPTzVHZEthOW1BQ2NaMGxKTnFXY2Q4ZmVILTBtWkZJTnhOYVpLaUc0cFloYXlYVGVNd3NiZzdKVEpaWDdmMWxUREE?oc=5"" target=""_blank"">BBC has failed to foster an environment where employees feel comfortable about speaking up</a>&nbsp;&nbsp;<font color=""#6f6f6f"">Sky News</font>",Environment
"Global Environmental Data Strategy (GEDS) - UNEP - UN Environment Programme <a href=""https://news.google.com/rss/articles/CBMilgFBVV95cUxQZ3NMWDBXWE5xQnYzcUVpLVE0a1hSaTV0YkdiRWFpMUV0Q01FVVA0VTdJcEl1Q1pWM25NaGpiR3NoeGY1NXotZzdtLWdSbWYzampma3NBTlpTWXYwUjAxdFotRUl4R2R0elNhSkRKZlgyVEw2OFgzRjRPYkxZeWNZMk9PQ2ZZeDlHMklVVHZDdk5yOENrUFE?oc=5"" target=""_blank"">Global Environmental Data Strategy (GEDS)</a>&nbsp;&nbsp;<font color=""#6f6f6f"">UNEP - UN Environment Programme</font>",Environment
"Ocean, Seas and Coasts - UNEP - UN Environment Programme <a href=""https://news.google.com/rss/articles/CBMiXkFVX3lxTE1SRnVRTlZDSWRYV3NNcmVwdnRvcjdKTElCSmVleThIS19BNjhseGQ2bmk0LXZCYlpGTFM3Z1hPRVRPMkk4RWd0NEg1UC1FcWZ1c0dPMDZiY3ZrbGZlZnc?oc=5"" target=""_blank"">Ocean, Seas and Coasts</a>&nbsp;&nbsp;<font color=""#6f6f6f"">UNEP - UN Environment Programme</font>",Environment
"Roofin-Focused Environmental Management Systems - Trend Hunter <a href=""https://news.google.com/rss/articles/CBMic0FVX3lxTFA1LWxyMmROYkNodUFzU1ZZVFA1T0dlQnBZdHNiem0zVjFuSHpTYWhuWTRhTURway1KRGkxQ3VpVmFYdEg3MGxsdVZMV3B6TmJTcE1zRnBfOXNQWWJOcUtKTEZrdlMwUFVQN01zeTBuVEV3Q3fSAXpBVV95cUxQdGI1U2hycjhSVlhaUk56dER1UzJLcVhKcmVSaFVTZ1dDRTV1dlZLYlVaUlNkY09yN1p6NUVKR1ZIa09wVWttVmF3dlVQcU5pVDhZLWxJWG5oUHpMemltNFRyZTY3US1jLW8xOXlZTm05SXJSV0dHcGxJUQ?oc=5"" target=""_blank"">Roofin-Focused Environmental Management Systems</a>&nbsp;&nbsp;<font color=""#6f6f6f"">Trend Hunter</font>",Environment
"Reworld Celebrates Earth Month with Community Impact Environmental Initiatives - Waste 360 <a href=""https://news.google.com/rss/articles/CBMivgFBVV95cUxQTjhRTUN0Z3Z0RFRObm1RMHJDT3JwdUlIckRodmFzdlJiRVdKb1lJd2RsUmljTkRVT1FQRkNzN2lxVnY5c0tNbmg5Tnk0NF95T21aOU9uLVdyOERIU3JyRVRzUXM1WkNLLWF3bWFFa0ZRTlBWMlk0b3h0bThnTnA0eXI1UFFJejJXNnk2OXlkQkhmWVNrSGxiRjhpRkVyOUFUU1pGc0ZUMTN3ZlJVNzFxYUlTRTl0ZC1GNC1ZbEF3?oc=5"" target=""_blank"">Reworld Celebrates Earth Month with Community Impact Environmental Initiatives</a>&nbsp;&nbsp;<font color=""#6f6f6f"">Waste 360</font>",Environment
"Mercury - UNEP - UN Environment Programme <a href=""https://news.google.com/rss/articles/CBMieEFVX3lxTE1RUHoyNElUNGtGdFRwMzgtaFo1Z3FkOElQNjNoclJ6YUYtckVscUJGNUpMNWhIRUJid3hzUnFQM20xa21xOG1JMGVIZ3RUYnc0MnVyMnVCSjE2RVd5dXJjNlJmWlJxX2lPVV9xTGVIZlNOZl82TV95OQ?oc=5"" target=""_blank"">Mercury</a>&nbsp;&nbsp;<font color=""#6f6f6f"">UNEP - UN Environment Programme</font>",Environment
"5 takeaways from the Society of Environmental Journalists conference at ASU - ASU News <a href=""https://news.google.com/rss/articles/CBMiuAFBVV95cUxQQ09hS01GSm9hZXZNQ2lKbUJfSDdkY0thT1dtdGpLZE5jN0xKZEltUElyOS1EUjA4MEhPdGVMSy16amhzQkZUSGFON29HbWJFUHhORFNxV2lPR1doYTlNUzBYOG5JaFhVVVh2bWN4NmI5S2hBMXBkdnI4SWpVcGxtYUl3a1pOQkRuTElWX1JIUlRKa3RITDdwd0czS2tTNkljajFDVC0zMl9YR3pFWVpjazNMZV9iVTYy?oc=5"" target=""_blank"">5 takeaways from the Society of Environmental Journalists conference at ASU</a>&nbsp;&nbsp;<font color=""#6f6f6f"">ASU News</font>",Environment
"Lurking invasives, a big dig and a little irony: Save the dates for these upcoming NotMISpecies webinars - State of Michigan (.gov) <a href=""https://news.google.com/rss/articles/CBMijwFBVV95cUxNdEt4LTgyanBaMlJ5eGJkbzlNSVVGRkdmc2VrVjc5aVZSa3poNUVpNjN6MTZ3Ukd2RDMwd3FHMjFZa3Y2eDhmX1NtcWxaTGhYVTF5V3FlQjBOUnE1RDJwQ3U4b0FrbTQydzB1bHFUWTM5Z2NoWXhjZk9RVjNXQzFPNlhLWGk5NldzdW84QnZxUQ?oc=5"" target=""_blank"">Lurking invasives, a big dig and a little irony: Save the dates for these upcoming NotMISpecies webinars</a>&nbsp;&nbsp;<font color=""#6f6f6f"">State of Michigan (.gov)</font>",Environment
"Senators to process more energy, environment nominees - E&E News by POLITICO <a href=""https://news.google.com/rss/articles/CBMijgFBVV95cUxOS3RybUEzdXR4TllKdjlLUEtvTXlnd3lxTFV4ZWJhMDRPb2FZUVIwLUlzTktCOVFaMDNMNGpyLUV4aHc4QkV5SFA3Mm5vdnVWTm9sQUlYTVFVWnUwVzhSelYyMElGbE1Lc1J6UW1zZWZnLXhkbjRQX0U2LVBhMFg3VnRMenpzSG9zdGM1RWZn?oc=5"" target=""_blank"">Senators to process more energy, environment nominees</a>&nbsp;&nbsp;<font color=""#6f6f6f"">E&E News by POLITICO</font>",Environment
"ESA - ESA Space Environment Report 2025 - European Space Agency <a href=""https://news.google.com/rss/articles/CBMihgFBVV95cUxOYnNmTVhTZ0NXTmFnMWN0SHRsNnkxZkVFdDlIaDIyYi1pNkk1R0RXS29FaWNBTVczRkx3NlZOeWptRXM0QzZTaGlGVFhCc3hFV3o5UlFQUk9rREpEZFR0Wmk3VnMzNnNycGYzN2J1SmNLYTVHOTZpV3p5M3hLcDJuQ2x4Um1Cdw?oc=5"" target=""_blank"">ESA - ESA Space Environment Report 2025</a>&nbsp;&nbsp;<font color=""#6f6f6f"">European Space Agency</font>",Environment
"Global Status Report for Buildings and Construction 2024/2025 - UNEP - UN Environment Programme <a href=""https://news.google.com/rss/articles/CBMimgFBVV95cUxQLTFZNTVNdlJXMnZZZktwSDZvZG5RaWtqc0hmWjMyU0lZNURzakV1OWNnNm1GcDJvdmlCenRLams4OXFIbzZpa3JsRFR3ZmF2TW1SMVR6LTdYV05sdzZHamdlSmtYT0FRVmFpbDZ0TVlJdjRmRDdtQVk2eHFHbVQ1eG1qTXNrQzZfZFEwODhKQTR2cktSZXdkN2l3?oc=5"" target=""_blank"">Global Status Report for Buildings and Construction 2024/2025</a>&nbsp;&nbsp;<font color=""#6f6f6f"">UNEP - UN Environment Programme</font>",Environment
"Food Systems and the Environment - Geneva Environment Network <a href=""https://news.google.com/rss/articles/CBMilwFBVV95cUxQSl9vSHNrMHF3aFdUQ0V1dU1YUHVac0NBOWtYUmxsT2VkcXhZRk5OWjNUM0F4MjczVUZXcDM4QkJFcDh3QjN1U3paUHctd0NwaHBOOWJBcUx6TlJ6bW5KRzlJUlBoZDl1QzJJaHRWckFNeDNFbUhiVHM3LWtrNnhtejlpb1RUTTF0aDdBalFjam5KT2d4Uk9r?oc=5"" target=""_blank"">Food Systems and the Environment</a>&nbsp;&nbsp;<font color=""#6f6f6f"">Geneva Environment Network</font>",Environment
"Opinion: India’s environment must be central to its vision of growth - Dialogue Earth <a href=""https://news.google.com/rss/articles/CBMiwgFBVV95cUxNeDlEUTFwQ18xc1Q0TGczcEZiTFJLdlJOYXFJbnNIVXN3aXdqazF5OTZzYWZEbVo2eWt3bWRsQUNCWW1pYm9hWG1hUFU4WUt5RmZMazBiZFBYR1NNRDQwdGNQb1lmRUlpaFBPa3pscEZKUS1OWUJqQmlZZmF3a0x6cWVrbkxMZ0VJT2pFNHdmbmYybEJ0bDdEaTJ3VG8wUWduRFhRVW9US2JfNGE2eUkxUURndWNIdUl6ZFZudEJEakNyUQ?oc=5"" target=""_blank"">Opinion: India’s environment must be central to its vision of growth</a>&nbsp;&nbsp;<font color=""#6f6f6f"">Dialogue Earth</font>",Environment
"MPs urge govt to create environment for teachers’ return to schools - Khabarhub <a href=""https://news.google.com/rss/articles/CBMiWEFVX3lxTE16N3Mza3dJb0lfaWlLUXc5dDRrX09GWEFXTXBXMUZ6TWNyX2ctb243dFdqQ1l6cjZoNmFLWFBtR2lqT1hqUXdBNjNwWGtjbVEwdU8xYTFwaXE?oc=5"" target=""_blank"">MPs urge govt to create environment for teachers’ return to schools</a>&nbsp;&nbsp;<font color=""#6f6f6f"">Khabarhub</font>",Environment
"The Future of Forever Chemicals: Cleanup project provides insights into puzzling complexities - The Environment Journal <a href=""https://news.google.com/rss/articles/CBMiwAFBVV95cUxQRGptR0g2ZHZ1X29MWFFBX28ycHN3X2Y3OVpVMi1CSXp5VkdrTW5PQ3BjUEgwNTNFUnNqNzJyYUx6Y1dlLTN0YmhmWkJoTGs5T3hjRXZ4UXIwajVFM2RhaEltU2pEODJSbEJEYllMdXlEOFFNckZYWjZSWnhOeEllS2lNU1hfVG1TT3ZCNUR6d0dBZHpSdTVhbTJMMkxWU1pDeDY0ZWxyWkJWSGVLQWU5dW51LWRYd1kxWkNZSFpQQkk?oc=5"" target=""_blank"">The Future of Forever Chemicals: Cleanup project provides insights into puzzling complexities</a>&nbsp;&nbsp;<font color=""#6f6f6f"">The Environment Journal</font>",Environment
"Climate and environment updates: Climate change now primary driver of biodiversity loss in US - ABC News <a href=""https://news.google.com/rss/articles/CBMilgFBVV95cUxQbEIxYVB3ODBYUnNLZm03NG1Lc19rM2RuNHdWV3VLQjc1QldIaGRFTVl3dGxmd0VPRG5uYlBMSFVtZTJOSTlQcFByVWZpV1dteU9ZVm9GQ0ZjclNLcV9oZDVsZnM3SmY0Zi1RZ1RwYUJINTVKT1R5dWpReWtkd0p4YllBbEVONmt6cWJkU0k5MmN3aWFRZ3fSAZsBQVVfeXFMUERNSU05cXNkTGMzOEZ4MG9KeXdZckdCdEhjbEZUTTlQTXpzQ1NxOEFZVkhKLTFiLVdSQVJRSmhfbENYLUZnLV94M0hkYWZZZExiT3ZabFdzc0pFVS1KbHRQbmZlZlVyTTVzTnFORDc2VjdwSFI5VlF0QnJsWjl1dkpxOFgzeW1HVTlsQV9tZU5pRVYzcVZnSkVsZzQ?oc=5"" target=""_blank"">Climate and environment updates: Climate change now primary driver of biodiversity loss in US</a>&nbsp;&nbsp;<font color=""#6f6f6f"">ABC News</font>",Environment
"‘Discrete acts’ can lead to hostile work environment, California court holds - HR Dive <a href=""https://news.google.com/rss/articles/CBMimAFBVV95cUxNeDZrdDBUTmpWZUUxYllIVll4ZGpUXzhISDM5RzNnRUE3SnVic0hwTEFKTGN4Qi1NcVA1dlhjbTdzNGVBdGswT0JZdTJ4WjJpWmZjTm0xV21zOFFjaTNVTkpJZjRicmJwaGpiUUtCZTA1OTJnSHJFZl9TS0hkb3FpanphbkFKN1RTV1FlcGhJaUF2RDBjTjdGbQ?oc=5"" target=""_blank"">‘Discrete acts’ can lead to hostile work environment, California court holds</a>&nbsp;&nbsp;<font color=""#6f6f6f"">HR Dive</font>",Environment
"New India emerging as a global leader in environmental stewardship: UP - The Statesman <a href=""https://news.google.com/rss/articles/CBMivAFBVV95cUxQMVREZHNJX2RyekRmVmRFS3VOUWRhcHBSWDFET05ySjBPSTVkMS1Pc0Z6Q0tqbzNhaHR3ZDMyUWZZczdMbjNMbmNQZUU0X3haaTlPTUpBVUE0cUJTUFFVbUw5OHg5Z2s5N1pHbWViTnVGV3p3Zk9MVW9NODFGYml0eEZ2SkV4RWdTX0tXYVFBenpMMGU4eXhvVzVsbWhCUnpTSUZhWk13M19ySmZQVkQ5dzQ4ek9QMl9HVGVvQ9IBwgFBVV95cUxNYTdCbjRJaHNhRGExaFBNZTZhb0JPb2t0Qk9zTU1fQzgxNDZrOUNSdXdKUnE4UTJJclozSnpibUlMY25YTDdiZEVUNEwwVk5SNlRUTW5XYXNkWC1HdHhmVHpYV0kwN2s0SlhqU3ZFNFRZWXdMTHVSaS1OLS0wVFoyNWp5WURoc3dvcXJ2Qnk3bGVOWWJpaG03RU9aTDRhdmVWelZPYjJfV190QU8xYzFWdkJicXNyendMNllRYXNGSTFIdw?oc=5"" target=""_blank"">New India emerging as a global leader in environmental stewardship: UP</a>&nbsp;&nbsp;<font color=""#6f6f6f"">The Statesman</font>",Environment
"Environmental law and governance - UNEP - UN Environment Programme <a href=""https://news.google.com/rss/articles/CBMibEFVX3lxTE9ybGRhb3pCMXkwQzFXNFFiS2RDU2VSLXhKejB5SU9oWDRQd0lLbE1aUzBCaDlEWlNxRS1wNGVGbGhocVFpZ0VDajVaN2pGU2lidHU2YXhkbTVDbnkyUWlYVDdQUzZtREhpeGhUMQ?oc=5"" target=""_blank"">Environmental law and governance</a>&nbsp;&nbsp;<font color=""#6f6f6f"">UNEP - UN Environment Programme</font>",Environment
"Human Health & Environmental Impacts of the Electric Power Sector - U.S. Environmental Protection Agency (.gov) <a href=""https://news.google.com/rss/articles/CBMikwFBVV95cUxPam9paEZJZHBMaVp5Rk5QdmtyN0ZxOEh5ejF2ZEpEV1VaMnpYT2hTT28yUkVrR2NMNG9sOFlNQ2JvdUkyR0k1YkpfcHFKWUw4VEFOMFEyelJzeWpzMDdhQzFFTXFIV3hTR3BIZ0VERWVUeE8wMnhvb2dWVmFpdEYzV2Z4M3RQQlE3OUZFWlZkYmxTbnc?oc=5"" target=""_blank"">Human Health & Environmental Impacts of the Electric Power Sector</a>&nbsp;&nbsp;<font color=""#6f6f6f"">U.S. Environmental Protection Agency (.gov)</font>",Environment
"Emissions Gap Report 2024 - UNEP - UN Environment Programme <a href=""https://news.google.com/rss/articles/CBMiZ0FVX3lxTE5zMW5aWGVaLXpXdVNHVzBmQmR0T2RxZ0lLMi1rV0lITjVJY1JCMlRpRnh0NEt6eDZnVWQ4cjZXYlJCQTQxckVzRnNuWUZ3TGlSUmlESUlTSndTbWdtcUVId0d4SEZsSmc?oc=5"" target=""_blank"">Emissions Gap Report 2024</a>&nbsp;&nbsp;<font color=""#6f6f6f"">UNEP - UN Environment Programme</font>",Environment
"AI has an environmental problem. Here’s what the world can do about that. - UNEP - UN Environment Programme <a href=""https://news.google.com/rss/articles/CBMipAFBVV95cUxNekZGMXl6Z3B4aUM0T0M3aWFUZXJEMVBSSV8yamUxX2tycjdLOWpoRXhqOUtCb3pFSl9hc1dfSTdTTzVuZHY3dEFiNzhrV3RReFQ2TTR6TnJxbzVSck1LZDQ4U2Z5ZkNQM2JxQXJBVEpTNExZc0VPeDZwejB4OV9INnlYUGZYUVZCOFFLc0lvYXpZeHQ3NnlNMGtTZnRqUTByQXY0eA?oc=5"" target=""_blank"">AI has an environmental problem. Here’s what the world can do about that.</a>&nbsp;&nbsp;<font color=""#6f6f6f"">UNEP - UN Environment Programme</font>",Environment
"The Growing Environmental Risks of E-Waste - Geneva Environment Network <a href=""https://news.google.com/rss/articles/CBMipAFBVV95cUxPWG93T1JXTVplb3JET1ZRMTFYR29LWU5oUGxpd1ptSi1KQTZ1TWtvVXBjZm5qTjVBTzhzSzhTQnVna1JGT1hpWUdtT0NyNHd1cnBzV3RRV3dZaUZ3LThHM0wxNHBkVGhnX25Pb21ZU0oxTGtYYWowUTBMVE53bHA3WXdGeXVJUE9pcXRhQ1FXcEduTk5UVFlsWUFSaVdGYUEwRUl6Vw?oc=5"" target=""_blank"">The Growing Environmental Risks of E-Waste</a>&nbsp;&nbsp;<font color=""#6f6f6f"">Geneva Environment Network</font>",Environment
"FCC Environment takes compliance control with AssetGo - FleetPoint <a href=""https://news.google.com/rss/articles/CBMiogFBVV95cUxNWDlCXzJMRGNfcld0QmZQMVVLYnpDZDZTX3BRdFZReUFieGliODdxUnFYSVpXX2ZkNGdXYml4cUJyQnRlSEI3RW80NE1Ea0MzeTZvZTlZY3g2ZW0tWUJKcExrWlJtd3BvSmFaQjRtdk5WM01RZ2JucElQQ3pqTTBLSzdlTHFqWXM2cVBMN3NwQ1hmQzl6ZkxIZDBjOGhVaEpkdFE?oc=5"" target=""_blank"">FCC Environment takes compliance control with AssetGo</a>&nbsp;&nbsp;<font color=""#6f6f6f"">FleetPoint</font>",Environment
"Weather tracker: thunderstorms lash Italy in aftermath of Storm Hans | Environment - The Guardian <a href=""https://news.google.com/rss/articles/CBMiqwFBVV95cUxOQk9IVlJFZGlFU2RMMXNnRnpZM29OQnlfQ3FpN0RTbkppTzNhTWhlN21PZUdKRWwwMDRxbkJSa1gwSUNhNVJsR0NmN1Z5V2hFalJfeC1pZC1IRHBCLS1wcDlCVVRaNE5Db2NKYmw1d1I3LTdmanlzVlhocDZQYUNiNzNoR05IRjJPMk1HcDNyOTJoMUdTbWJneDlXRlZxSkt0RjZXU3NnZ2UzcEk?oc=5"" target=""_blank"">Weather tracker: thunderstorms lash Italy in aftermath of Storm Hans | Environment</a>&nbsp;&nbsp;<font color=""#6f6f6f"">The Guardian</font>",Environment
"Lebanon Pavilion at Venice Biennale highlights environmental damage of Israeli invasion - thenationalnews.com <a href=""https://news.google.com/rss/articles/CBMiwwFBVV95cUxObDM1dmNfaFBNcWFYb1lQU21WeUFvd3dmRGtjeFV4Vkx1bWZUUEdzRUdxX3AyRG0yM0JoTzhnNkR4UVRUY1huUFFkMTVHeVFSbUt5NzUwemxTdjJjQUZva0V2bEZRRnU0bTBwcFJiZ2t0Vmt1b0RpeTlQUXZZZS1SMEVVaGZMV2NWYkQ4b2FxNkQ2alhHcTh5ekxDaVNvRUxYX2NRel84dWd2SmVMaVlfZ3RnMk9CTWpNZExPNmFieUFTM1E?oc=5"" target=""_blank"">Lebanon Pavilion at Venice Biennale highlights environmental damage of Israeli invasion</a>&nbsp;&nbsp;<font color=""#6f6f6f"">thenationalnews.com</font>",Environment
"‘Life Music’ album channels Indonesia’s natural sounds for conservation - The Jakarta Post <a href=""https://news.google.com/rss/articles/CBMiwAFBVV95cUxOYWpsYTZNS3lHcWc3S1A1TERVWTJZSlBWR0E3aFI3TUZXWXhTUURDRWl3dUpPWFVOT2JreW5keVZuZGhQSUc1eGdFS1hyVFQ3d2dUOW1ESU93dFRFXzVuWXBPcTZTcXY0VXVxcUpwcW1EMV9sVE5IeG92MU1DR3Nlb19zbFdTampTcUJlMy16ZzFja2pFODltX2tBQk5vb0xfQzBpR0hQaFJUdEdaam1udEdTbHl5N1l2STZ4dlUyRkg?oc=5"" target=""_blank"">‘Life Music’ album channels Indonesia’s natural sounds for conservation</a>&nbsp;&nbsp;<font color=""#6f6f6f"">The Jakarta Post</font>",Environment
"Paris Agreement, environmental justice and climate politics of the US - Prothom Alo English <a href=""https://news.google.com/rss/articles/CBMiV0FVX3lxTE13OHJtNG1rby1mMHlxSk1VSXNYV2ItTERiOEtjX3RUbW13M0hFa3VQdmFsR2hMUkh6UG9QV0R2TzkzV1VaQ2g5dXpFSHotNHF5TGxOZnhnb9IBZEFVX3lxTE9MRzV5ZGJvUlZBMmZrTnN3TUtKSUlCNHJuQlB1WFJGRV9aaGJMaWw3V0Y0YUlQQmhFQXFHYmEyTnJoYk52SnM1d0VXM0JMY2huR1VXamNaOG1GczNMQ2hOb1BmMGU?oc=5"" target=""_blank"">Paris Agreement, environmental justice and climate politics of the US</a>&nbsp;&nbsp;<font color=""#6f6f6f"">Prothom Alo English</font>",Environment
"Environmental health impacts - European Environment Agency <a href=""https://news.google.com/rss/articles/CBMifkFVX3lxTE1henIxYmJkYTJFRXQyTmdMS1pwRHl5bGNUSGxhNUlIbmFQbjhOekpINjJwYjhfSTFWR0kwZFZnMFZRUUZVSVpNQ0hqaEREcmQ5THhMNVVvcDYyUkZrel9TNmlLejZVRHFfM0VKdWFZOEVPZVJ0dlBsREdCWE1iZw?oc=5"" target=""_blank"">Environmental health impacts</a>&nbsp;&nbsp;<font color=""#6f6f6f"">European Environment Agency</font>",Environment
"GARVIE: Commend the University’s continuous care for the environment - The Cavalier Daily <a href=""https://news.google.com/rss/articles/CBMisgFBVV95cUxNV0M4Qk5JempSU2FySWtZWjVzdkd4UGdIdS0zbHRtdWhOb0RoamxGX3NkOEJjNy1pa09XdU1wYk14MEV2Nl9VcVBIYkJ3eVVnWjh6d3Q0MFVpNHU3UTFJYkZwSWlyYUctRzdfY0hVQ2NWUlFUaEFGNHNtZXZuUTN2QXJ5aDE1X2RMOFZwa0QwLW83SmxGdkNKRkJWcFR0d1RMaE1MNk1aYXFuQjg4YkhZQWdB?oc=5"" target=""_blank"">GARVIE: Commend the University’s continuous care for the environment</a>&nbsp;&nbsp;<font color=""#6f6f6f"">The Cavalier Daily</font>",Environment
"Schools In Navi Mumbai Lead Way In Environmental Awareness Through Recycling - Free Press Journal <a href=""https://news.google.com/rss/articles/CBMitgFBVV95cUxOWEZxamdZeGhUMFIxRjdfN0ptY2JINmQ2ZzRZbjUtTXlFTUhZT2RrODhKXy1Db253eXdDU21USFljR2tFVmktejhWalhKUjV3aTBETU5VMjJ5NTVRU1lyUXRjNi1KTUhHd3NhMXVXYXl2RS13X1I2VHZtRnF5dFFZTWtLSGZvcFdUenFMVGMwYXBrdk1OdmhHVUR4YzR5R0xVaXZrblJiSDRWYXFCeV9Yc3Y5ZktJQdIBuwFBVV95cUxPdHhQTFRORzlONmRBV0hGV0hkTmRZZTU1Ymhycm8td1Fpb0JpU1FldzJpUzBLTzJwUnIxMVRQYXk5VkxLMUVlZXg5V2xyekN0blJVTnl6ZkpJM0RIWm5CSGVCdFpWaHhQNC0weHBjQzl2Zm5qeUJpWVYteFA2ZXVZMkdUcHVYbm5OdG9ua2V6Nk04OUNoNkE3bXZpZ19jYWNGSElCeG9RbGFMUjllYTQwV3ZMMS1BSExiNHNj?oc=5"" target=""_blank"">Schools In Navi Mumbai Lead Way In Environmental Awareness Through Recycling</a>&nbsp;&nbsp;<font color=""#6f6f6f"">Free Press Journal</font>",Environment
"GOAL 12: Sustainable consumption and production - UNEP - UN Environment Programme <a href=""https://news.google.com/rss/articles/CBMisAFBVV95cUxQMmlIMGhnWXJLcXJBMHRBTTl1TFBCRW4wck9NemQ0VV9UWkNGZ3k3LUE5Y2tWdFpodmxzSVhGSTZrU0Uxb09jb191Wk9YcndDMmU1Y3FsMjBRVndxWEh4RXp2RjlBZVAtYVNwV2xQakZQOGpIREdfQ1YwS1hTNjVGS2trMEViUGlCUW5YN3F1TmpkUVA1dHIyM3piQzFNTk00SXhqalJTaVhDb0xyOFJ0ag?oc=5"" target=""_blank"">GOAL 12: Sustainable consumption and production</a>&nbsp;&nbsp;<font color=""#6f6f6f"">UNEP - UN Environment Programme</font>",Environment
"The Problem | US EPA - U.S. Environmental Protection Agency (.gov) <a href=""https://news.google.com/rss/articles/CBMiaEFVX3lxTFBrNDZiUDZjel9lbjg0VldvZy0wQWJDMDNwWGxyU3hMcjhUT1VQam15OWx2cEZfR2h3djZMdG95aEN2dUlMS0VPa0hvSUtTajhpZlJpYVVYUkhGbzRyZmZTX2tOM0ZCT0dY?oc=5"" target=""_blank"">The Problem | US EPA</a>&nbsp;&nbsp;<font color=""#6f6f6f"">U.S. Environmental Protection Agency (.gov)</font>",Environment
"Cities, the Environment and the Role of Geneva - Geneva Environment Network <a href=""https://news.google.com/rss/articles/CBMijwFBVV95cUxPNW16anhMZ2hjS29DejVuNC1zN3NOUUJ6aE9jRzBvQVBBTnpMcjZBRWNHU0dKRTlzVm1sMWVlc0hYeXVqTEcyVFNmN1pTV1RlVzBLWlJNTDVYcnB4RlVBWFZNdllOa0pjN1NwTlZkaEhYLWdUcnhLMzJaemRyZ3VuZlJjaDgza2tHaUVDNXBQcw?oc=5"" target=""_blank"">Cities, the Environment and the Role of Geneva</a>&nbsp;&nbsp;<font color=""#6f6f6f"">Geneva Environment Network</font>",Environment
"Safeguard Policy Statement (2009) - Asian Development Bank <a href=""https://news.google.com/rss/articles/CBMilgFBVV95cUxPNXZEUUlHUUIwMzYyTjFfelJuazlidWFsaGs5M0VUYUdtaXBhSXBJV0dDczJQY1BuWDVzY0JnUVRFSlU5a2NyQmN4eEI5cXFPeXdXQTNUUXlfVExrOFFrQUJSX1U0cDRobVRZc3pLSlhUa01rVWtWdG5pZTFJSjJDQXVha3ZxaVBrcUd0dWluUEZ1TXJuT0E?oc=5"" target=""_blank"">Safeguard Policy Statement (2009)</a>&nbsp;&nbsp;<font color=""#6f6f6f"">Asian Development Bank</font>",Environment
"Only 20% of grocery buyers routinely consider environmental impacts when shopping - Equities.com <a href=""https://news.google.com/rss/articles/CBMiwAFBVV95cUxNdnJVTldObmYxX3MxZkhEenVPcHNpMVhwaVY3YUN1U25PdXpvS0ptNmxGUzJCQU80UHlYSmg4M2dXN3kySkh0Sy1MOEZLT0NudF9lZVFNSXZGb1lNYi1FOThOb2xBT2g1YmlhUkhiX2tyTHJzRnNSUnBObllzM09Sd0lmTFp3eFlvLUh1NWtuVHowLUJxeXd4RVJFUUlEUFdtWWdNODd6ZFZmSkdtQ2piNDVQSkJHOGdDQ2l4dlByYWQ?oc=5"" target=""_blank"">Only 20% of grocery buyers routinely consider environmental impacts when shopping</a>&nbsp;&nbsp;<font color=""#6f6f6f"">Equities.com</font>",Environment
"Indigenous Peoples sidelined in global climate fight, UN warns - UN News <a href=""https://news.google.com/rss/articles/CBMiV0FVX3lxTFBTZlFRRWRkZkFGLWRHV2lJSHZYRkFiM1JLVDdBY1BudXNNY1NMVTRjMnIyTk1wcDhlaWxRcUZVbnBtNjZEcGxqNDcxUXpIN1V5R1VURy1nZw?oc=5"" target=""_blank"">Indigenous Peoples sidelined in global climate fight, UN warns</a>&nbsp;&nbsp;<font color=""#6f6f6f"">UN News</font>",Environment
"PCBs - a forgotten legacy? - UNEP - UN Environment Programme <a href=""https://news.google.com/rss/articles/CBMiqAFBVV95cUxOMzZuVUxUSFB0VTZmUzJFTVNRYVhYMXo4dnIwV0VQZTZiSlNhbTM3U1N4VVhvTzZqSDBLZ2VrOU44Y3dCSUZCVms0ZzhwMzl0TVdZUTNSNS1BTFM0cF8yemduZmlpbFoyOUN2RzdiUlR3aV9FTUZPbVl3dGNxVFlUcGJvcS1VUTlSTGFyVXZJaDlnVXdocmZHNEZHUEU2ZVNGQjBsVVRCLUY?oc=5"" target=""_blank"">PCBs - a forgotten legacy?</a>&nbsp;&nbsp;<font color=""#6f6f6f"">UNEP - UN Environment Programme</font>",Environment
"Fast Fashion: Its Detrimental Effect on the Environment - Earth.Org <a href=""https://news.google.com/rss/articles/CBMiekFVX3lxTE1mRzVZT3JLSWxpeURyRHRVTXQ4Zl9YLUE3QXg4SjZJSVlHSTVveTJ1RzdUbjhkcEo2eXFFbVIxZldzcmV4clR2OHc4WWZxWXZJcWdoTWVTX1VnQVU2eFNxYnlZOHFUWXVCOE1zZnhZRHo3OTR3aUZYVUVB?oc=5"" target=""_blank"">Fast Fashion: Its Detrimental Effect on the Environment</a>&nbsp;&nbsp;<font color=""#6f6f6f"">Earth.Org</font>",Environment
"2ND YEAR ANNIVERSARY: HC ENVIRONMENT BRIEFS THE MEDIA - Lagos State Ministry of The Environment <a href=""https://news.google.com/rss/articles/CBMigwFBVV95cUxOczJmbTE0TkJyam44QkNWcFdnZ0x3RW5UMEFYZWZfeVNKcHA4dVJhdC14QTBBdXdLSE52OFI3X0RpNk9PUmRPb21vVzBXREFyYWhLSUNLOFZoTm9rSEQ0UE5CeVUwRWlmLXZLc2I1TzF6SWtHU21seEs4WUNKbW9LOW1qOA?oc=5"" target=""_blank"">2ND YEAR ANNIVERSARY: HC ENVIRONMENT BRIEFS THE MEDIA</a>&nbsp;&nbsp;<font color=""#6f6f6f"">Lagos State Ministry of The Environment</font>",Environment
"Sources of Greenhouse Gas Emissions | US EPA - U.S. Environmental Protection Agency (.gov) <a href=""https://news.google.com/rss/articles/CBMic0FVX3lxTFBwUDl5M3RodFJXMzhDb3dCOHAyR3ducldqMmVqWFhZSFR4NFhjeGQ4aXBKa0Q0dFVhR2VDTlZtX05tYmxZRmNPN3VRRlNLZ0l5QXZsWVEyUVpDZGZJX0hNcDY2Z2dGUzJjaGw4MEJQRVhvTjA?oc=5"" target=""_blank"">Sources of Greenhouse Gas Emissions | US EPA</a>&nbsp;&nbsp;<font color=""#6f6f6f"">U.S. Environmental Protection Agency (.gov)</font>",Environment
"Area students test environmental knowledge - lewistownsentinel.com <a href=""https://news.google.com/rss/articles/CBMiowFBVV95cUxOcldvc1RoclN6OWhjSzZRZW92eGFSRGVybDlxakY3UjJpQkxZNzlhRk9zMFlLTXNHLWFmM1VLdnU3cExoTzlkVERSSVhkQ1BYX1o1VWNrTWFrNS14eUVvN0xsSTdCR0J3Q3B4Rzc3Nmp1ck1KSVJJMmZsNk1nQ09hV2lRNzhmVENnTjd0UzY1STBuUUdSYlpvZ0VlZ1Y1N2VsbGpV?oc=5"" target=""_blank"">Area students test environmental knowledge</a>&nbsp;&nbsp;<font color=""#6f6f6f"">lewistownsentinel.com</font>",Environment
"Chemicals - European Environment Agency <a href=""https://news.google.com/rss/articles/CBMiZEFVX3lxTE1uTlljV0U2QXhsY004c3YzRURpalZ6R18xQ19VdTgyS2Q2bXlUQ1laRE5ldTBzOEhJRi1yZlBKSXlQVE4tRldFTlhUbEp3MUpTdTVFRmhzejEwaU15QXhEY2lfZDI?oc=5"" target=""_blank"">Chemicals</a>&nbsp;&nbsp;<font color=""#6f6f6f"">European Environment Agency</font>",Environment
"HDFC, ICICI flag growth slowdown, uncertain macroeconomic environment - Mint <a href=""https://news.google.com/rss/articles/CBMiiAJBVV95cUxNVkZZc2Exd1c0enpJZkhhay1mR0FHSGtQQlhuczFoZUcxM3VRS1lUdC1qcnNpN3dOYWZIbm5iUFNlb2V4c3hkNjM1dVBPSjNMTUoyZzJnQjJCYkU2SDFfRVdfN2loTUV1bGxxNzBoR21IRk1TUTdleGpkYURObVlrbkxJRkk4WlR3M2dyRmtDNTlPT0Z5TFhaTm8tSDNtZUVMNjgyUjBKQy1rRWVmdWdYZ3VuRnUzczlubTZ6ZXlDckQ4NFJzXzlTN3lLSFBlbmxzaVNYZVgyaFpUMzdESE9Nakw2Xy1qYmxWbzhxNEdqRVpqSFk2MDQxaTJJQnNNeS1JalZsSlFSclU?oc=5"" target=""_blank"">HDFC, ICICI flag growth slowdown, uncertain macroeconomic environment</a>&nbsp;&nbsp;<font color=""#6f6f6f"">Mint</font>",Environment
"Data, Digital Technology, and the Environment - Geneva Environment Network <a href=""https://news.google.com/rss/articles/CBMipgFBVV95cUxNOXgtOXRidnZ2RHFxeUVxQUJrTVRRWDJ6andDZlczN3ZxdHpDX3hWYlNMbmxiRFNOQVY1MUNub19BejJPV2o2cjNUUl9wd2ExM1BVOW9WSlVzc0xEbVczbWQzWVo0YVZWSEFFMkpSWHpQR1BQV2NvUnlHbE0xS29DZUpIV2s4dFJMMnNTOXNyZ0hEdUVJaU9wMDJISk41V25ZZFh5aXBB?oc=5"" target=""_blank"">Data, Digital Technology, and the Environment</a>&nbsp;&nbsp;<font color=""#6f6f6f"">Geneva Environment Network</font>",Environment
